latitude,longitude,city,provider,signal_strength,download_mbps,upload_mbps,latency_ms,plan_mbps,technology,coverage_type
18.85443516807022,72.94890649681436,Mumbai,airtel_xstream,-57.67749111081326,35.19417039534461,15.757897552587428,27.71231016947875,40,FTTH,medium
18.691184587832282,72.53371502924237,Mumbai,airtel_xstream,-51.73765674640986,105.71084475956245,49.42416931097576,42.50732334214637,100,FTTH,high
19.406819120593877,73.17576563419928,Mumbai,airtel_xstream,-59.541418188451956,97.12919677078963,42.885318855845284,36.82085859736314,100,FTTH,medium
19.545859141705392,72.38872439624413,Mumbai,airtel_xstream,-52.75434643556511,41.36076069473686,19.197687182869412,49.58360543641747,40,FTTH,high
19.052275444932917,72.81380323335264,Mumbai,airtel_xstream,-52.186758752978264,95.55909103048742,44.53475415863883,16.74981032495655,100,FTTH,high
18.69529419015361,72.46176166526797,Mumbai,airtel_xstream,-47.916596540183406,96.24088719191974,46.22238192868022,36.11403432826014,100,FTTH,high
18.748592328036107,73.13442577417469,Mumbai,airtel_xstream,-54.733202949504445,293.5005144920061,134.29291852330078,37.349803500278135,300,FTTH,high
19.354087098517972,72.87812296186455,Mumbai,airtel_xstream,-52.47559578294505,284.62270240353627,132.37270993167178,34.67828101038153,300,FTTH,high
18.72109573698949,73.0109360484196,Mumbai,airtel_xstream,-60.39806587901958,169.70001058483803,74.4428320443851,40.91862218570602,200,FTTH,medium
18.959234248359365,72.45491360534625,Mumbai,airtel_xstream,-53.308317456065936,95.17497168557566,43.999923197145904,35.85968949095493,100,FTTH,high
18.6912500008564,72.86589101034247,Mumbai,airtel_xstream,-53.54091631901628,40.48343205676662,18.684329689470893,41.072158825225664,40,FTTH,high
19.184182557821508,72.60408937430245,Mumbai,airtel_xstream,-46.391647143969166,39.652442890730406,19.245756320123615,28.30039734894051,40,FTTH,high
19.56868947464124,72.4598698487683,Mumbai,airtel_xstream,-61.28635963371597,101.7110019398368,44.31671776286082,40.313746651776434,100,FTTH,medium
18.806365453853104,72.97940496419596,Mumbai,airtel_xstream,-56.7927717857788,89.49510905616515,40.334618780711786,34.14327097403643,100,FTTH,high
19.47666012474023,72.61554082802326,Mumbai,airtel_xstream,-59.722090847370374,40.34894469254295,17.79091346814891,44.292982841654734,40,FTTH,medium
19.262815554026425,73.24069078423018,Mumbai,airtel_xstream,-59.34615945769328,948.027070161036,419.1981059831076,39.852583431221724,1000,FTTH,medium
19.546188298384145,73.33842019364289,Mumbai,airtel_xstream,-57.24986395525108,104.15885010730784,46.784730740747804,44.174685358774234,100,FTTH,medium
18.891034732342195,73.24107042355138,Mumbai,airtel_xstream,-53.85786695377987,36.95550608696097,17.017041462184537,35.67316442493086,40,FTTH,high
18.710925579201625,72.74851301937616,Mumbai,airtel_xstream,-55.91288990975876,301.5863754690753,136.8067276005896,38.522941170874965,300,FTTH,high
19.06124308559448,73.18562144004315,Mumbai,airtel_xstream,-49.63350381855615,35.93616405079427,17.053685873710474,29.282407187005102,40,FTTH,high
18.869434916284487,72.94578164356857,Mumbai,airtel_xstream,-53.460871876214995,36.9328492261412,17.055482436389365,28.787625275449894,40,FTTH,high
18.750818592215,72.46362455314436,Mumbai,airtel_xstream,-57.88343874669534,86.83348886373085,38.81936309343569,40.30592063280515,100,FTTH,medium
19.341778028504187,72.88571894927166,Mumbai,airtel_xstream,-52.66336807359499,87.71826682354032,40.74122619204607,28.62146393134854,100,FTTH,high
19.360728441008433,73.19103031018372,Mumbai,airtel_xstream,-50.197810404647015,205.05534060546572,96.92432095358643,36.147610564560935,200,FTTH,high
18.772223102532962,72.8504751511397,Mumbai,airtel_xstream,-54.11230721183039,183.18951120391972,84.19859680967012,30.054487575461554,200,FTTH,high
18.854008091798026,72.49871426625674,Mumbai,airtel_xstream,-58.91193150456916,96.92444149090629,42.99828902674371,41.10971571596675,100,FTTH,medium
18.933443418636728,73.29522934141197,Mumbai,airtel_xstream,-54.91042504425671,193.9675930034618,88.63644960011061,33.67034240549906,200,FTTH,high
19.25594093884021,73.11650303447384,Mumbai,airtel_xstream,-51.47852495132616,98.69218222001277,46.227903404428986,26.506409035823538,100,FTTH,high
18.814233878489425,73.03753664876767,Mumbai,airtel_xstream,-52.450857986169225,92.84961499308514,43.1902803619985,38.03531221681779,100,FTTH,high
19.145503906435287,72.64796632714726,Mumbai,airtel_xstream,-53.599544119466174,37.52525330856461,17.311707216459506,29.93679475471957,40,FTTH,high
19.176172467366914,73.11223313137877,Mumbai,airtel_xstream,-57.532005976754256,86.29876160120186,38.681404530679735,27.053815392056435,100,FTTH,medium
18.963799147006096,72.8820226332433,Mumbai,airtel_xstream,-47.75618555755057,91.45690020414082,43.973640475092346,19.565161033365,100,FTTH,high
19.113969452093745,72.78909121823634,Mumbai,airtel_xstream,-54.50679530253812,88.53869000095469,40.57822742648795,20.975050765864687,100,FTTH,high
18.944320147776782,72.64075069775323,Mumbai,airtel_xstream,-47.281686459959445,40.58828575931754,19.57956088189893,25.17920218064925,40,FTTH,high
19.22698917701119,73.25299220156859,Mumbai,airtel_xstream,-56.3614929183693,35.87250236421625,16.2189755532152,32.46122794829208,40,FTTH,high
18.858057936279053,73.37534279810745,Mumbai,airtel_xstream,-55.82507764693715,41.67622173648457,18.917520863116053,39.44065514884113,40,FTTH,high
18.83823302525069,72.84536462368457,Mumbai,airtel_xstream,-47.70827564608258,90.38105043954393,43.47079205613393,32.52335095172522,100,FTTH,high
19.521302426038723,73.23109944914387,Mumbai,airtel_xstream,-55.800415285924586,93.40646373167755,42.40640523288276,39.36468691622967,100,FTTH,high
19.078929332915123,73.08633160947466,Mumbai,airtel_xstream,-54.799857218824286,306.3948774612261,140.12473645033685,24.02087943798197,300,FTTH,high
19.02159230560117,72.7116728960141,Mumbai,airtel_xstream,-49.44834643698238,88.51465607175027,42.05970195863265,22.092572142838662,100,FTTH,high
18.740794005825396,72.56255058739562,Mumbai,airtel_xstream,-56.202858168262516,917.9393388307618,415.51179529377424,33.001702236136005,1000,FTTH,high
18.949371162500398,73.10712267621876,Mumbai,airtel_xstream,-53.50809522806813,192.56338944938926,88.89490198061749,32.4157812461954,200,FTTH,high
18.8845025058503,73.16024602832738,Mumbai,airtel_xstream,-45.26633957768726,295.8213346456513,144.68982421190108,31.26085192226946,300,FTTH,high
19.067873635420536,73.11994314949128,Mumbai,airtel_xstream,-50.96109411614327,40.36392440791003,18.976279118901097,26.844841560112616,40,FTTH,high
18.935836560439995,73.35573970570876,Mumbai,airtel_xstream,-56.7839027510594,91.74036044910623,41.34924500046404,43.274647637839145,100,FTTH,high
19.219685255399128,72.97965377881552,Mumbai,airtel_xstream,-43.54560187512517,40.755640138558825,20.1678467565458,19.763770418835545,40,FTTH,high
18.90309111090786,72.76750458488242,Mumbai,airtel_xstream,-50.04181346191184,38.045259235697884,18.002786691570403,23.543163683413685,40,FTTH,high
18.798330069363345,73.03722705021117,Mumbai,airtel_xstream,-56.95418956253744,174.36625421123318,78.49144037633535,39.578894745124565,200,FTTH,high
18.627482710592847,72.67373952240808,Mumbai,airtel_xstream,-54.28912979067004,36.83280759127677,16.907593285491792,39.820474069305206,40,FTTH,high
19.056022915846377,72.68842431080229,Mumbai,airtel_xstream,-50.532271405929194,103.66875298551034,48.88594337013314,32.468868598959936,100,FTTH,high
18.772782991621806,73.1282264586271,Mumbai,airtel_xstream,-53.886951306031825,36.256858214528016,16.691817413578026,32.83805193259742,40,FTTH,high
19.547838163228107,72.57797104113828,Mumbai,airtel_xstream,-57.05086116066632,97.74010243913789,43.96647551409971,39.639063582445196,100,FTTH,medium
18.914461764294128,73.16752710490461,Mumbai,airtel_xstream,-52.24747278461741,92.23632858020854,42.96753340050854,34.38338736587099,100,FTTH,high
18.859057791562872,72.6218882578757,Mumbai,airtel_xstream,-55.90900290097193,38.167824972618654,17.314324525416186,33.99780565255752,40,FTTH,high
19.103768011081954,73.02175627725543,Mumbai,airtel_xstream,-44.93212640384505,40.709602633656175,19.956915647587476,28.473551924500924,40,FTTH,high
19.471254379446158,72.78597889362473,Mumbai,airtel_xstream,-54.153016969536864,103.80572200721573,47.69768533331214,30.139140721626205,100,FTTH,high
18.74780493202269,72.83918334289349,Mumbai,airtel_xstream,-54.07662615670169,101.65197072222372,46.73394253276425,25.75536102581976,100,FTTH,high
19.491120929981673,72.3837627563192,Mumbai,airtel_xstream,-52.59363230660508,39.742997735003826,18.468089851612348,49.941679824714434,40,FTTH,high
18.70117295848657,73.31093912818868,Mumbai,airtel_xstream,-55.68010403931577,93.64322421645338,42.551448608699836,39.941563676099314,100,FTTH,high
19.47788898848959,73.28449393070437,Mumbai,airtel_xstream,-62.019706913961556,95.10492522435894,41.205886848626484,42.60665592067468,100,FTTH,medium
19.316412649133415,72.39676153222217,Mumbai,airtel_xstream,-61.971818617791705,40.89888276871082,17.72669115659868,38.052909968409054,40,FTTH,medium
19.41260231804957,72.54147122995282,Mumbai,airtel_xstream,-59.40629988377714,33.91145717154263,14.988151942358861,39.654029309858394,40,FTTH,medium
18.714585815391594,73.00171031448218,Mumbai,airtel_xstream,-54.990298158803476,36.59175387600425,16.71141762799263,37.013145708949324,40,FTTH,high
19.574228123119365,72.44698530493737,Mumbai,airtel_xstream,-55.67015661925112,100.84282857833962,45.82629008718916,49.65495305839996,100,FTTH,high
19.4157961348831,72.41276691885001,Mumbai,airtel_xstream,-60.626124876183766,39.61877374934701,17.349572783684806,47.588547192030234,40,FTTH,medium
18.60043645053569,73.22963899094181,Mumbai,airtel_xstream,-56.98475237885257,41.33559195042052,18.60311727584245,53.87508911106703,40,FTTH,high
18.72450800626354,72.60295007434307,Mumbai,airtel_xstream,-53.50933906895822,105.15369727164838,48.54268344831089,40.04514068307904,100,FTTH,high
19.22994564734553,73.20867210893587,Mumbai,airtel_xstream,-54.965969860573814,88.66223748488976,40.49914574577782,36.09618516949154,100,FTTH,high
18.665641106679875,73.11882529180893,Mumbai,airtel_xstream,-54.801190308651094,38.29692225509612,17.51430716080439,37.29702504297889,40,FTTH,high
18.975791499361517,72.94936707381454,Mumbai,airtel_xstream,-48.46453479210238,96.11906595644086,45.988316158021114,20.585608849017266,100,FTTH,high
19.40167976382338,72.95678388974497,Mumbai,airtel_xstream,-58.6063944100257,899.5458265933948,399.97887067568905,39.73480700603216,1000,FTTH,medium
18.84160451745244,73.1415965947887,Mumbai,airtel_xstream,-55.410733537763,100.65309358028298,45.82710739761916,38.35076571008893,100,FTTH,high
19.131911236048737,73.09437473075097,Mumbai,airtel_xstream,-54.66005742309506,91.44430065595672,41.863183336914425,30.526864112083764,100,FTTH,high
19.052121753265823,72.96253550703031,Mumbai,airtel_xstream,-52.80264641664797,302.5312134589377,140.371814299481,18.395646325551315,300,FTTH,high
18.732880229768472,72.758844229537,Mumbai,airtel_xstream,-52.09689547867363,37.85773782847782,17.65471684119501,29.67008762165669,40,FTTH,high
19.20349625433384,72.71125059288264,Mumbai,airtel_xstream,-50.30929765586734,36.807872779237314,17.384444486278724,29.262204344405287,40,FTTH,high
18.733744993584907,72.69881545091327,Mumbai,airtel_xstream,-45.9351416316064,100.7652208740182,49.06085905141122,42.70816020223185,100,FTTH,high
18.742736358208884,72.72581291126609,Mumbai,airtel_xstream,-59.721520504699974,88.04080525260432,38.81967950785441,31.56105211490172,100,FTTH,medium
19.444465471229794,72.56020598793134,Mumbai,airtel_xstream,-56.7267956955897,94.64784120302949,42.677722533429304,42.95395688023888,100,FTTH,high
18.92966815815672,73.19366172550774,Mumbai,airtel_xstream,-57.969556361722674,303.10604234639936,135.41812441710127,26.785959218428935,300,FTTH,medium
19.066765893639005,72.59490083280775,Mumbai,airtel_xstream,-54.00947769468258,41.19375749523774,18.947827041621466,41.59465935373289,40,FTTH,high
18.680489241641062,73.31339424612867,Mumbai,airtel_xstream,-52.8204014987998,282.914121083544,131.25291260909196,47.537907675182645,300,FTTH,high
18.960540763689124,72.67878977656156,Mumbai,airtel_xstream,-53.23394913080592,104.17020021348131,48.18429100626026,31.99327519188994,100,FTTH,high
19.562796824461355,73.34484376724943,Mumbai,airtel_xstream,-59.79080442893885,90.91054662423439,40.064034127051585,50.296261898377765,100,FTTH,medium
18.668871986947263,73.12324081371983,Mumbai,airtel_xstream,-51.08639980526021,181.89370202285124,85.43765468263065,37.3773544932493,200,FTTH,high
19.147609893285107,72.80684939669604,Mumbai,airtel_xstream,-52.05542091403599,91.0300246758552,42.46386162482491,23.26294812898467,100,FTTH,high
19.145146685051586,72.64648573267951,Mumbai,airtel_xstream,-55.027606378397415,90.78974205423818,41.45229428485626,29.667358088953392,100,FTTH,high
18.763555899856172,72.43989350445412,Mumbai,airtel_xstream,-50.89325255733162,278.91041042517304,131.18713614331958,38.83914702144876,300,FTTH,high
19.30282797880816,72.42435656814558,Mumbai,airtel_xstream,-54.39508685639231,41.740823518139685,19.145807982520896,39.04136271701918,40,FTTH,high
18.680359737479282,73.09791421023232,Mumbai,airtel_xstream,-48.37974962624615,1021.5424459506489,489.04727284949695,37.60216944922532,1000,FTTH,high
19.211833939015637,73.23602890274475,Mumbai,airtel_xstream,-56.7447152693287,100.81358056665019,45.45189848086914,24.289025881785243,100,FTTH,high
19.29298611583094,72.63022374735543,Mumbai,airtel_xstream,-45.73425329037531,104.04292068645238,50.726384946847375,33.950773849400136,100,FTTH,high
19.496400099007754,72.6721963901608,Mumbai,airtel_xstream,-49.47845320462637,41.77478081703143,19.8460212636034,35.81573067875733,40,FTTH,high
19.10532537099125,72.40577180435508,Mumbai,airtel_xstream,-54.53041513929915,40.93844142591898,18.75930182555067,39.00827445465427,40,FTTH,high
19.316701334044772,72.92919517981882,Mumbai,airtel_xstream,-56.19447130643612,98.42278637798701,44.55452846518741,29.87648374611003,100,FTTH,high
19.415315077678923,72.7295326293665,Mumbai,airtel_xstream,-52.718769484808256,35.54645256348145,16.503178844971963,34.61684971070141,40,FTTH,high
19.47458451871361,73.0519938196372,Mumbai,airtel_xstream,-50.66122534505173,41.121569824847654,19.37357430310621,40.43952779654891,40,FTTH,high
18.709708287276722,72.40552500299715,Mumbai,airtel_xstream,-59.66425206797831,88.87389870018386,39.20397952041187,47.01325229026021,100,FTTH,medium
18.62851367698586,72.45351429542353,Mumbai,airtel_xstream,-52.078439307948365,318.1130875649723,148.36959896219403,43.84073174056288,300,FTTH,high
18.87096232367476,73.14853717175974,Mumbai,airtel_xstream,-51.66398220092361,88.30840981956125,41.30950190748693,38.346769776522954,100,FTTH,high
18.951345918405604,73.02481967097228,Mumbai,airtel_xstream,-52.445841663900914,98.83187529714735,45.97466391290567,24.823885752003964,100,FTTH,high
19.49509757134292,73.00748665512955,Mumbai,airtel_xstream,-57.537847006278355,188.38019049771245,84.43335331896613,37.62973568566194,200,FTTH,medium
18.896446445792776,72.93480734482154,Mumbai,airtel_xstream,-50.702419130171265,103.09026435215216,48.55468321396747,23.370480408359498,100,FTTH,high
19.518900236849593,72.86125463109336,Mumbai,airtel_xstream,-57.09321131171346,95.27457607223077,42.843957005141725,36.509291294201105,100,FTTH,medium
19.32696919086434,72.91882470385303,Mumbai,airtel_xstream,-48.423721795225724,106.25654714420484,50.853065246183554,31.000476572767216,100,FTTH,high
19.20755816130306,72.7095726987245,Mumbai,airtel_xstream,-51.30666840515071,39.44222865581012,18.497528517039196,23.562726598565163,40,FTTH,high
19.30299218553347,72.67182212893131,Mumbai,airtel_xstream,-53.27958481280784,184.573634199321,85.34710389579578,25.657053057537414,200,FTTH,high
18.874044827182004,73.01608051895843,Mumbai,airtel_xstream,-49.24450602935525,99.14937277251123,47.18039229006479,25.175555842481312,100,FTTH,high
18.9303125708048,72.61121653858912,Mumbai,airtel_xstream,-49.00879149279186,35.97158767877451,17.14540264703655,30.870802262628516,40,FTTH,high
19.21402966538115,72.45199548385004,Mumbai,airtel_xstream,-58.28256131876136,194.5882653069025,86.73281478088111,42.303403217413845,200,FTTH,medium
19.009985740272068,73.12111719562104,Mumbai,airtel_xstream,-54.01671107400139,182.06046186254332,83.73767103726688,28.202988355483765,200,FTTH,high
19.476962748658796,72.73336623835871,Mumbai,airtel_xstream,-53.9148411376234,90.37227464068688,41.59689966837859,45.217115311632256,100,FTTH,high
19.316753788705096,73.10019831847865,Mumbai,airtel_xstream,-52.37497203018402,92.40777842223018,43.00812882277482,28.305288648110626,100,FTTH,high
19.28769617410831,73.15530635819539,Mumbai,airtel_xstream,-57.99131178258859,36.12815578368564,16.13828921428666,33.2299556033258,40,FTTH,medium
18.63024941483892,72.83932301521438,Mumbai,airtel_xstream,-60.29894170864594,97.68620066375904,42.88458669292879,41.04861935758874,100,FTTH,medium
18.72004559596951,72.54940007223063,Mumbai,airtel_xstream,-55.71223772394029,96.82049156829063,43.98482712770146,43.65391506762152,100,FTTH,high
18.719359250723812,73.22468672371865,Mumbai,airtel_xstream,-49.997385627647226,90.8793624793351,43.017023548527625,39.985853596379215,100,FTTH,high
18.82166363366277,72.56229659231705,Mumbai,airtel_xstream,-47.54818171594123,95.18468891406982,45.832004621466254,32.00152868049086,100,FTTH,high
19.126120080434887,72.9988894491374,Mumbai,airtel_xstream,-47.16104540413225,89.4963826630612,43.208541683431754,21.335586098099864,100,FTTH,high
19.393657994607725,72.49041976584199,Mumbai,airtel_xstream,-54.31876177599006,41.88092993870069,19.22072763977773,38.1722525961101,40,FTTH,high
18.72950122453955,72.88091263371318,Mumbai,airtel_xstream,-46.58234412542498,107.3563507623538,52.03836290370044,31.446514649739626,100,FTTH,high
18.691135712104103,72.43992919540639,Mumbai,airtel_xstream,-61.767314947600994,194.6438162387998,84.49662272541546,46.75455803592251,200,FTTH,medium
18.737173993152197,72.48863384718112,Mumbai,airtel_xstream,-56.070981373217805,38.4160599326712,17.406191087185483,33.19204356232553,40,FTTH,high
19.24047941044651,72.55877818924168,Mumbai,airtel_xstream,-50.05376593222689,104.75194743602361,49.563814832696245,37.49932495195767,100,FTTH,high
19.219948519477402,72.84386414082805,Mumbai,airtel_xstream,-44.23904183586134,42.62693442442166,20.995322247174837,25.227520785504957,40,FTTH,high
18.654858023602948,72.72598597311796,Mumbai,airtel_xstream,-48.65065943735962,89.18483394278478,42.61529044628928,31.837715739385796,100,FTTH,high
19.29656174611757,72.88258016901689,Mumbai,airtel_xstream,-54.926079029377426,101.84010452677474,46.53207479847688,33.19441326058848,100,FTTH,high
19.075854638586183,72.93577639602884,Mumbai,airtel_xstream,-49.38030583387133,37.44688669003812,17.802211757356368,21.91543328113903,40,FTTH,high
19.21344686795462,72.56094985289876,Mumbai,airtel_xstream,-49.37533826931514,100.69946411933692,47.874090021605554,36.35604108067185,100,FTTH,high
18.610177783461406,73.07037815135712,Mumbai,airtel_xstream,-58.086710015800016,38.10727215340089,17.01023395461734,33.889071986758424,40,FTTH,medium
18.77716987090822,72.43018967583701,Mumbai,airtel_xstream,-58.14291316595545,87.79043778551265,39.17124084618051,36.713912058667404,100,FTTH,medium
18.582408868332756,73.15353637707396,Mumbai,airtel_xstream,-60.56527337920393,182.55571816976686,79.98053636902134,41.83366767902944,200,FTTH,medium
19.29611446155117,72.99780555943673,Mumbai,airtel_xstream,-47.75013596470323,37.68110016982458,18.11831192065865,22.792920055153278,40,FTTH,high
18.671930456688344,73.04033182828486,Mumbai,airtel_xstream,-55.7963624632951,192.8117669264881,87.53888005089004,37.000014387115314,200,FTTH,high
18.81996650538434,72.47855253925405,Mumbai,airtel_xstream,-56.09313254560748,187.99775393979598,85.1672860880645,37.401058458806304,200,FTTH,high
18.926084063925703,73.27451665861908,Mumbai,airtel_xstream,-55.367261168568334,103.24255307197535,47.021042633911435,34.713659211780126,100,FTTH,high
19.176591479038343,72.56766205870814,Mumbai,airtel_xstream,-59.80049158176815,40.0057608988291,17.629139749075094,28.545870798730896,40,FTTH,medium
18.910435617340877,73.03175253182678,Mumbai,airtel_xstream,-48.02302315047546,93.93121149942498,45.07977287833501,28.67569476993567,100,FTTH,high
19.158736956104228,72.58821471504356,Mumbai,airtel_xstream,-53.01926731765838,37.08717824294787,17.18134401775165,29.41088231614965,40,FTTH,high
18.862341125389936,72.79500650443144,Mumbai,airtel_xstream,-45.22277587047451,107.95418677303618,52.81738622568862,22.269121555884162,100,FTTH,high
19.183495467469015,73.26101589462958,Mumbai,airtel_xstream,-53.374337311014045,86.86382303003646,40.13851677079201,33.50117762343441,100,FTTH,high
18.8520665519223,73.19379680642118,Mumbai,airtel_xstream,-55.573107918767,92.22582184086163,41.94027414462083,41.80737947094776,100,FTTH,high
19.495077658394575,73.10432156697821,Mumbai,airtel_xstream,-56.13863525265621,97.90624615493371,44.33892073299558,39.83739928271437,100,FTTH,high
19.046494035447356,73.30975542959926,Mumbai,airtel_xstream,-56.475358383729,35.37593822751543,15.981037833744562,39.62768457231326,40,FTTH,high
19.251736975089553,72.71594405266315,Mumbai,airtel_xstream,-50.45203950893117,94.55556414144424,44.61382419101291,28.851330986888364,100,FTTH,high
19.176631174424106,72.58919330189477,Mumbai,airtel_xstream,-57.463088884152484,39.74481597964249,17.823815915896258,36.11353802333744,40,FTTH,medium
19.37089147654589,72.6821001490807,Mumbai,airtel_xstream,-60.042407785742206,89.02909896032419,39.160218452697535,30.2921763220719,100,FTTH,medium
19.488434853778124,72.67181681916297,Mumbai,airtel_xstream,-58.23922810115815,188.474044648358,84.03477898353717,35.957054093200874,200,FTTH,medium
19.09730790899531,72.96876247721383,Mumbai,airtel_xstream,-44.238202894332204,39.82659443642875,19.616163888417674,21.949836559184916,40,FTTH,high
18.729717133503183,73.19952622137828,Mumbai,airtel_xstream,-62.5075989408693,36.90759116921405,15.930841992700987,43.32614876213879,40,FTTH,medium
18.60212705655783,72.39970383685667,Mumbai,airtel_xstream,-56.6291208385176,104.41783443742985,47.11711349310997,49.831199045840826,100,FTTH,high
19.21704282658226,72.68558244289333,Mumbai,airtel_xstream,-49.24338639488189,39.65577940342394,18.870415925014644,28.288994324380536,40,FTTH,high
19.371580643140383,73.31404601130951,Mumbai,airtel_xstream,-42.0,98.34465685567051,49.172328427835254,41.89967332616439,100,FTTH,high
19.480301933200195,72.51033453939668,Mumbai,airtel_xstream,-63.13016552075948,39.64060311638478,17.02825987421924,50.271489281383474,40,FTTH,medium
19.55671823469792,73.1694943372541,Mumbai,airtel_xstream,-56.750714921446736,90.03687009414122,40.59140770314391,43.14871393250442,100,FTTH,high
19.27211422947266,72.74531922057713,Mumbai,airtel_xstream,-53.42888591240494,37.13061241154333,17.150767762074146,24.9457280656129,40,FTTH,high
19.04082012664888,72.7695273697655,Mumbai,airtel_xstream,-48.345282132059204,94.3224524399494,45.16621764624398,16.65063504697312,100,FTTH,high
19.29533217521581,72.65430619647745,Mumbai,airtel_xstream,-51.84430868228726,307.76448790193206,143.7831485497904,29.04214428343072,300,FTTH,high
18.99582083612189,72.58267158207634,Mumbai,airtel_xstream,-59.57197623293555,87.73128829918475,38.7269371066654,34.546630775721894,100,FTTH,medium
19.102156602099047,72.8694553660815,Mumbai,airtel_xstream,-48.39934786908708,89.29443766133676,42.74246493277036,19.127500669534875,100,FTTH,high
19.37746107544699,73.28469943276086,Mumbai,airtel_xstream,-56.621822943845125,95.62449051077682,43.15156402424182,38.42842352920546,100,FTTH,high
18.707291156929287,72.88489461979731,Mumbai,airtel_xstream,-54.07315618189425,34.753951194688135,15.978342661639399,26.009935595446564,40,FTTH,high
19.564910750279353,72.8899244966118,Mumbai,airtel_xstream,-59.446556356929605,97.95683116111896,43.28171766256381,41.89115044381678,100,FTTH,medium
18.67247161609964,73.12265567038652,Mumbai,airtel_xstream,-54.73061699203951,98.17393722724475,44.92091930215376,42.98727325726043,100,FTTH,high
19.396362623857314,73.0122341783122,Mumbai,airtel_xstream,-55.387575372368595,89.25117617217632,40.64273192582963,29.099406030670895,100,FTTH,high
18.855424270688957,72.58907778474438,Mumbai,airtel_xstream,-50.65558810319088,102.21073198826079,48.156386008076986,36.51907022897207,100,FTTH,high
18.7561875484575,72.45704454777311,Mumbai,airtel_xstream,-59.49013573157981,88.65639603451838,39.15949001687112,41.16746676614495,100,FTTH,medium
19.564602691010013,72.79257594593061,Mumbai,airtel_xstream,-48.03323970389764,190.8745418558637,91.59863137997161,43.39932527845291,200,FTTH,high
18.76098538747378,72.46527382588705,Mumbai,airtel_xstream,-59.364288122766226,949.2367682317564,419.67564831487925,45.83922059874253,1000,FTTH,medium
19.024377285616435,73.0684291054868,Mumbai,airtel_xstream,-54.33790151229049,99.09101215695031,45.47025558265638,20.417030526773893,100,FTTH,high
19.029620967613393,73.10565747789991,Mumbai,airtel_xstream,-50.5221633373401,39.02315206742029,18.403037114188756,29.941416182790004,40,FTTH,high
19.377553036345986,72.68762400850788,Mumbai,airtel_xstream,-53.04589637872883,38.302041236707524,17.740752689705527,39.79799548604731,40,FTTH,high
19.3043927093842,72.52956714120262,Mumbai,airtel_xstream,-58.013127887831885,200.34657467031326,89.479369594874,32.788424683085594,200,FTTH,medium
19.5496238082631,73.16422350849683,Mumbai,airtel_xstream,-56.51575076879839,37.150192171869456,16.777552984001986,45.856925945523685,40,FTTH,high
18.714332487208587,72.93072588508451,Mumbai,airtel_xstream,-50.57375255103287,184.93370865314043,87.1816014721141,35.10225471678985,200,FTTH,high
19.553414016990466,72.77777288764048,Mumbai,airtel_xstream,-54.158792897526595,40.250358994701664,18.493860233791917,39.339926768039234,40,FTTH,high
19.088097344182778,73.12055182935703,Mumbai,airtel_xstream,-52.87188537298327,34.84131910921572,16.158023462611443,30.98040877484013,40,FTTH,high
19.17894365078915,72.53934836092021,Mumbai,airtel_xstream,-58.97179253125867,33.998078497211345,15.075678132885281,36.53820329015719,40,FTTH,medium
19.370142607832125,73.31106655416723,Mumbai,airtel_xstream,-59.417275107236215,181.39442982218492,80.1658926206483,36.3580519922568,200,FTTH,medium
18.643482342413602,72.73681360067286,Mumbai,airtel_xstream,-59.489973578905776,100.34503605891135,44.32241126463998,39.24231295882295,100,FTTH,medium
18.712990883687567,73.36716941374634,Mumbai,airtel_xstream,-55.99857518432065,41.343522653532865,18.742593292599288,42.746120867161714,40,FTTH,high
19.032976638116423,72.96791338373377,Mumbai,airtel_xstream,-52.054476850609966,100.12328742232323,46.70601945917922,23.435840525011095,100,FTTH,high
19.019495117467585,72.55137689208803,Mumbai,airtel_xstream,-56.649421419327524,173.85512077893597,78.43797062213892,38.66019605459803,200,FTTH,high
19.56504090859665,73.3135150154246,Mumbai,airtel_xstream,-66.20590048645755,38.415768950990234,16.108256874367065,44.40205333206476,40,FTTH,medium
18.598033063565854,72.98659582896678,Mumbai,airtel_xstream,-58.79076218071131,36.70573108627103,16.298474872006448,38.67768296332135,40,FTTH,medium
19.022382439820785,72.55614076684552,Mumbai,airtel_xstream,-52.843327844138514,38.53631139176598,17.875282834800558,37.96560489750101,40,FTTH,high
19.44459594540688,72.41487321198164,Mumbai,airtel_xstream,-56.795147334902225,187.1023603086361,84.32382352940394,44.480422633357115,200,FTTH,high
19.45518087683535,72.42614331828841,Mumbai,airtel_xstream,-59.94755540935948,101.56702750752619,44.70724757391221,48.15283930243022,100,FTTH,medium
19.143811136773863,73.28849523668748,Mumbai,airtel_xstream,-50.30670998477903,97.7077527652846,46.14844316435659,30.46229936543277,100,FTTH,high
19.211701220794506,72.96824045251293,Mumbai,airtel_xstream,-52.9504042916514,91.98147856275705,42.633291356025,30.020347658840404,100,FTTH,high
19.30370697318909,72.76591372720155,Mumbai,airtel_xstream,-44.9017493952776,281.61663892613126,138.08438309071892,31.865683111771048,300,FTTH,high
19.37055186546213,72.99652204866076,Mumbai,airtel_xstream,-51.139160175289256,284.6443319790709,133.65079884638564,36.942973718700536,300,FTTH,high
18.88011120507599,73.18600466916689,Mumbai,airtel_xstream,-47.373956958438896,35.9621707455638,17.336888180386268,33.78369417278787,40,FTTH,high
19.236736437479752,72.4843255277646,Mumbai,airtel_xstream,-58.486378143169986,35.85231444353261,15.95590784435326,34.389803060259545,40,FTTH,medium
19.0113440400838,73.34292726089137,Mumbai,airtel_xstream,-56.34970885104518,91.49889269642333,41.37283811358933,34.811132241879186,100,FTTH,high
19.04057150273611,73.27381765383817,Mumbai,airtel_xstream,-57.97446257172366,41.301501406193594,18.451519741866022,29.850762054450378,40,FTTH,medium
19.240440729311914,72.8430989970773,Mumbai,airtel_xstream,-58.565593553405506,302.32442387307,134.4682668460391,24.80204600680214,300,FTTH,medium
18.708001341943053,72.46392069547052,Mumbai,airtel_xstream,-59.505251503539235,94.06915192786475,41.54556208652599,44.93488712771901,100,FTTH,medium
18.79719654367328,72.92522644707041,Mumbai,airtel_xstream,-50.147508497981704,1045.4026790487567,494.3099154865031,28.439160884842767,1000,FTTH,high
19.16149054868834,72.61084686874185,Mumbai,airtel_xstream,-55.36057827923539,91.16529557755157,41.52257756239742,32.077271477635065,100,FTTH,high
19.41230177442184,72.51848638973433,Mumbai,airtel_xstream,-67.25032308022769,90.35986905673458,37.5745482378019,37.58129725030884,100,FTTH,medium
18.951578060672148,73.09147904693984,Mumbai,airtel_xstream,-50.71381262291926,39.39980734599805,18.555495211025207,27.33370197978921,40,FTTH,high
19.108761784925747,73.2409415077239,Mumbai,airtel_xstream,-45.48960174694811,106.61218843977082,52.065980623134124,42.77708351085509,100,FTTH,high
18.668244828288852,73.16125489914194,Mumbai,airtel_xstream,-56.07963983153812,989.6113951897623,448.3611242033552,39.07595919203714,1000,FTTH,high
28.670059403439478,77.65551729532982,Delhi,airtel_xstream,-58.47244110235375,186.7501656063896,83.12097912384125,44.58095228787706,200,FTTH,medium
28.29601945525864,76.91713427963265,Delhi,airtel_xstream,-47.02401232626815,107.17664026656115,51.793464260656535,40.60179533017887,100,FTTH,high
28.68957355389002,77.37907498759849,Delhi,airtel_xstream,-47.06817807634249,322.225654984569,155.66917082485818,29.77663180127149,300,FTTH,high
28.321260708107612,77.11457652401359,Delhi,airtel_xstream,-52.64290141311573,209.42988276225842,97.28513606379886,26.41179579025023,200,FTTH,high
29.02987857015824,77.59389355034422,Delhi,airtel_xstream,-53.781096108704375,96.41952794571341,44.423338221242176,45.03981414799368,100,FTTH,high
28.42138981995737,76.73418104009238,Delhi,airtel_xstream,-55.73752143441781,288.0116217605528,130.81725812261965,52.045925462019184,300,FTTH,high
28.962329903377544,76.81153350440019,Delhi,airtel_xstream,-53.91405522411956,186.05655968553518,85.63931941975704,33.57701668433453,200,FTTH,high
29.05610664695265,77.43084581106653,Delhi,airtel_xstream,-49.28543450547052,102.11523084385877,48.577769334182925,31.000493217157498,100,FTTH,high
28.514062409155756,76.92209388312698,Delhi,airtel_xstream,-52.66570243775597,39.86153786089629,18.513597925329268,41.60449352762103,40,FTTH,high
28.390453042424667,77.07231665500586,Delhi,airtel_xstream,-53.842850462051665,99.87683418937917,45.99566238826309,28.03193340819262,100,FTTH,high
28.656914304673432,76.98230397400975,Delhi,airtel_xstream,-57.030450839767624,35.08655746623743,15.785389476008836,32.46357855554179,40,FTTH,medium
28.276704254625443,76.92522981211397,Delhi,airtel_xstream,-54.631497401692236,38.68880348729378,17.715410007899113,34.694183098667615,40,FTTH,high
28.651020690336708,77.38367662329095,Delhi,airtel_xstream,-54.84589842149148,210.49242350702661,96.23299745063053,24.12842764707337,200,FTTH,high
28.32718672770078,77.03136986983037,Delhi,airtel_xstream,-54.455853214848574,260.07170939003544,119.23780457002759,29.626304543820467,300,FTTH,high
28.752308907656367,77.03845366996525,Delhi,airtel_xstream,-48.935388359638644,266.9064276762184,127.28288139938127,28.398186539560484,300,FTTH,high
28.60234888383287,76.84517412065786,Delhi,airtel_xstream,-54.85270919507262,92.22450168940732,42.161135175122205,34.84520259694864,100,FTTH,high
29.087821337269723,77.50728719658477,Delhi,airtel_xstream,-57.653507351041455,97.17754977344421,43.51820992093941,41.03675390869108,100,FTTH,medium
28.93873750571756,77.41063318932882,Delhi,airtel_xstream,-61.96933788583603,197.88043679003292,85.76841405082651,31.225630391094192,200,FTTH,medium
29.045991867718598,77.2521879935956,Delhi,airtel_xstream,-51.45377318610973,95.8641584875886,44.91115254039783,40.33760405269349,100,FTTH,high
28.64880786734514,77.06165752640372,Delhi,airtel_xstream,-49.32247679790339,279.70983178266135,133.02768671341735,24.99879308847891,300,FTTH,high
28.564991456748558,77.55557222574825,Delhi,airtel_xstream,-55.96866930382125,37.912496041961354,17.190957622005374,30.355223900652614,40,FTTH,high
29.02149007611104,77.01425931438862,Delhi,airtel_xstream,-50.98467546105027,41.79293440347307,19.64481402780264,34.650627234612124,40,FTTH,high
29.111937859298862,77.50419414267468,Delhi,airtel_xstream,-58.86909722002468,266.4041972396876,118.22210427631407,51.21173079330196,300,FTTH,medium
28.48107157011013,76.72789507100552,Delhi,airtel_xstream,-53.833364371486994,920.4805856948748,423.93235228941336,38.906937724627184,1000,FTTH,high
28.24350268253211,77.41036999513554,Delhi,airtel_xstream,-50.17092499701871,101.05287233092113,47.77411803029635,38.52162727299074,100,FTTH,high
28.70574708326124,77.46564747880608,Delhi,airtel_xstream,-49.23568048716231,1039.667250723669,494.75795856449133,29.329088460511414,1000,FTTH,high
28.752469089170997,77.21872256433556,Delhi,airtel_xstream,-51.64188921154515,36.02856683246644,16.856338583401914,20.978786590262274,40,FTTH,high
29.077833872664606,77.62568274037915,Delhi,airtel_xstream,-52.9926519398378,97.81708853862034,45.324313575732326,47.59486227820554,100,FTTH,high
28.95797279450689,77.04386875694114,Delhi,airtel_xstream,-52.829766501968784,41.31318419694009,19.16521830411775,36.29081595699397,40,FTTH,high
28.286251689025022,77.06660705523937,Delhi,airtel_xstream,-55.52595421610403,971.8906728407077,442.12617394068064,37.0644012700077,1000,FTTH,high
28.185489896382105,77.39650118859774,Delhi,airtel_xstream,-58.713700023280175,202.95533371608886,90.17055163852632,28.67972503839309,200,FTTH,medium
28.222456782605835,77.4939062900148,Delhi,airtel_xstream,-54.05757081982009,102.97849581405737,47.35034621970687,41.65690642997399,100,FTTH,high
28.877727665943755,76.96181541874942,Delhi,airtel_xstream,-51.866837912867005,41.006067516071084,19.15436635261836,37.02094872490004,40,FTTH,high
28.67689545419908,76.98558077021869,Delhi,airtel_xstream,-53.145573071996104,309.63911162787747,143.3158713319505,34.43147914260467,300,FTTH,high
28.115896121948055,77.69236390785659,Delhi,airtel_xstream,-59.41668380298393,35.727502338463566,15.789569131567152,51.43163087248393,40,FTTH,medium
28.972787303517855,77.06799217892394,Delhi,airtel_xstream,-48.91838835364892,97.57850583304435,46.538966255449516,35.887598387491295,100,FTTH,high
28.647627522400246,76.9022036418263,Delhi,airtel_xstream,-50.06890503578668,300.62340660019737,142.2260309021264,39.42243697333561,300,FTTH,high
28.94033876321866,77.51132858666092,Delhi,airtel_xstream,-51.939303859961804,104.27798264768143,48.684156139043615,35.06375127940825,100,FTTH,high
28.550238700768883,77.43859985238335,Delhi,airtel_xstream,-43.064825308561666,41.40972039369845,20.557879802530316,32.99509534591139,40,FTTH,high
29.020915611166853,77.45738376494948,Delhi,airtel_xstream,-54.679358358718886,180.71019957505956,82.71746852257047,42.121833243963366,200,FTTH,high
28.996546394028268,77.31179093788114,Delhi,airtel_xstream,-57.32675270392636,41.31948407898892,18.548763658386175,32.12118611888851,40,FTTH,medium
28.584411125685207,77.44837413185147,Delhi,airtel_xstream,-54.57681054239333,193.17562214097953,88.48936706690289,21.717288780159958,200,FTTH,high
28.73406724466827,77.19182744664052,Delhi,airtel_xstream,-45.68622493872136,35.74886420452744,17.435170919724747,25.328024606212765,40,FTTH,high
28.901436467011454,77.61968483044512,Delhi,airtel_xstream,-53.99238900038813,35.695226091408514,16.42070958988767,39.694248211463744,40,FTTH,high
28.19869773144642,77.36410352132856,Delhi,airtel_xstream,-60.94190712217443,96.98630492628412,42.36946719635352,43.28640816978391,100,FTTH,medium
28.63159959955091,77.67334086712067,Delhi,airtel_xstream,-51.20704883661088,87.60925826414335,41.115886734147594,37.538131749957095,100,FTTH,high
28.634311718300523,77.16970213932144,Delhi,airtel_xstream,-43.81197375574545,40.33922611473295,19.925967660543215,21.987598758286005,40,FTTH,high
28.937292555615127,77.62467302724052,Delhi,airtel_xstream,-57.79587697009802,926.7092263860864,414.56066343621205,39.2377099751874,1000,FTTH,medium
28.6784805746199,77.6392029708485,Delhi,airtel_xstream,-52.13779310692091,38.2940027469166,17.852945783177958,37.36828728391716,40,FTTH,high
28.422108523702505,77.14271857144139,Delhi,airtel_xstream,-51.10178546455182,284.88019935117455,133.7970381502768,18.522634003627783,300,FTTH,high
28.58482186165233,77.6990214219669,Delhi,airtel_xstream,-60.56093245038911,307.79468164148756,134.8541531722882,46.82317675003365,300,FTTH,medium
28.359456230403296,77.01372573294542,Delhi,airtel_xstream,-47.088808250755406,40.449963868860316,19.53884156816811,36.9443515106306,40,FTTH,high
28.936433834565396,77.63182106647601,Delhi,airtel_xstream,-59.41644098713165,34.01585807239848,15.03314508705066,37.00282866702407,40,FTTH,medium
28.23489316831394,77.47890009649925,Delhi,airtel_xstream,-53.7897082930681,200.2112432733141,92.23751445270749,31.246742293389477,200,FTTH,high
28.530481195030728,77.68791506101203,Delhi,airtel_xstream,-55.67620156769263,268.2529526277606,121.89753814299377,41.3367294878467,300,FTTH,high
28.49466380672891,77.36832270771619,Delhi,airtel_xstream,-48.49997711304174,104.31282691926427,49.89631016772579,21.845354283825678,100,FTTH,high
28.179366752258684,76.88767630184077,Delhi,airtel_xstream,-59.26751309886429,181.57923821557551,80.33821285989025,45.02654722303325,200,FTTH,medium
28.542144637810395,77.5908423107509,Delhi,airtel_xstream,-44.60894655491944,37.680526937710574,18.512575199049657,34.925337918294055,40,FTTH,high
28.78492167599705,76.86967283974461,Delhi,airtel_xstream,-57.274149817620774,39.9542609550262,17.94290591858181,37.85793855470834,40,FTTH,medium
29.108955606114225,77.10513567491616,Delhi,airtel_xstream,-57.08096465635706,92.61872618551499,41.65343063902228,39.24450598385532,100,FTTH,medium
28.231510254364203,77.24719171809525,Delhi,airtel_xstream,-60.5394613728151,35.88222787093316,15.723656676854196,40.2630973952066,40,FTTH,medium
28.35122668379676,77.65550044899149,Delhi,airtel_xstream,-59.307650908808306,92.82027241969713,41.05513330217988,36.253656297427206,100,FTTH,medium
28.189827151867938,76.98096543544531,Delhi,airtel_xstream,-49.544875389418316,40.85793169671094,19.401405837285306,37.73927789846796,40,FTTH,high
28.681697215569105,76.78703218068772,Delhi,airtel_xstream,-57.21763624556351,41.02025189392876,18.429355040220393,31.252449813865642,40,FTTH,medium
28.537873623513292,77.4725991277239,Delhi,airtel_xstream,-58.02541452230487,96.29211152186278,43.00231908637852,28.772849824728798,100,FTTH,medium
28.146931131166816,77.05498691187448,Delhi,airtel_xstream,-52.21228339145611,187.93606825880542,87.57051283428616,37.32591002045418,200,FTTH,high
29.049219980421192,77.37352373548771,Delhi,airtel_xstream,-58.23058167746492,99.14951453785564,44.210576288968944,40.44264118095837,100,FTTH,medium
28.43620048945062,76.98877740257778,Delhi,airtel_xstream,-48.34013139301527,96.30641324196122,46.117888907833745,36.07427059484409,100,FTTH,high
29.00810443467194,77.31301756279285,Delhi,airtel_xstream,-53.36878933713031,876.217843429236,404.903801463346,35.03074939294558,1000,FTTH,high
28.35152485941914,76.96794119359942,Delhi,airtel_xstream,-57.40773472602619,293.28701020823445,131.58054359785785,37.96392030374537,300,FTTH,medium
28.74950512144734,77.36506863641668,Delhi,airtel_xstream,-46.77880674913909,101.37589076453652,49.073092745649745,26.7882117484017,100,FTTH,high
28.483937768594117,77.62605294762947,Delhi,airtel_xstream,-49.01442702111799,40.29180371420478,19.203822134760724,37.513979905931755,40,FTTH,high
29.07294731174907,77.32181911654145,Delhi,airtel_xstream,-55.83242649252411,41.20402385717863,18.702173157920537,42.699838918293295,40,FTTH,high
28.802851186109393,77.10119036638459,Delhi,airtel_xstream,-55.731834164145496,38.1655580031623,17.335835290642816,22.9280691777272,40,FTTH,high
28.21726260286787,77.18584273514787,Delhi,airtel_xstream,-54.26166926686559,287.23250609677376,131.87641974021489,36.05021783197458,300,FTTH,high
28.451023476893923,77.5493228947438,Delhi,airtel_xstream,-54.15705520452458,204.28154220126905,93.86256448128036,37.213277890829985,200,FTTH,high
28.353129788887998,77.50038793920105,Delhi,airtel_xstream,-51.58036551298958,96.99645432835024,45.400688877743136,36.94114117579023,100,FTTH,high
28.53180986024442,76.78904857413146,Delhi,airtel_xstream,-50.475527206040404,39.26879370940637,18.524984423261643,42.31639747269984,40,FTTH,high
28.35251716624156,77.6405476134802,Delhi,airtel_xstream,-53.395047839976385,40.017663273694005,18.48882101202097,40.9737223041709,40,FTTH,high
28.198743312107347,77.02258170438813,Delhi,airtel_xstream,-57.09054618291169,192.93469420046557,86.76238072317254,37.77894923914934,200,FTTH,medium
29.07959235036428,76.90239756028124,Delhi,airtel_xstream,-57.71982433939147,97.08176441036687,43.45385459488626,46.67220742873053,100,FTTH,medium
28.781007307643616,76.87176760212104,Delhi,airtel_xstream,-55.77989122140954,34.489946479872216,15.660747537519853,29.78952949052982,40,FTTH,high
28.423805844417092,77.31029280893087,Delhi,airtel_xstream,-51.70037310968739,88.85255562085777,41.553268006190315,28.692781406140693,100,FTTH,high
28.890293096732957,77.17297934130971,Delhi,airtel_xstream,-52.73440713537076,37.39460077376175,17.359270822313512,27.765422488446216,40,FTTH,high
28.97205958658602,77.49020122368405,Delhi,airtel_xstream,-47.83297618783904,88.89265677391535,42.71796588617102,35.982198509045844,100,FTTH,high
28.25705541975014,77.30910913396677,Delhi,airtel_xstream,-50.79556161274067,269.3119040597812,126.76012054588291,34.33145910138023,300,FTTH,high
28.195232783512672,77.70733702207585,Delhi,airtel_xstream,-62.716679020666874,267.80592061324285,115.40946264935893,49.72374850303502,300,FTTH,medium
29.09299348013218,76.79488597783654,Delhi,airtel_xstream,-63.23001166976439,35.14828373027728,15.08681361925205,46.784239931755,40,FTTH,medium
28.616701378751088,77.19114706240337,Delhi,airtel_xstream,-49.02320005882764,198.20418774419505,94.46200166201447,15.970989415122261,200,FTTH,high
28.972392669789578,77.43666409656187,Delhi,airtel_xstream,-52.990200932955105,40.008409722080174,18.538536654861232,40.994414998438906,40,FTTH,high
28.620020697224167,76.71639401366298,Delhi,airtel_xstream,-46.54493757484549,43.171946911436024,20.93192744339461,51.94631861921042,40,FTTH,high
28.18539994613105,77.44893813935914,Delhi,airtel_xstream,-55.48038394235626,187.23205561152315,85.20282781922846,44.6446154987241,200,FTTH,high
28.406610098863375,77.48609453328496,Delhi,airtel_xstream,-48.10272691128846,89.61688631592972,42.98541854521118,28.984284594026946,100,FTTH,high
28.446804623794073,76.82856342679487,Delhi,airtel_xstream,-56.9144537779907,89.19212253450787,40.16188863758127,39.911291111447966,100,FTTH,high
28.644056294591184,77.13432638182927,Delhi,airtel_xstream,-42.0,41.81073117882735,20.905365589413677,20.9095017802201,40,FTTH,high
28.652798799380296,76.98205394891701,Delhi,airtel_xstream,-51.394665902160256,99.79698179938708,46.773293226196174,26.198679205039543,100,FTTH,high
28.947505985438674,77.36901384547885,Delhi,airtel_xstream,-62.086936249975174,33.690456001328684,14.589434527560066,38.190635199072936,40,FTTH,medium
28.512304954477475,77.34656158879103,Delhi,airtel_xstream,-52.56493659711336,87.35203307907369,40.59978756917231,23.513540479015663,100,FTTH,high
28.692092609759392,77.45278890254164,Delhi,airtel_xstream,-52.559586661131185,288.41558190986336,134.05595984960573,29.475308960663668,300,FTTH,high
28.78852436014653,77.6039270449127,Delhi,airtel_xstream,-54.4790842156812,36.23051926959665,16.6081806309878,39.93705550396247,40,FTTH,high
28.305332663960556,77.05908347457112,Delhi,airtel_xstream,-46.91648112492641,99.77682220423219,48.25324155854194,25.415445460604523,100,FTTH,high
28.407514325443415,77.1746251683314,Delhi,airtel_xstream,-48.70801042970762,104.6265002590576,49.97379794632358,27.353055300527178,100,FTTH,high
28.718109391839008,77.45978755691308,Delhi,airtel_xstream,-50.58460329641857,926.9552664801829,436.9524891192303,25.033045553070377,1000,FTTH,high
28.263113163605823,77.15887357933534,Delhi,airtel_xstream,-57.0087321332954,86.03946437490468,38.715254608468484,30.891189121490445,100,FTTH,medium
28.469652736131803,77.55528178276778,Delhi,airtel_xstream,-55.59671573915982,37.224886754866574,16.925322698672165,26.26716877137916,40,FTTH,high
28.356744843765355,77.50204125709485,Delhi,airtel_xstream,-47.94835765544753,299.48597919360157,143.80482387334925,36.03364931819999,300,FTTH,high
28.487408094521914,77.14430311885498,Delhi,airtel_xstream,-44.85920507506388,42.618788383947525,20.90320800517224,25.476991826396183,40,FTTH,high
28.329659244234865,77.22725179650733,Delhi,airtel_xstream,-56.1092837117422,196.4137584471218,88.96935441416076,30.089489733457683,200,FTTH,high
28.59252661055789,77.57524132186428,Delhi,airtel_xstream,-54.40392766215781,35.98379953122976,16.50409827763167,27.49499619454795,40,FTTH,high
28.940048382433602,77.52652427029905,Delhi,airtel_xstream,-57.54365488720463,206.3247397935693,92.47223472997285,38.36724573482812,200,FTTH,medium
28.827459433866068,77.58056826500453,Delhi,airtel_xstream,-50.864477944829964,97.03223487981438,45.64898375314161,32.383530802406234,100,FTTH,high
28.785183511625064,77.26686390343511,Delhi,airtel_xstream,-53.9832959570371,40.483168871423494,18.62451178949515,23.106572136076174,40,FTTH,high
28.547779587825445,77.02018010385308,Delhi,airtel_xstream,-51.05324716910805,278.3831250181741,130.7906583807596,39.53745038498272,300,FTTH,high
28.59365268007009,77.42772508840272,Delhi,airtel_xstream,-51.37750999248585,38.716195283877056,18.14789261478656,22.281374770302165,40,FTTH,high
28.29222835601479,77.5985584826078,Delhi,airtel_xstream,-52.08454977387441,38.70064314251141,18.049393031083678,40.631266257035364,40,FTTH,high
28.977138823627328,76.94156482967192,Delhi,airtel_xstream,-57.81580654696507,92.37166820133515,41.31605931835837,34.699079645959046,100,FTTH,medium
28.73407036570415,76.80721238070893,Delhi,airtel_xstream,-55.01117074041495,36.29391867271007,16.572871427390485,34.54278457630008,40,FTTH,high
28.138553574799218,77.44520381675031,Delhi,airtel_xstream,-60.37035606917264,190.65418416069616,83.65247458331606,53.57980857282226,200,FTTH,medium
28.264473775458775,76.7743338773465,Delhi,airtel_xstream,-64.43773653939141,34.94160394471058,14.857433627104703,43.04320873400666,40,FTTH,medium
28.987347638569634,76.82394140588265,Delhi,airtel_xstream,-61.12874736284073,93.46084728011098,40.771127186927885,47.804221688676385,100,FTTH,medium
28.75282624245216,77.52971565587283,Delhi,airtel_xstream,-50.60626907820829,195.00298561793153,91.90733225802609,38.834340516987254,200,FTTH,high
28.377121266281854,77.56580430572527,Delhi,airtel_xstream,-58.29693915130512,178.21979543244046,79.42844051048513,30.479818579602128,200,FTTH,medium
29.078533101035365,77.49319277287846,Delhi,airtel_xstream,-53.252779937671974,39.96234474083435,18.482214133210533,46.54257074470311,40,FTTH,high
28.323267940648407,76.78985292752998,Delhi,airtel_xstream,-62.187352259299296,299.3473428724607,129.53023724139163,32.31279523041555,300,FTTH,medium
28.149437873098897,76.98862412482448,Delhi,airtel_xstream,-56.275182508474494,100.88508655434744,45.6420332006852,44.12107931172763,100,FTTH,high
29.08431796638312,77.10336101631617,Delhi,airtel_xstream,-50.71179947349721,93.17304289968703,43.88083856291809,37.99320964967909,100,FTTH,high
28.27365506512639,77.6719668948612,Delhi,airtel_xstream,-57.1499657438192,90.17320019382808,40.532863783757215,42.22590549129544,100,FTTH,medium
28.237716616039794,77.43681777625845,Delhi,airtel_xstream,-52.46809467906616,41.96316613479982,19.517335080291684,35.649146207900266,40,FTTH,high
29.01772450720422,76.76624968427137,Delhi,airtel_xstream,-57.097537644774974,88.11219537036014,39.621840396620804,46.380597791436834,100,FTTH,medium
28.200295037624482,76.92041364374458,Delhi,airtel_xstream,-58.55244744435261,99.18318650805193,44.11917831389946,41.49697884146573,100,FTTH,medium
28.317844528831483,77.05652166358547,Delhi,airtel_xstream,-55.20237304954754,39.97653460780679,18.228983560168686,28.953936095749842,40,FTTH,high
28.59975872385182,77.24845630610096,Delhi,airtel_xstream,-42.0,1085.8760959506285,542.9380479753142,26.686484624990168,1000,FTTH,high
28.827740164109436,77.43722506800937,Delhi,airtel_xstream,-50.912536932860796,944.0625699262288,443.98464322511774,26.939619248732676,1000,FTTH,high
29.010528737669162,77.58677167000602,Delhi,airtel_xstream,-63.67890783788178,33.78378373709062,14.450573421707588,41.325567547924656,40,FTTH,medium
28.9865826468974,76.81496077399686,Delhi,airtel_xstream,-57.41995267852368,38.18630752249863,17.130383578034376,43.19444055811307,40,FTTH,medium
29.03573410578521,77.38784967657128,Delhi,airtel_xstream,-57.54336474205683,41.25850088680181,18.491597350087453,35.910577311357315,40,FTTH,medium
28.309514155771375,77.61379299127779,Delhi,airtel_xstream,-48.493996902837615,89.66002304048062,42.88917181379621,41.16146812265881,100,FTTH,high
28.846025076366733,77.34164394914531,Delhi,airtel_xstream,-45.4726098376762,106.93359408083663,52.22900153780768,31.87559611245036,100,FTTH,high
28.328050357265248,77.32141991622414,Delhi,airtel_xstream,-53.601241506947424,103.0502214813975,47.540075718198366,32.32636124447944,100,FTTH,high
28.207107767006242,77.48442520124637,Delhi,airtel_xstream,-59.00602263078805,204.83695948228052,90.806939845882,31.964500315622573,200,FTTH,medium
28.421345564843055,77.5598988670287,Delhi,airtel_xstream,-51.60170369362419,92.19005111935613,43.144420378517644,39.943296500393274,100,FTTH,high
28.40222184678548,77.37234944280368,Delhi,airtel_xstream,-50.5407303713569,39.661089017263976,18.701428950195865,29.160183083931837,40,FTTH,high
28.143120326503567,77.58214135177758,Delhi,airtel_xstream,-57.57483170328546,88.59933234468552,39.69993387136965,45.14033899776634,100,FTTH,medium
28.907842557782935,77.67857957042712,Delhi,airtel_xstream,-56.44306217319379,103.58601408376168,46.80600956959719,49.06552824829926,100,FTTH,high
29.064465048879,76.78117519416654,Delhi,airtel_xstream,-57.40574273266703,196.440404803086,88.13250127255196,44.76691731597212,200,FTTH,medium
28.738171250312003,76.75330912558057,Delhi,airtel_xstream,-60.38576927924893,197.04793312130354,86.44770710958123,40.26215333406436,200,FTTH,medium
28.554737340650735,77.58429865319802,Delhi,airtel_xstream,-60.06402168503061,97.15119531219516,42.72579332661045,31.691083646983287,100,FTTH,medium
28.43639239144042,77.28526539135927,Delhi,airtel_xstream,-53.98191913588219,96.2224069689783,44.268106486615004,29.788424135246544,100,FTTH,high
28.49102761960545,76.75919536915296,Delhi,airtel_xstream,-55.85956481154892,37.21180686686623,16.886771936679203,36.51795399302246,40,FTTH,high
28.199232307436617,77.1975461256131,Delhi,airtel_xstream,-57.834685609864444,187.40564964659836,83.81112634441153,34.07672564624622,200,FTTH,medium
29.113481112900406,76.71958796102952,Delhi,airtel_xstream,-62.18435606835269,302.4046773284868,130.85619305113178,56.08936807666005,300,FTTH,medium
28.70128254538619,76.7326550980871,Delhi,airtel_xstream,-58.442721934787265,175.30319597849893,78.04339230340288,41.21638555868381,200,FTTH,medium
28.540037591142024,76.76052695534057,Delhi,airtel_xstream,-56.20116259320862,312.1778989175166,141.3113191236453,42.66810027429171,300,FTTH,high
28.738449210506317,77.61146105456984,Delhi,airtel_xstream,-54.77309587423333,179.9277320260256,82.30308544100684,39.61941926224881,200,FTTH,high
28.298333692493426,76.91892125233285,Delhi,airtel_xstream,-51.0760564327049,40.97203194263033,19.246467724402162,32.797166131049195,40,FTTH,high
28.925510542189805,76.99931212039303,Delhi,airtel_xstream,-58.76728989191898,88.95422721005532,39.50537588921891,33.9393969241669,100,FTTH,medium
28.952237045953993,76.97101607672205,Delhi,airtel_xstream,-51.159589066194336,274.2115758283154,128.73357007488784,36.836889039244,300,FTTH,high
28.634103153845793,77.20275074633929,Delhi,airtel_xstream,-46.85518197074864,36.64817530050063,17.730975783650894,23.20125610929776,40,FTTH,high
28.327002623860153,77.22130660558778,Delhi,airtel_xstream,-51.05691227543201,40.003931772383474,18.794258883742256,30.22435880144471,40,FTTH,high
28.961086835725176,77.06050019764633,Delhi,airtel_xstream,-56.95335948006865,100.28058128567159,45.14185204005282,35.84223590381797,100,FTTH,high
28.7418351043756,77.32351659535983,Delhi,airtel_xstream,-50.46777571402867,39.103141880630716,18.447848823118616,27.23143013737591,40,FTTH,high
28.70021141671831,77.52905436364215,Delhi,airtel_xstream,-63.98576914378012,85.31477927888238,36.40501950018098,33.99563157051485,100,FTTH,medium
28.788403116997987,77.37115653795117,Delhi,airtel_xstream,-50.63681170176742,91.18118946148678,42.96554551700325,21.70331785331005,100,FTTH,high
28.15888418147528,76.93646746911661,Delhi,airtel_xstream,-56.34131985557995,100.98006418399181,45.66274076033051,42.02163436749628,100,FTTH,high
29.039844355833555,77.05298314298871,Delhi,airtel_xstream,-52.18247474868697,90.9302242960239,42.37879643872292,40.04271724889361,100,FTTH,high
28.696438494310684,77.44403935322505,Delhi,airtel_xstream,-47.97809360448335,213.49821469211446,102.49473297332541,31.584582363476617,200,FTTH,high
28.568343032305975,77.64731755533907,Delhi,airtel_xstream,-56.372878757608696,208.60183501085078,94.30688789467321,41.66052492528287,200,FTTH,high
28.121390521692863,77.29807270599993,Delhi,airtel_xstream,-54.97938615456666,98.1402270549753,44.8241138466764,38.52834855589071,100,FTTH,high
28.434707197983133,77.63934710127663,Delhi,airtel_xstream,-53.21086062538804,39.23539881729139,18.15149078290513,41.439347562789116,40,FTTH,high
29.02441911193168,76.73573943867875,Delhi,airtel_xstream,-62.03740180563342,34.23442100261338,14.830647670598088,41.10983149961599,40,FTTH,medium
28.930078362188993,76.91700537605783,Delhi,airtel_xstream,-54.2891083404852,180.405584530642,82.81271302023559,39.56812112738999,200,FTTH,high
28.421393622972637,77.40176143619212,Delhi,airtel_xstream,-49.50577821689623,206.47512610939944,98.07170804175695,24.533170906347674,200,FTTH,high
28.245672927073784,77.06346192434995,Delhi,airtel_xstream,-57.08277484143514,88.76356970857049,39.91911506749724,33.64603910696356,100,FTTH,medium
28.62827239156521,77.34966272732933,Delhi,airtel_xstream,-49.261924905530556,39.913390255367126,18.990534985151523,20.231408937995877,40,FTTH,high
28.186887372003255,77.69826808316176,Delhi,airtel_xstream,-60.21688831542267,862.7449271565445,378.98403696924476,46.15341704835735,1000,FTTH,medium
29.10077615373576,76.8115184766112,Delhi,airtel_xstream,-57.43999746480395,41.58179938286642,18.650823434588396,43.19969679701303,40,FTTH,medium
28.69302727817665,77.31986019361202,Delhi,airtel_xstream,-55.86279934759051,182.9903467826622,83.03931185801758,27.124868674956936,200,FTTH,high
29.021209983618256,77.14013339446791,Delhi,airtel_xstream,-56.91235616081423,85.61283061496029,38.55078523392765,33.73528530914183,100,FTTH,high
28.67367487766713,77.48861620683918,Delhi,airtel_xstream,-52.227223146660215,35.65138349485847,16.610309565798982,25.4040458553433,40,FTTH,high
28.126407349848108,76.86935247132666,Delhi,airtel_xstream,-53.24661057900023,270.61637255877685,125.16312975115439,48.096296600650746,300,FTTH,high
28.18145746692936,77.44598630444611,Delhi,airtel_xstream,-52.21809460558525,185.2183130710205,86.30056238335493,36.346628838332826,200,FTTH,high
28.349303188653,77.53460310519468,Delhi,airtel_xstream,-60.07818929758934,41.263480587609095,18.145176916670547,43.879284373354764,40,FTTH,medium
28.602967564621395,77.52206617002963,Delhi,airtel_xstream,-51.353634294859724,106.26264873413305,49.81818451552579,37.47334091347649,100,FTTH,high
28.56616184654945,77.52157514768314,Delhi,airtel_xstream,-52.18713593426931,105.51410972160744,49.17409959841231,32.19614440300033,100,FTTH,high
28.88174642343273,77.55916650795606,Delhi,airtel_xstream,-55.645089830742684,195.19187761484596,88.71790312646996,38.502299803317705,200,FTTH,high
28.363488429058414,77.20453767320684,Delhi,airtel_xstream,-56.54352038566684,100.33474919520226,45.30330636323048,33.80559352377142,100,FTTH,high
29.108366148066867,77.15122899939561,Delhi,airtel_xstream,-62.251070294123856,89.57901726224733,38.74260537960265,38.943726855373335,100,FTTH,medium
29.10698838083561,77.48455481929365,Delhi,airtel_xstream,-53.266315376830875,104.201355778229,48.18746009947821,47.71072552278139,100,FTTH,high
28.308267581633547,77.22736051022547,Delhi,airtel_xstream,-59.34393105457808,284.1849953540855,125.66288112315326,30.290006276098165,300,FTTH,medium
28.73566050601849,76.85427024585532,Delhi,airtel_xstream,-58.74097324232757,85.9482519608719,38.17793469276333,32.696010412661316,100,FTTH,medium
28.798610908391467,77.5502370430902,Delhi,airtel_xstream,-50.64116816127868,92.3010141732307,43.4918784701905,35.19237585509022,100,FTTH,high
29.044360440995398,77.60764933636743,Delhi,airtel_xstream,-62.353814247434364,36.321457766369676,15.696461534609101,44.85634223729125,40,FTTH,medium
28.1543466407104,76.8892437008188,Delhi,airtel_xstream,-55.15491902944494,36.39506524998657,16.60161883687682,36.78081327218494,40,FTTH,high
28.366041948356656,77.36001266534691,Delhi,airtel_xstream,-46.88454253072626,268.74846352659574,129.99852076275457,32.06962901856473,300,FTTH,high
28.350136330625695,77.0325655907537,Delhi,airtel_xstream,-52.36024837529548,101.32150572578976,47.161699645967865,31.946888766165802,100,FTTH,high
28.29352410601794,77.47816813127437,Delhi,airtel_xstream,-49.14233227471672,41.05100396015617,19.548168945097594,26.323444309371194,40,FTTH,high
28.243020954115668,76.76143320497386,Delhi,airtel_xstream,-59.61025429507817,891.3684651016263,393.36014808063595,40.615649032917894,1000,FTTH,medium
28.117997611234724,77.54765311872698,Delhi,airtel_xstream,-57.601461377821074,38.02341652084271,17.03430537941225,45.008786368384065,40,FTTH,medium
28.779642849033298,77.70408345867206,Delhi,airtel_xstream,-59.253622200302225,262.8870623946911,116.32435101099462,42.91982953145793,300,FTTH,medium
28.673646523634183,77.67812519678152,Delhi,airtel_xstream,-53.68042210427964,39.532380561540464,18.227007308284193,36.21339201889897,40,FTTH,high
29.105029708072973,76.95328870650297,Delhi,airtel_xstream,-62.732494637699126,34.49635575366934,14.8641928412243,50.484201303807986,40,FTTH,medium
28.874953398333716,76.97223295287367,Delhi,airtel_xstream,-49.0144949503729,296.5797347598716,141.35534387374895,32.459113121392384,300,FTTH,high
28.296752228019045,77.05413645945438,Delhi,airtel_xstream,-53.996255074919844,34.57661275429524,15.905673489723444,37.84746332979623,40,FTTH,high
29.01183676286614,77.09352359791312,Delhi,airtel_xstream,-46.53013542082392,93.92750157064417,45.54540311247319,35.80349877395883,100,FTTH,high
28.199304036024138,76.93752050630997,Delhi,airtel_xstream,-63.25260498991041,86.02615210015377,36.91880995212181,41.47950746248269,100,FTTH,medium
28.1710530876094,77.16808184129955,Delhi,airtel_xstream,-56.96256843050583,35.41369534255244,15.940581538142794,31.685220905977634,40,FTTH,high
28.498140998145598,77.49525528888641,Delhi,airtel_xstream,-54.646866353746056,97.25000426139019,44.525309441378305,33.3930556306794,100,FTTH,high
28.27233035316572,77.13965355749417,Delhi,airtel_xstream,-54.64658351162536,278.6221113824822,127.56566302529463,35.897990372756965,300,FTTH,high
28.66891088262821,76.8352276962076,Delhi,airtel_xstream,-52.938265609725896,38.10418644405778,17.66278084813682,37.28898572697442,40,FTTH,high
28.84873577532775,76.80249003527751,Delhi,airtel_xstream,-56.36184643320315,88.48598042260451,40.0069166702327,40.07699526666696,100,FTTH,high
28.15197080036088,77.51079333233771,Delhi,airtel_xstream,-58.305425494623925,92.46877083187375,41.20857657134164,40.98568465206081,100,FTTH,medium
28.70418537933555,77.47003129029221,Delhi,airtel_xstream,-54.4726031087654,99.35376235207032,45.54621435876859,24.265107510446565,100,FTTH,high
28.97875086654505,77.57417560016322,Delhi,airtel_xstream,-56.09540707747314,173.43826717738318,78.57019032643571,41.152370240893106,200,FTTH,high
28.49253116155896,77.43540691364053,Delhi,airtel_xstream,-50.394249633738625,195.1836675887521,92.13043236048055,30.181596375614024,200,FTTH,high
28.30784708189789,77.05408003662738,Delhi,airtel_xstream,-47.792600251455745,39.10853808707329,18.799135285012486,36.47497593615988,40,FTTH,high
28.637955561115316,77.15006508796007,Delhi,airtel_xstream,-47.13045769632707,1023.8904993089249,494.4351600132103,20.232819531800907,1000,FTTH,high
28.71067319407909,77.02270017983845,Delhi,airtel_xstream,-50.34533599640346,990.6640183046569,467.7739288446632,26.929209454993007,1000,FTTH,high
28.90687213977142,77.05745860226315,Delhi,airtel_xstream,-51.41560723908879,954.0309631673636,447.07287877330344,31.495398219790864,1000,FTTH,high
28.335845873389086,77.16121496259946,Delhi,airtel_xstream,-49.30133265163601,35.41179238639508,16.84405193985173,33.45700980809197,40,FTTH,high
28.5822730223166,76.88007708020446,Delhi,airtel_xstream,-48.10817299294423,98.7579077219621,47.36818591169115,35.8606319095351,100,FTTH,high
28.373657041980874,77.31786437638591,Delhi,airtel_xstream,-50.343439108393305,41.87506802824495,19.772927079944175,26.489860199305216,40,FTTH,high
28.16221829159031,77.45783458535395,Delhi,airtel_xstream,-49.37607881443777,92.62704399952858,44.03610741013456,44.01761638549541,100,FTTH,high
29.03356366243307,77.20582554915978,Delhi,airtel_xstream,-54.49496449281117,176.57124670956892,80.93145182782625,38.36028214956011,200,FTTH,high
28.475664881587313,77.06671902247695,Delhi,airtel_xstream,-52.36731433148814,38.249333185338365,17.802857058995105,29.53825782535485,40,FTTH,high
28.360426052167952,77.63429877358024,Delhi,airtel_xstream,-51.83683995483548,92.89148374912554,43.39987967853827,33.615626544016,100,FTTH,high
28.787073046196166,77.61380595105592,Delhi,airtel_xstream,-53.98491620777538,41.20436812731951,18.956081065658907,39.358550979158835,40,FTTH,high
28.290089541532314,76.87271404675718,Delhi,airtel_xstream,-50.79620647309416,39.86509701343056,18.76367642538173,37.75001387533913,40,FTTH,high
28.787393815674598,76.73878022552721,Delhi,airtel_xstream,-58.603896891905414,91.59775270395093,40.72927754721996,37.02241451681907,100,FTTH,medium
28.906410962307575,76.7953268573728,Delhi,airtel_xstream,-58.66564794096945,87.00067059943365,38.66726014358878,43.298138774546345,100,FTTH,medium
28.55840043416533,77.44942378845231,Delhi,airtel_xstream,-52.253861390154924,185.43322686082723,86.3785914125467,36.46869752995868,200,FTTH,high
29.0965540363177,77.1761184904842,Delhi,airtel_xstream,-60.27014083005789,37.917986610704375,16.649770120786126,34.78561890067335,40,FTTH,medium
28.65643298460582,77.14214774687522,Delhi,airtel_xstream,-51.259282577532666,96.72176593142339,45.37563575852162,16.59284720137278,100,FTTH,high
28.192420729647374,77.42264485000312,Delhi,airtel_xstream,-58.25923054590824,292.3220725314743,130.31792969591396,38.08617657560203,300,FTTH,medium
28.306140704801976,77.53489278835214,Delhi,airtel_xstream,-56.311565778164166,278.34974476076286,125.89613677545186,35.36162879446321,300,FTTH,high
29.08549004257771,76.80399729284991,Delhi,airtel_xstream,-60.96512879550211,36.55568575905562,15.966898584099836,45.07257960766962,40,FTTH,medium
28.153525019933454,77.24347527204104,Delhi,airtel_xstream,-49.008340646484214,197.85425735690868,94.30502856540643,25.899608326816214,200,FTTH,high
28.4424130344404,77.30219328291932,Delhi,airtel_xstream,-58.16612201738135,38.542497284121346,17.194306262228356,23.621915959434254,40,FTTH,medium
28.829034213554124,76.81944627053473,Delhi,airtel_xstream,-53.86700844100707,92.57178094179943,42.62405678478174,34.52532703478258,100,FTTH,high
28.666992265478903,77.26431806624208,Delhi,airtel_xstream,-52.00962919809104,39.62799423079741,18.491792021684127,13.067105970657579,40,FTTH,high
28.615162557173516,77.53909034057695,Delhi,airtel_xstream,-45.7336715825686,103.16910673813291,50.30055482897595,27.61510773799102,100,FTTH,high
28.18364649511241,76.86131043996194,Delhi,airtel_xstream,-60.146801413204855,101.78301055211344,44.73471834363226,39.8918355502575,100,FTTH,medium
28.42432115315085,76.92332209717142,Delhi,airtel_xstream,-54.55840854093217,177.48143781488005,81.31110422573565,27.77695597556494,200,FTTH,high
28.931197385454208,77.24514172406029,Delhi,airtel_xstream,-60.144477774844916,36.44590315585708,16.01864531194321,32.87085813211476,40,FTTH,medium
28.60753251667044,77.07403205716354,Delhi,airtel_xstream,-48.561635564097166,36.99194911097597,17.686882259248478,20.564548138954343,40,FTTH,high
28.879401804072586,76.9777833152512,Delhi,airtel_xstream,-50.37251322577172,94.27579921391768,44.50681502099642,36.75360367848788,100,FTTH,high
28.308609071476532,77.09428682359349,Delhi,airtel_xstream,-60.76780317986092,855.7033531349698,374.3194361942044,24.911786893124496,1000,FTTH,medium
28.43656780235943,76.95422837880689,Delhi,airtel_xstream,-55.1083884887575,102.19274704170626,46.631099424333094,37.304699662298084,100,FTTH,high
28.172476575204954,76.71628465378832,Delhi,airtel_xstream,-58.06846574128574,34.66367762511902,15.475198424605516,39.65893649993702,40,FTTH,medium
28.627350382457752,76.80387775399907,Delhi,airtel_xstream,-50.77009881844835,90.06760852132358,42.40079817041736,35.56467082439409,100,FTTH,high
28.2788399712359,77.42051769285075,Delhi,airtel_xstream,-48.94405946358461,177.63656428889485,84.70655259335089,31.62653320973102,200,FTTH,high
28.30015612947394,76.934581555218,Delhi,airtel_xstream,-51.65012701792614,98.99832845086613,46.31467607838896,34.15040925895811,100,FTTH,high
28.84127477404594,77.38665603804964,Delhi,airtel_xstream,-64.31917360034095,89.6979133874401,38.17567902544464,27.147626365286737,100,FTTH,medium
28.29195110793645,76.76556367327953,Delhi,airtel_xstream,-54.37969242568508,105.15773005207825,48.23946384527929,39.65194240920707,100,FTTH,high
28.262966202409967,76.95359415113494,Delhi,airtel_xstream,-54.425717259909845,37.729140469427634,17.301864794938716,33.04718733211631,40,FTTH,high
28.478765018434093,76.8622345407209,Delhi,airtel_xstream,-59.87013711899024,958.2326304675088,422.0371535726041,36.667008577476295,1000,FTTH,medium
28.45418792227314,77.35639317293312,Delhi,airtel_xstream,-49.763035052774406,101.50413028074998,48.125464735805515,33.4428786270842,100,FTTH,high
28.2850081284664,77.31224504120141,Delhi,airtel_xstream,-52.736588883668816,954.5302379978688,443.1037898575555,34.45091130399402,1000,FTTH,high
28.802218652626504,76.90131096109904,Delhi,airtel_xstream,-50.83169307954182,195.31302263562566,91.90669574996133,33.74319797342081,200,FTTH,high
29.016331890375355,77.53529527912437,Delhi,airtel_xstream,-58.24531250488437,95.18258752981858,42.43705750009124,45.500786045667994,100,FTTH,medium
29.068562104430406,77.60053760489765,Delhi,airtel_xstream,-57.89946144212645,38.88953007649308,17.383689758401147,34.70131701918038,40,FTTH,medium
29.064145633353842,76.92906235746489,Delhi,airtel_xstream,-54.489630049824754,38.228459225775886,17.52269856920544,45.692197235350775,40,FTTH,high
28.639438091197007,77.33456567573715,Delhi,airtel_xstream,-43.36289409001575,105.4710406847704,52.25636748232825,22.37312193710192,100,FTTH,high
28.336767677308472,77.1532026814972,Delhi,airtel_xstream,-59.11568911818452,103.13728362241628,45.68442286795713,31.984259438956396,100,FTTH,medium
28.746512960413433,76.84531265329444,Delhi,airtel_xstream,-54.64530760103521,99.63694408268368,45.61867268683291,35.381186198605185,100,FTTH,high
28.81223407636932,77.50671608765124,Delhi,airtel_xstream,-45.653865906629754,96.00522050852128,46.83330958067877,31.545187827914177,100,FTTH,high
28.846902682660414,77.63698415904516,Delhi,airtel_xstream,-52.63052865703288,98.01963469095537,45.536482227030696,36.35557730406495,100,FTTH,high
28.43551789683441,77.47643984433178,Delhi,airtel_xstream,-55.53280685083028,176.86789730988392,80.45555168025147,36.765075829810094,200,FTTH,high
28.746001208236844,76.9009899402449,Delhi,airtel_xstream,-48.958139883220994,106.72179355034584,50.88561288146779,30.49208403230178,100,FTTH,high
28.37921222019271,77.37325093841088,Delhi,airtel_xstream,-49.25958616013697,211.48961142689143,100.62704885968768,44.20096269986176,200,FTTH,high
28.788342134540997,77.51231194866574,Delhi,airtel_xstream,-56.40252143262068,39.275810080147025,17.75233605186399,30.721992778858592,40,FTTH,high
29.095787921512898,77.16151772637538,Delhi,airtel_xstream,-56.87469011591796,961.062359251517,432.87949703929405,40.86237590874683,1000,FTTH,high
28.85392414173351,77.29063485591497,Delhi,airtel_xstream,-50.047231765610405,93.16481608710973,44.08334515204339,28.25752435148241,100,FTTH,high
28.29314255998248,77.53145936289569,Delhi,airtel_xstream,-56.79498179226955,182.813027723158,82.3907958063997,39.64548016054442,200,FTTH,high
28.86297195508553,76.9730699160894,Delhi,airtel_xstream,-54.867192039013155,266.7765969178783,121.94607944541667,31.94636264926203,300,FTTH,high
29.020842451414207,77.44731006988927,Delhi,airtel_xstream,-55.75279950744551,201.15149315290643,91.35442605660248,34.0739864877714,200,FTTH,high
29.108136381915713,77.46495682608399,Delhi,airtel_xstream,-51.80849427170621,41.183436178233364,19.24522642963875,44.70414925136342,40,FTTH,high
28.19761510919832,76.94261862558359,Delhi,airtel_xstream,-60.09406171140463,103.18233103462047,45.36787396642022,45.6652178505178,100,FTTH,medium
28.438880787009623,77.01396336531641,Delhi,airtel_xstream,-54.70923825110353,98.33453824954609,45.001412208353926,29.869864609305175,100,FTTH,high
28.76128938262624,76.96262265821144,Delhi,airtel_xstream,-50.079243304342725,287.67619786498085,136.09074561442569,34.42972766583423,300,FTTH,high
28.82277315594089,77.39114043175753,Delhi,airtel_xstream,-51.74226558512946,99.3808281992132,46.46309935831707,32.018626433666455,100,FTTH,high
28.895338289007604,77.54301587994176,Delhi,airtel_xstream,-59.4288779058471,103.46390755901706,45.721087737815324,31.019361641752308,100,FTTH,medium
28.391094480125695,76.75858310951654,Delhi,airtel_xstream,-58.50889251164555,40.808560397283124,18.15859974146242,39.822400293892876,40,FTTH,medium
28.94154741779227,77.15443206647053,Delhi,airtel_xstream,-58.53236334685133,39.76307810636772,17.690280203038192,39.77560493985202,40,FTTH,medium
28.1462126031682,77.33095085149775,Delhi,airtel_xstream,-56.25992042234044,101.2492009758956,45.81191532547505,43.05244855731779,100,FTTH,high
28.474972762764608,76.73846583121407,Delhi,airtel_xstream,-55.64589513263109,287.81760126781916,130.81703795315593,40.626573914981066,300,FTTH,high
29.027418450215222,76.78675089445845,Delhi,airtel_xstream,-56.66009374730501,34.27425551403744,15.462248427169138,42.096020922930045,40,FTTH,high
29.05682827679039,76.78386016660978,Delhi,airtel_xstream,-54.6344007965741,40.87736762353632,18.717146991552628,36.515980215102516,40,FTTH,high
28.207640184921328,76.94175651885094,Delhi,airtel_xstream,-49.4843913036547,38.64062062261281,18.35630522812072,40.613273871354615,40,FTTH,high
28.562585860646493,77.29750616230424,Delhi,airtel_xstream,-52.07926001262849,40.750291363711085,19.00603640770483,18.6105545103083,40,FTTH,high
28.505701022861658,77.60027069222087,Delhi,airtel_xstream,-55.23913798474146,95.20901426757935,43.40288954285733,35.32129243667468,100,FTTH,high
28.95665130045184,77.01400620730918,Delhi,airtel_xstream,-55.38188788893025,98.03361595136485,44.64389178232373,35.14511588894118,100,FTTH,high
28.260964176998435,77.49511641377187,Delhi,airtel_xstream,-56.512303201059,171.91026451088698,77.639085982256,39.83413116704175,200,FTTH,high
28.930072277679,76.87612496699562,Delhi,airtel_xstream,-60.85689676276982,37.92584577713893,16.579043693702,42.883565187084805,40,FTTH,medium
28.85213954275504,77.52922779343001,Delhi,airtel_xstream,-57.70276817092128,101.14554471550738,45.27855555712314,33.423152841228074,100,FTTH,medium
28.8783184639583,76.85014675085017,Delhi,airtel_xstream,-57.12932147523796,87.80735871385598,39.47546016401644,35.230451522523836,100,FTTH,medium
28.461693363890827,77.15780099783068,Delhi,airtel_xstream,-60.25124068819205,97.59758581814823,42.861202811229106,17.602959238002537,100,FTTH,medium
28.168605811404912,77.22562499860693,Delhi,airtel_xstream,-60.72582812889212,41.13356323839934,17.999248167429066,38.29483548238782,40,FTTH,medium
28.533810800418745,77.15905879029735,Delhi,airtel_xstream,-49.77596994757528,37.72575066539874,17.88502765461984,22.333162012050423,40,FTTH,high
28.488508935115274,77.24486635593854,Delhi,airtel_xstream,-45.59940798481105,97.19817752505661,47.43290244155239,29.183545757894834,100,FTTH,high
28.30854241440082,77.11430284850677,Delhi,airtel_xstream,-52.64225421403711,208.17178262380315,96.70116787566228,31.363709415046802,200,FTTH,high
28.501035675124612,77.09123279218689,Delhi,airtel_xstream,-47.98539334166703,213.0852925368037,102.29131529787865,24.476844856908585,200,FTTH,high
28.14165261661381,76.96923476391498,Delhi,airtel_xstream,-57.759430207302685,182.7611031816159,81.77984875680689,45.24863290414024,200,FTTH,medium
28.55643977443648,77.26192106807693,Delhi,airtel_xstream,-58.198156477408766,34.68066935273056,15.4677916466426,24.996817280655524,40,FTTH,medium
28.816193530749324,77.32364105793295,Delhi,airtel_xstream,-50.72743404455448,105.05398996689867,49.47082242160468,31.39677806475109,100,FTTH,high
28.33351613144305,77.37694670549878,Delhi,airtel_xstream,-54.28311036951147,37.06496921820099,17.014907583268133,34.99894245941273,40,FTTH,high
28.577698339413235,77.47437579363421,Delhi,airtel_xstream,-52.62072680289707,36.34979512175795,16.888026749780735,28.412387969499974,40,FTTH,high
29.026967480795225,77.29214858986595,Delhi,airtel_xstream,-54.10787465761544,196.2753629053568,90.21608981122492,32.738796219347016,200,FTTH,high
28.596032789438546,76.82337456604736,Delhi,airtel_xstream,-50.67123952987882,39.55422869574132,18.633833709736063,31.025086723215836,40,FTTH,high
28.31165114202244,77.42283931126495,Delhi,airtel_xstream,-48.733888917151205,267.27528801341873,127.63830367410283,34.23173713479755,300,FTTH,high
28.82973853906524,76.85742174603223,Delhi,airtel_xstream,-51.142623456210465,105.14325727796775,49.3673446048108,35.99765374983657,100,FTTH,high
28.36405808772925,76.86215518403473,Delhi,airtel_xstream,-55.75530202903285,89.27381524561336,40.54361331618172,36.4352061759615,100,FTTH,high
28.778160644151807,76.91392786650239,Delhi,airtel_xstream,-48.09038525266823,37.762120248936746,18.114440590223012,34.82762402226633,40,FTTH,high
28.61543252253607,76.73884506162929,Delhi,airtel_xstream,-55.61683150017454,102.33910384004633,46.52443747712724,45.14772487417115,100,FTTH,high
28.87242888663344,77.28047668644204,Delhi,airtel_xstream,-54.74366633270155,39.717007860483776,18.17136961055092,24.870105445245773,40,FTTH,high
28.944255587779995,76.91934612718622,Delhi,airtel_xstream,-52.253737136060856,91.68642124675014,42.70944908200733,42.35396286160012,100,FTTH,high
28.82218121503328,76.76636212376553,Delhi,airtel_xstream,-51.84015276185802,41.76399593869743,19.512117636074045,47.65797561374035,40,FTTH,high
28.84829507699707,77.67399297774871,Delhi,airtel_xstream,-51.66113317798693,200.50981629852532,93.79773468675016,41.17663436662125,200,FTTH,high
28.715508052953165,77.10325978304478,Delhi,airtel_xstream,-55.76031645100322,92.68213085309453,42.08994726024103,27.155715871642478,100,FTTH,high
28.762504110263965,77.42734189083444,Delhi,airtel_xstream,-49.61281253318155,39.20158767188111,18.606012709443515,36.709317323565024,40,FTTH,high
29.03058231894573,77.11095835485007,Delhi,airtel_xstream,-53.78606713524775,39.83603181837638,18.352982091144025,43.67741289674015,40,FTTH,high
28.483252778492734,77.30232419569533,Delhi,airtel_xstream,-47.174096002642386,39.39127948236621,19.016258868820838,20.38801191195109,40,FTTH,high
28.667171374641637,77.42478567127696,Delhi,airtel_xstream,-45.55666181365312,38.91406207012609,18.995683839799895,15.57943318045359,40,FTTH,high
28.750036372724143,77.10924141824665,Delhi,airtel_xstream,-52.72459222796327,100.80521868968377,46.79895979518348,24.663638231170097,100,FTTH,high
28.305525150471972,77.66131055170172,Delhi,airtel_xstream,-58.47501031599368,96.79503816610467,43.081854908640416,36.902200528214074,100,FTTH,medium
28.420944302509216,77.7022939319267,Delhi,airtel_xstream,-53.58074406680031,37.57268041754872,17.33594155604332,51.52971481672925,40,FTTH,high
28.50324626710686,76.7477341156415,Delhi,airtel_xstream,-55.64038307837474,40.60155288134325,18.454707324410254,41.188723302831065,40,FTTH,high
28.13013975379667,77.68615928881793,Delhi,airtel_xstream,-62.0844222712264,281.6632580455166,121.9748163131731,53.77867757286822,300,FTTH,medium
29.1024762378308,76.78088458846183,Delhi,airtel_xstream,-61.65836407638282,89.80030855165559,39.01573041022793,49.614010583149486,100,FTTH,medium
28.792561325223684,77.21318484314877,Delhi,airtel_xstream,-49.16536226995902,37.27683301130544,17.74807646297682,28.94835697954917,40,FTTH,high
13.318835529814905,77.22010155930583,Bengaluru,airtel_xstream,-56.5435341837225,209.00046898639857,94.3682162761402,39.5296807920361,200,FTTH,high
13.18173375262091,77.52256163502676,Bengaluru,airtel_xstream,-54.97092461130627,87.10875379791302,39.78810663729795,33.51872491550131,100,FTTH,high
13.10194772993945,77.23053037647307,Bengaluru,airtel_xstream,-57.96837533951555,36.11395966201028,16.13470895474146,34.31746544838882,40,FTTH,medium
13.406663289976953,77.81337436908409,Bengaluru,airtel_xstream,-57.100017140257606,40.5602110041026,18.238572564136582,39.29773893498746,40,FTTH,medium
13.04302938704637,77.49067452491822,Bengaluru,airtel_xstream,-42.0,39.08515262124112,19.54257631062056,17.94128627874559,40,FTTH,high
13.347678307178931,78.00553979709002,Bengaluru,airtel_xstream,-58.04132404615597,87.87557923250698,39.23898747554583,50.12642272055905,100,FTTH,medium
13.35949545051665,77.12325139576062,Bengaluru,airtel_xstream,-61.093984997262865,96.69515513649974,42.19325809663543,44.56089934078001,100,FTTH,medium
12.874194436163172,77.83222892281648,Bengaluru,airtel_xstream,-52.43086517745809,201.01589071715327,93.51871317658572,31.116818959638522,200,FTTH,high
12.552554525075205,77.22567991975379,Bengaluru,airtel_xstream,-57.34365866043093,174.5181086709549,78.33323337044035,41.10366572904717,200,FTTH,medium
12.498575407189035,77.39036277095535,Bengaluru,airtel_xstream,-56.98092743922181,103.12022492922716,46.41065710734363,45.24674099624395,100,FTTH,high
12.936975547317148,78.03192853921048,Bengaluru,airtel_xstream,-55.94513921977293,38.14512580676534,17.29943260361235,36.81906232842391,40,FTTH,high
12.91843405198942,77.71813821851116,Bengaluru,airtel_xstream,-48.81934929096941,38.91254495075962,18.571745022647214,33.76652952884004,40,FTTH,high
12.755186395994691,77.59577321517227,Bengaluru,airtel_xstream,-50.79320109642892,98.52193757019283,46.37322475354801,24.114836187771573,100,FTTH,high
13.451495393435314,77.7079097867319,Bengaluru,airtel_xstream,-54.600820981664704,103.63232997925925,47.46332352969146,42.99602201086135,100,FTTH,high
13.086725326257168,77.84224282854903,Bengaluru,airtel_xstream,-58.809347020013554,34.73366296531111,15.420664169121864,30.117500372794787,40,FTTH,medium
12.633808138147975,77.3732504181791,Bengaluru,airtel_xstream,-58.649995327118575,88.60650026649206,39.38559074861462,32.065066994109664,100,FTTH,medium
12.991435971492411,77.14956645650025,Bengaluru,airtel_xstream,-53.590513150941206,36.37586079207524,16.782547419746436,32.18830054527382,40,FTTH,high
12.539558621835827,77.65716289046343,Bengaluru,airtel_xstream,-56.76568095074192,172.83712521838876,77.91170311780053,32.10771854200208,200,FTTH,high
12.810993880613873,77.96314510955676,Bengaluru,airtel_xstream,-55.745742032780754,38.659883191514524,17.558578991197276,32.44480719319381,40,FTTH,high
12.652116730293303,77.85381424254643,Bengaluru,airtel_xstream,-60.72742936269005,40.878273383355626,17.88732010082606,33.225973460900775,40,FTTH,medium
13.366889067851385,78.03407573105281,Bengaluru,airtel_xstream,-61.01218926659223,99.63400100491208,43.50279888747861,41.611160375710476,100,FTTH,medium
12.604833020199534,77.79921961872972,Bengaluru,airtel_xstream,-53.070787937001114,202.28023425444056,93.67544520296087,35.286277454182475,200,FTTH,high
12.529685114123135,77.64283400286736,Bengaluru,airtel_xstream,-57.7257588617292,185.56375262774895,83.05477355620265,36.98815138316183,200,FTTH,medium
13.441515640963473,77.1638234490597,Bengaluru,airtel_xstream,-60.5870598614241,179.73671923722262,78.73243575275052,43.265050159988135,200,FTTH,medium
12.622861060239199,77.31295511917149,Bengaluru,airtel_xstream,-49.761506771443024,40.60208283264019,19.25059694685267,46.84719052964965,40,FTTH,high
12.490382546406291,77.51664943778938,Bengaluru,airtel_xstream,-49.84621264360198,290.3854133621123,137.5979543415915,39.523458015349526,300,FTTH,high
12.824582840708175,77.20120095315242,Bengaluru,airtel_xstream,-57.89694516093314,99.77722073309785,44.60143367886766,35.44722059254365,100,FTTH,medium
12.661491504987294,77.74315230310506,Bengaluru,airtel_xstream,-59.66533364959424,100.6045134055985,44.378215716249336,31.767689608939524,100,FTTH,medium
12.85712150623135,78.00642896050009,Bengaluru,airtel_xstream,-57.46130506967458,95.45576662910013,42.80831421950946,33.77428187538559,100,FTTH,medium
13.158075636081863,77.2528977398212,Bengaluru,airtel_xstream,-55.32309218744467,90.7704072758319,41.354061957823255,36.237377971080434,100,FTTH,high
13.280105708724271,77.85480821291834,Bengaluru,airtel_xstream,-57.083668482072596,89.78158665823426,40.37667436595954,30.053654360045634,100,FTTH,medium
13.466982534676287,77.2986139919844,Bengaluru,airtel_xstream,-60.39696785879206,39.462885005081574,17.31145107902848,41.53756700872549,40,FTTH,medium
12.897980586972842,77.4474325275888,Bengaluru,airtel_xstream,-48.32087625414442,97.1413352178107,46.523939745324874,25.945030575282818,100,FTTH,high
13.169861574157801,77.27793350680406,Bengaluru,airtel_xstream,-60.7942029998151,40.110703489779866,17.54252273204888,37.57210354220872,40,FTTH,medium
12.56043493914459,77.41388021639492,Bengaluru,airtel_xstream,-54.78393626473825,997.4908384797429,456.23922156058694,39.684903462557756,1000,FTTH,high
12.916498429753018,77.50308715236193,Bengaluru,airtel_xstream,-48.60632749766931,98.6100795204483,47.133538160613156,17.434250392666,100,FTTH,high
13.210424522591682,77.28074790600098,Bengaluru,airtel_xstream,-49.92392408921056,35.225750846058524,16.68245483739722,39.782635198975335,40,FTTH,high
12.75460219573338,77.50167175763184,Bengaluru,airtel_xstream,-58.73333203075854,87.89132702017385,39.04328098457842,33.825637830644254,100,FTTH,medium
13.283845640902088,77.16173347544743,Bengaluru,airtel_xstream,-56.475789806772646,180.38308319563285,81.48758294102454,44.148914625161154,200,FTTH,high
13.419444233569271,77.65646580378002,Bengaluru,airtel_xstream,-54.05086605588826,37.094457111689564,17.05716077561524,38.99896428667792,40,FTTH,high
12.499860757670115,77.96237962640734,Bengaluru,airtel_xstream,-52.34404664384138,96.07057389510898,44.722758622649096,43.93737729917627,100,FTTH,high
12.8894924300939,77.55467439172844,Bengaluru,airtel_xstream,-43.40947674665038,283.47280132311,140.4045729223124,19.85845764816612,300,FTTH,high
12.738541193372992,77.1928140179647,Bengaluru,airtel_xstream,-51.367939578284584,184.40040293204058,86.44202868975799,40.01626298467839,200,FTTH,high
12.814449812347679,77.74307814478692,Bengaluru,airtel_xstream,-56.854752914083,202.70815107253392,91.31681054342329,26.780476795019744,200,FTTH,high
12.511221981432696,77.81429356849975,Bengaluru,airtel_xstream,-55.53369407002175,36.611043987999466,16.65391309760742,38.340210701101675,40,FTTH,high
12.887120448385357,77.09608943649289,Bengaluru,airtel_xstream,-55.39577946327717,92.15914585869386,41.96442761785674,38.40298427250416,100,FTTH,high
13.37722990377194,77.2810212695554,Bengaluru,airtel_xstream,-58.96542906854205,182.79002718139807,81.05797612208943,40.3272082982498,200,FTTH,medium
12.938143393848836,77.64533319179513,Bengaluru,airtel_xstream,-42.0,107.61768126673547,53.80884063336774,14.549405720227679,100,FTTH,high
12.992770682844418,77.6724535228306,Bengaluru,airtel_xstream,-48.96045087291493,40.03331527693422,19.087824557583723,20.772210329916426,40,FTTH,high
13.096651120263779,77.7189972616371,Bengaluru,airtel_xstream,-52.371819959240014,37.18375194309609,17.3063320363386,30.0309463222483,40,FTTH,high
12.943655089966713,77.33966707735688,Bengaluru,airtel_xstream,-53.29412135426844,104.76131656363015,48.43670154013983,30.490023442134216,100,FTTH,high
12.860307780603394,77.72547318480129,Bengaluru,airtel_xstream,-53.04680880450414,270.70382200814186,125.38386645616272,24.632643599596737,300,FTTH,high
12.711138883278329,77.43345850150547,Bengaluru,airtel_xstream,-44.64998204825227,106.33528027332387,52.22835152392799,32.268244234791,100,FTTH,high
12.51620434825463,77.86799367376334,Bengaluru,airtel_xstream,-52.83557736485121,92.42571604540001,42.87457136699433,34.535380567628124,100,FTTH,high
13.346390076261017,77.84685865206296,Bengaluru,airtel_xstream,-55.40439668772997,978.0897009048026,445.34250929536415,34.30239437483214,1000,FTTH,high
13.173827323356246,77.34799318655902,Bengaluru,airtel_xstream,-56.05991736618953,38.91495118717849,17.63367226691915,31.573914014559467,40,FTTH,high
12.899164270917298,78.08153905582094,Bengaluru,airtel_xstream,-54.996084089728676,39.695056925481765,18.127927470240454,37.349555664216496,40,FTTH,high
12.756507327898309,77.77002084333017,Bengaluru,airtel_xstream,-43.095229164972416,102.4632068658814,50.85753445795365,27.67630192378958,100,FTTH,high
13.257939961689774,77.50437777561815,Bengaluru,airtel_xstream,-57.90754280641817,39.13866370461072,17.49399862474836,31.97921303266222,40,FTTH,medium
13.012853943671836,77.92127832994952,Bengaluru,airtel_xstream,-53.61453438710808,95.30043563822315,43.96065052968983,29.762723485546537,100,FTTH,high
12.476056686500316,77.11235588002444,Bengaluru,airtel_xstream,-55.40237341366668,93.51240744340723,42.57857637714532,49.481094042707575,100,FTTH,high
13.167703105611091,77.29315236856601,Bengaluru,airtel_xstream,-47.75453203179945,286.3793912343604,137.69643101682902,40.842518348598965,300,FTTH,high
13.217791390968156,77.2952365721481,Bengaluru,airtel_xstream,-52.958800804817564,922.4978043348985,427.5506698988235,39.570355811690945,1000,FTTH,high
13.192312606949727,77.65876825901954,Bengaluru,airtel_xstream,-52.514538616649816,198.11391142115875,92.11336780346832,30.247856899639295,200,FTTH,high
12.90350263650711,77.4977055928612,Bengaluru,airtel_xstream,-45.65958912919198,36.80139435656381,17.951770569193943,28.073112348862658,40,FTTH,high
12.56602133246083,77.98972499350614,Bengaluru,airtel_xstream,-58.81182135027657,34.86657363650655,15.479384794675905,43.440195751941545,40,FTTH,medium
13.240596187362922,77.68383527463827,Bengaluru,airtel_xstream,-48.01773008946969,37.6680889894629,18.078456519649073,30.664710153050112,40,FTTH,high
13.2060105676552,77.32225776703947,Bengaluru,airtel_xstream,-53.98627835195427,35.159249076844254,16.174862718152973,39.0970312578202,40,FTTH,high
12.951743672735384,77.89612371392771,Bengaluru,airtel_xstream,-56.533032852288244,193.78531256037093,87.5050285677494,31.292221490604078,200,FTTH,high
12.636739421987045,77.29734908612726,Bengaluru,airtel_xstream,-56.37870364869896,187.35512604729743,84.69781690865294,41.93358745837548,200,FTTH,high
12.693128050454682,77.45015103702,Bengaluru,airtel_xstream,-51.799430712221934,93.75012017119161,43.81273406266223,32.90469704079068,100,FTTH,high
13.345941473811163,77.85630549697309,Bengaluru,airtel_xstream,-54.264960446097845,40.282124308382386,18.494199949767502,38.760091795965906,40,FTTH,high
13.35304119458278,77.49339862073424,Bengaluru,airtel_xstream,-49.81255762834205,37.76364111733066,17.89838515038142,36.00891847309942,40,FTTH,high
13.26958582700766,77.49476296714934,Bengaluru,airtel_xstream,-51.210321183524975,100.71731238427627,47.266526872802785,27.362350495697676,100,FTTH,high
12.802785892171498,78.0373197129475,Bengaluru,airtel_xstream,-54.02495487614829,36.55743849302733,16.81338075229293,43.7538385376524,40,FTTH,high
13.303725869381141,77.1717660697175,Bengaluru,airtel_xstream,-58.021104003031596,35.954798417377944,16.057280659179476,46.19315137576566,40,FTTH,medium
13.099794789431218,77.43676651604336,Bengaluru,airtel_xstream,-48.67104654668553,40.66684726086471,19.42912219381842,28.338708535645456,40,FTTH,high
13.349651139684696,77.56397213866995,Bengaluru,airtel_xstream,-57.7660482749322,202.963417711456,90.81527205011452,32.998084798739946,200,FTTH,medium
12.76540111595391,77.63576653880507,Bengaluru,airtel_xstream,-45.9795825763914,98.48631335653315,47.93670862277762,29.359165164757712,100,FTTH,high
12.89871950989589,77.81000319455806,Bengaluru,airtel_xstream,-46.28072148242799,213.8534256339113,103.87522297294932,28.098365031471836,200,FTTH,high
12.719822864344174,77.1462670394437,Bengaluru,airtel_xstream,-56.818891134869745,276.5245730134196,124.60299469470246,37.083823075624814,300,FTTH,high
12.952853484555078,78.00932571567475,Bengaluru,airtel_xstream,-51.867057363783076,36.81240198712068,17.195434053208466,37.033517094853366,40,FTTH,high
13.186001131603524,77.21354853277644,Bengaluru,airtel_xstream,-59.2351805337384,37.699562022835366,16.68391848639623,44.4997257277646,40,FTTH,medium
12.938692635039747,77.68294519799036,Bengaluru,airtel_xstream,-49.83048161507318,297.8487023084835,141.15002186257513,16.492525219467645,300,FTTH,high
12.803647236383881,77.19091846277803,Bengaluru,airtel_xstream,-55.52413630198917,41.19341327595728,18.739688851684587,39.06681389363771,40,FTTH,high
13.348329446630913,77.89436004381056,Bengaluru,airtel_xstream,-59.23494326348643,37.32339795526832,16.51747682376891,30.12626274672197,40,FTTH,medium
13.016522458709439,77.36006913672627,Bengaluru,airtel_xstream,-46.75800485783645,92.93798427811589,44.99499420348193,32.82634543354979,100,FTTH,high
12.897124773975612,78.06252774273617,Bengaluru,airtel_xstream,-56.20540788803511,35.92043146373346,16.25933446367825,40.974601453061986,40,FTTH,high
13.369640492301986,77.68426367805276,Bengaluru,airtel_xstream,-48.4113814274312,39.35566148606374,18.836750219311806,42.21089366872689,40,FTTH,high
13.056654992326939,77.57964999756125,Bengaluru,airtel_xstream,-55.35016668845406,37.926446691545614,17.27547539499647,22.40739356166163,40,FTTH,high
13.351883073763403,77.83475796651408,Bengaluru,airtel_xstream,-49.159479011654966,105.32305634709009,50.14800080234389,41.10011078441715,100,FTTH,high
12.99420725282519,78.05946943650167,Bengaluru,airtel_xstream,-66.3086535267162,85.91992752556607,35.99797126525119,45.16495653863403,100,FTTH,medium
12.942185623927596,77.4577136023018,Bengaluru,airtel_xstream,-50.6919136343792,41.771731737476415,19.675611586669536,20.019765008460563,40,FTTH,high
12.684950670989855,77.26659943211855,Bengaluru,airtel_xstream,-56.686053969841474,175.63979014905308,79.22171028325779,38.415247478591006,200,FTTH,high
13.411573316953655,77.30516775074123,Bengaluru,airtel_xstream,-55.97356182475257,197.9987160827503,89.77686704002866,36.62837316546617,200,FTTH,high
13.241007394820215,77.9387804826225,Bengaluru,airtel_xstream,-53.52163364668167,37.14958589163833,17.148046549921194,40.213703779359214,40,FTTH,high
12.63765851926874,77.54792164686829,Bengaluru,airtel_xstream,-47.10785218677864,294.18070544877315,142.08158085893788,39.51439198105575,300,FTTH,high
13.206824819569817,77.3577840923207,Bengaluru,airtel_xstream,-55.0585621259918,293.33539495681504,133.89923588242115,34.808783149908884,300,FTTH,high
12.884814565776672,77.61308556412402,Bengaluru,airtel_xstream,-44.94085351854546,90.93363051037932,44.57540696438778,18.17401703800257,100,FTTH,high
13.363742517343173,77.63826532214033,Bengaluru,airtel_xstream,-59.06820105993278,37.80567025680461,16.7519191912401,38.51008782803051,40,FTTH,medium
12.724082189219452,77.15881719158313,Bengaluru,airtel_xstream,-51.43199352348775,194.5388578225652,91.1531314211188,41.93202630385998,200,FTTH,high
12.74666174101463,77.53521679084616,Bengaluru,airtel_xstream,-46.781158033879365,316.51173812937645,153.21156026610694,23.1411737692847,300,FTTH,high
12.919815906041208,77.84184885585697,Bengaluru,airtel_xstream,-46.50352946813043,199.69986124299373,96.85208325519893,25.88916582714576,200,FTTH,high
13.457522272855192,77.22053336397778,Bengaluru,airtel_xstream,-59.87626651479708,204.28320064332945,89.96886385767831,46.07156106413123,200,FTTH,medium
13.085493303367526,77.33539970954668,Bengaluru,airtel_xstream,-52.43673424977355,103.58361174010255,48.18822377550736,33.40827685255527,100,FTTH,high
13.471394640257211,77.78443029157545,Bengaluru,airtel_xstream,-55.45204974639383,285.7701082584267,130.071075088131,42.58218315513368,300,FTTH,high
12.49149464065984,77.53577982268193,Bengaluru,airtel_xstream,-51.84154868292154,105.8276946850557,49.44215264504674,45.5248796916389,100,FTTH,high
13.359631141234436,77.11541882825244,Bengaluru,airtel_xstream,-62.21464119397382,98.55503225704655,42.63666741206757,44.72608158402199,100,FTTH,medium
12.781176759042749,77.61147539747105,Bengaluru,airtel_xstream,-49.84426536806605,199.2358273081105,94.40838465328524,22.8096853178273,200,FTTH,high
12.876777958965743,77.54680777510124,Bengaluru,airtel_xstream,-55.418496260992754,40.50187978179553,18.439358816180427,20.446383980729706,40,FTTH,high
12.868099613427756,78.0426850319563,Bengaluru,airtel_xstream,-60.25810011328415,90.20220369446892,39.61136562892625,42.79927286928354,100,FTTH,medium
12.954785029515284,77.12375217612373,Bengaluru,airtel_xstream,-60.63269069931205,38.233313662021565,16.742025138096682,45.417953983369685,40,FTTH,medium
13.360460305855185,77.36599800474465,Bengaluru,airtel_xstream,-53.520434377055906,100.73519113237559,46.499218369852066,40.2027886320557,100,FTTH,high
13.142131921290673,77.98625096164227,Bengaluru,airtel_xstream,-53.00870446255975,98.3825673844651,45.581068330221065,37.10266360289658,100,FTTH,high
12.96651484801608,77.56241416370845,Bengaluru,airtel_xstream,-52.78256001976345,101.65729565643727,47.17489485534406,20.329495647049306,100,FTTH,high
12.897509596025845,77.9933344770506,Bengaluru,airtel_xstream,-61.21744857638764,847.3846949308236,369.41044146790836,37.735548335170904,1000,FTTH,medium
12.674816612645026,77.97612291897957,Bengaluru,airtel_xstream,-53.30441738655824,102.01057376500498,47.16138653689614,39.15661086545121,100,FTTH,high
12.649988459505842,77.66629037998649,Bengaluru,airtel_xstream,-54.23877404052035,204.10764976500278,93.7270668644496,42.346191803744944,200,FTTH,high
13.310076260742107,77.25483057374726,Bengaluru,airtel_xstream,-58.87860072888528,293.1745032708462,130.0926670200968,36.215859635257495,300,FTTH,medium
13.31605475575131,77.386671131203,Bengaluru,airtel_xstream,-59.5368882776627,34.01998126506441,15.021308597020163,35.43828285336139,40,FTTH,medium
13.134807654689649,77.7951567522602,Bengaluru,airtel_xstream,-53.652615152936754,39.17164863385311,18.064317162138718,23.17664979236374,40,FTTH,high
13.057834510652643,77.37836633952219,Bengaluru,airtel_xstream,-46.85515166708772,107.54999881039154,52.03442755179726,36.62601348074791,100,FTTH,high
13.031757522054038,77.37196396835091,Bengaluru,airtel_xstream,-50.441795392608256,100.14826264333445,47.25602751446648,31.351501752173927,100,FTTH,high
12.609385275402794,77.44061453261918,Bengaluru,airtel_xstream,-52.94771706085264,38.78255767890819,17.976010611571144,36.632026998961045,40,FTTH,high
13.146599527637711,77.80051688996167,Bengaluru,airtel_xstream,-53.18289509728494,184.70812459569447,85.46882369461427,25.546132175985537,200,FTTH,high
12.919196066307133,77.21619164685575,Bengaluru,airtel_xstream,-49.25123622671003,102.31567893866185,48.6847889437294,34.713600805163935,100,FTTH,high
13.053966093671296,78.05764511299819,Bengaluru,airtel_xstream,-54.89853665724472,279.9398758461292,127.9338887549785,41.863138096931884,300,FTTH,high
12.699135971334492,77.77467504548623,Bengaluru,airtel_xstream,-49.9494452663516,103.49970462672098,49.0073015233149,34.03563979650904,100,FTTH,high
13.3247689494468,77.82391389025635,Bengaluru,airtel_xstream,-50.80792949824428,95.18311204647706,44.797002222142346,39.70290451495364,100,FTTH,high
12.918783189295427,77.82929836679375,Bengaluru,airtel_xstream,-45.9650984820225,92.18466344207346,44.87392749077033,31.519699945905604,100,FTTH,high
13.366428727304463,78.01176794606883,Bengaluru,airtel_xstream,-59.97021457458531,89.56033098558534,39.41543760885317,48.7775016017294,100,FTTH,medium
13.042029145394594,77.12002549753778,Bengaluru,airtel_xstream,-57.6404659062448,36.84962131682417,16.503659838866017,36.26124588750718,40,FTTH,medium
13.050605938320373,77.34211412827722,Bengaluru,airtel_xstream,-55.73438226815616,205.34146081718285,93.26993668070875,30.142703947834956,200,FTTH,high
12.609383300038003,77.32045284763764,Bengaluru,airtel_xstream,-61.60051399159178,98.60645175749045,42.860768754298846,43.31129556196775,100,FTTH,medium
12.596937680304787,78.06275662609487,Bengaluru,airtel_xstream,-54.46489734723279,104.06235444633988,47.70742200355333,39.555666426536256,100,FTTH,high
13.413853298186654,77.9544886264841,Bengaluru,airtel_xstream,-59.706368165756864,33.95087647712863,14.971615843717068,39.704922089105246,40,FTTH,medium
17.178041471024834,78.9382896404034,Hyderabad,airtel_xstream,-60.059835393775245,35.486477382459675,15.606972223789336,40.24231346399674,40,FTTH,medium
17.318676250180737,78.23482152458948,Hyderabad,airtel_xstream,-50.83084944375498,41.847857205747935,19.692088181114908,32.09503856989658,40,FTTH,high
17.16450854757752,78.3649016245518,Hyderabad,airtel_xstream,-48.23662297197883,212.11699314688684,101.64885086608692,31.431674766485457,200,FTTH,high
17.798986369963067,78.97832499527573,Hyderabad,airtel_xstream,-58.773252588229205,93.9536368142929,41.7237914675835,48.27381393485445,100,FTTH,medium
17.826383747912725,78.83077365170965,Hyderabad,airtel_xstream,-57.94832382325584,96.83624110927379,43.270201451178295,40.831274433497384,100,FTTH,medium
17.197074503135497,78.50447325377955,Hyderabad,airtel_xstream,-47.22093548309139,38.25874700218787,18.46355200188614,31.281497766520857,40,FTTH,high
17.178263532448568,78.4992470779483,Hyderabad,airtel_xstream,-53.533024179877216,89.96387566977238,41.52341932350301,32.060574305577425,100,FTTH,high
17.510958653734544,78.29807103136508,Hyderabad,airtel_xstream,-50.50462428789667,40.887018586002725,19.284413521914026,25.44380663156223,40,FTTH,high
17.041966296871887,78.36073002187157,Hyderabad,airtel_xstream,-56.59586459730336,878.5926546880268,396.5502625973075,33.96803746504636,1000,FTTH,high
17.283997672559476,78.33386123140575,Hyderabad,airtel_xstream,-47.07390652195626,97.52038482344109,47.110828023122735,22.712514995450377,100,FTTH,high
17.38821848307367,78.66552543957813,Hyderabad,airtel_xstream,-49.54357745389744,40.613841663002304,19.2856752972172,25.12470169762605,40,FTTH,high
17.469791951871915,78.09462068993003,Hyderabad,airtel_xstream,-60.48574416983621,297.1926377018814,130.28356195188803,38.182085775325675,300,FTTH,medium
17.761416186871152,78.10626628154895,Hyderabad,airtel_xstream,-62.86157573763728,196.11636938795542,84.42052971605344,44.76864822641595,200,FTTH,medium
17.49114509882246,78.95791969774723,Hyderabad,airtel_xstream,-56.17714458235776,90.67020844817341,41.0502887091458,46.2946191934871,100,FTTH,high
17.260353080299232,78.02155113125218,Hyderabad,airtel_xstream,-57.277801657928755,39.801821095386586,17.87396278662769,37.0767585901284,40,FTTH,medium
17.770935164719752,78.83089121372389,Hyderabad,airtel_xstream,-52.07200298536528,92.10564990137284,42.96053034810096,44.9332671534294,100,FTTH,high
16.914812849503328,78.25133834766598,Hyderabad,airtel_xstream,-57.325937172384464,41.53800959450721,18.646975046215868,39.454778401462306,40,FTTH,medium
17.546451857121816,78.44739096931636,Hyderabad,airtel_xstream,-47.853161552747075,267.6409777326871,128.59866926366152,27.340461468322136,300,FTTH,high
17.874707025758312,78.34565614087882,Hyderabad,airtel_xstream,-53.42202895687236,187.71194267984063,86.70913385712063,38.04141158940861,200,FTTH,high
17.67954081892214,78.60862266588309,Hyderabad,airtel_xstream,-54.3132634838595,39.94313162845664,18.332131467189424,29.85207183810583,40,FTTH,high
17.12040739585814,78.0135340788289,Hyderabad,airtel_xstream,-60.355592364968146,194.6339853539079,85.40825235853556,45.57071629846259,200,FTTH,medium
17.69486436719339,78.51101119625955,Hyderabad,airtel_xstream,-56.59127172697868,101.84312524888588,45.96816024433888,29.54801739412541,100,FTTH,high
17.072456382459013,78.22754698493536,Hyderabad,airtel_xstream,-59.9054967334549,194.51736543303593,85.64891587864636,35.61309763639999,200,FTTH,medium
17.050805313398087,78.30270050213637,Hyderabad,airtel_xstream,-54.4560921462423,41.46076321006433,19.008917981705185,36.6130882663191,40,FTTH,high
17.806251070937186,78.63518827007688,Hyderabad,airtel_xstream,-58.25849298857269,88.18976168190217,39.31543876772074,41.290256704300006,100,FTTH,medium
17.809452012332706,78.56818022338989,Hyderabad,airtel_xstream,-59.6804026536075,102.83169476455767,45.35549481897802,30.677271900658617,100,FTTH,medium
17.14316066567248,78.057033346746,Hyderabad,airtel_xstream,-53.79226192725892,99.40874643192885,45.796859963345184,46.836187875393755,100,FTTH,high
17.20642471174002,78.8624060101806,Hyderabad,airtel_xstream,-51.091434815041815,101.35010720324127,47.6036606245014,40.94788926610029,100,FTTH,high
17.596121491246745,78.92995514363989,Hyderabad,airtel_xstream,-54.148350444514385,307.1927088474376,141.1567388201243,40.14246585697044,300,FTTH,high
17.786874094552914,78.96681509943373,Hyderabad,airtel_xstream,-56.77983209189337,40.16406598293772,18.103305820283705,44.512061001309874,40,FTTH,high
17.64884631427544,78.0668182035072,Hyderabad,airtel_xstream,-59.30852133699673,34.895340544480526,15.434381117653901,45.02340407827183,40,FTTH,medium
17.778212673570593,78.89357371770605,Hyderabad,airtel_xstream,-54.65648613320057,35.152156506337555,16.09306898192025,37.99814299074667,40,FTTH,high
17.64098392995549,78.23493430474306,Hyderabad,airtel_xstream,-52.69112224628619,192.8239586468243,89.54029761039205,32.405245465691664,200,FTTH,high
17.223914764512497,78.80162128070543,Hyderabad,airtel_xstream,-49.43089265209731,100.52482679308194,47.77244940730741,35.34451553892881,100,FTTH,high
17.045249054816605,78.53633808163852,Hyderabad,airtel_xstream,-51.74973752985434,99.04800020422904,46.30502675262055,37.63813136645381,100,FTTH,high
17.03419614484388,78.96431156387759,Hyderabad,airtel_xstream,-67.25969250477998,95.45518115257192,39.690362163279175,41.715198990569604,100,FTTH,medium
16.958679265221043,78.56891039582422,Hyderabad,airtel_xstream,-57.347078923231905,35.01879802578293,15.717944822563437,40.333696604127994,40,FTTH,medium
17.41959695443136,78.52433631389833,Hyderabad,airtel_xstream,-50.92395280970187,185.47030460802034,87.21805815093349,22.5394668542937,200,FTTH,high
17.313364081165314,78.04722724192337,Hyderabad,airtel_xstream,-48.641284801405156,92.45482152670195,44.180681426611265,35.804489905877396,100,FTTH,high
17.44034325060536,78.29315021736194,Hyderabad,airtel_xstream,-46.48393177078251,37.41240712834189,18.14702129435687,30.165281408619883,40,FTTH,high
17.760638208076244,78.10389841786116,Hyderabad,airtel_xstream,-62.09466664523449,258.0463793127203,111.73866975203066,41.41021175059622,300,FTTH,medium
17.081558055988246,78.34816372358813,Hyderabad,airtel_xstream,-48.578026592557585,35.929306442537104,17.17684011049802,37.75570842506295,40,FTTH,high
17.206122007276093,78.40423244457357,Hyderabad,airtel_xstream,-53.426036185305556,207.59960665331624,95.89300126773814,28.025992833258023,200,FTTH,high
17.517735412258684,78.23474292652433,Hyderabad,airtel_xstream,-54.120277733242865,96.66252665256317,44.42600776152806,36.07151145946448,100,FTTH,high
17.63622080808062,78.58398273145137,Hyderabad,airtel_xstream,-55.9816512274792,178.7424625366372,81.04084869922517,25.400313362983724,200,FTTH,high
17.31373795009101,78.72826252364882,Hyderabad,airtel_xstream,-50.03857789507404,40.24204236800189,19.0427252098941,33.752785915423594,40,FTTH,high
17.284629733648565,78.38774322520439,Hyderabad,airtel_xstream,-46.55769349044049,41.71759790822026,20.2250122060331,23.791046112345786,40,FTTH,high
17.607519476180364,78.7551563994893,Hyderabad,airtel_xstream,-55.312738329230235,102.7808370489342,46.82943722816139,41.423317573502125,100,FTTH,high
17.436810528890145,78.01656360271404,Hyderabad,airtel_xstream,-57.45100027593773,95.6831525633897,42.91357489282976,43.188929685677934,100,FTTH,medium
17.477905085955566,78.77848944330033,Hyderabad,airtel_xstream,-56.03110279013021,1012.6575114683533,458.9664169521435,27.45590950103536,1000,FTTH,high
17.81806658898542,78.56269811895649,Hyderabad,airtel_xstream,-56.14155884799716,86.10724045000944,38.99465153146322,43.75605001575345,100,FTTH,high
17.41084499635299,78.9792411913378,Hyderabad,airtel_xstream,-54.29629213020749,174.65679723083207,80.16962861116028,50.57684305002073,200,FTTH,high
17.487830760141478,78.55723138291796,Hyderabad,airtel_xstream,-45.1451095640246,106.01530477007262,51.89621988848518,30.61538561877522,100,FTTH,high
17.825264746149017,78.64652029722248,Hyderabad,airtel_xstream,-55.85042933962032,88.67920887507995,40.245454049480884,38.565862221895365,100,FTTH,high
17.091224697930116,78.0478775713211,Hyderabad,airtel_xstream,-52.125015919119,906.2551052311923,422.54139472476714,36.17270649247241,1000,FTTH,high
17.02050919559269,78.13970175985536,Hyderabad,airtel_xstream,-57.42549413143566,37.77650330003951,16.94584755015002,43.71888809000558,40,FTTH,medium
17.407201263678278,78.4707176380712,Hyderabad,airtel_xstream,-44.90009820132247,42.10830841569587,20.647093442857628,15.528992041827548,40,FTTH,high
17.391113097281238,78.41352904927746,Hyderabad,airtel_xstream,-44.51303992498038,90.38074898867882,44.433273058812134,17.048721352219484,100,FTTH,high
17.54621516669342,78.5716759602135,Hyderabad,airtel_xstream,-56.95141884125718,40.68833745415873,18.3163408096409,23.544551677911574,40,FTTH,high
16.976291085682956,78.15180575049357,Hyderabad,airtel_xstream,-55.27586001220754,87.80003583326491,40.01461463400168,41.66572335960445,100,FTTH,high
17.624254709392087,78.03286690424696,Hyderabad,airtel_xstream,-53.87869911349963,98.84272675627021,45.50762000914979,39.597229027639855,100,FTTH,high
17.566587978745506,78.57100722949265,Hyderabad,airtel_xstream,-55.86628416764083,90.64516547063818,41.132877325856775,28.6763601836287,100,FTTH,high
17.826761694232655,78.97477178496563,Hyderabad,airtel_xstream,-62.07358167690248,282.38958549551216,122.29955805058674,47.98519205220739,300,FTTH,medium
17.23819723903728,77.98735004372264,Hyderabad,airtel_xstream,-62.92036801773715,88.92745336656299,38.26240984558597,41.47795797523306,100,FTTH,medium
17.726301822882636,78.64194279276158,Hyderabad,airtel_xstream,-54.7898294020895,95.65437751076605,43.74917818896381,37.058033710279105,100,FTTH,high
17.1724755670335,78.49477332625186,Hyderabad,airtel_xstream,-42.90294911649304,311.73978198600145,154.93160712393407,29.234500537256345,300,FTTH,high
17.022278688292364,78.05751808069513,Hyderabad,airtel_xstream,-47.71915974517724,273.69384696402415,131.6292607084809,45.45063766476037,300,FTTH,high
16.889314787045045,78.2590791843591,Hyderabad,airtel_xstream,-58.947819774674976,261.20593859343484,115.8467320588629,39.50558403276295,300,FTTH,medium
17.319593144726838,78.75558405477888,Hyderabad,airtel_xstream,-50.91021034519076,89.3874943135338,42.038875901556466,33.94558907444099,100,FTTH,high
17.549287762697578,78.17559937395552,Hyderabad,airtel_xstream,-47.65754247571564,107.306106335084,51.629423652560675,34.93490148379461,100,FTTH,high
17.241781464738445,78.87104661069543,Hyderabad,airtel_xstream,-51.46634933187039,270.71173066624027,126.813692630714,43.007927379666214,300,FTTH,high
17.74064404432419,78.35762486837932,Hyderabad,airtel_xstream,-52.7204206824073,301.67236163325884,140.0559987334166,39.161967252697806,300,FTTH,high
17.684451860261202,78.53306284058498,Hyderabad,airtel_xstream,-53.66159441445425,304.8900325396821,140.59333660154928,32.007251136072775,300,FTTH,high
17.21135165879765,78.60599929919677,Hyderabad,airtel_xstream,-53.21732005054919,41.44174606494759,19.171321935593443,30.236138753664296,40,FTTH,high
17.609510914872015,78.51683352884811,Hyderabad,airtel_xstream,-51.80882810116416,38.67859312297582,18.074657657694107,30.676628543642614,40,FTTH,high
17.744234466231397,78.1769748937879,Hyderabad,airtel_xstream,-49.8475996232671,283.78133315445524,134.4673256333838,41.96558239431958,300,FTTH,high
17.230389994207382,78.57616864857457,Hyderabad,airtel_xstream,-54.5930311182028,178.74969936120206,81.87151459251764,30.144951105769735,200,FTTH,high
17.00882273071552,78.25681755121363,Hyderabad,airtel_xstream,-53.88573689267635,179.352369966455,82.57040138156339,43.85944009553939,200,FTTH,high
17.80794979695652,78.23616697458283,Hyderabad,airtel_xstream,-56.55184456473992,100.16807192312214,45.22526858497786,38.33368798182509,100,FTTH,high
17.075505923917735,78.06669289852421,Hyderabad,airtel_xstream,-56.87173778516963,37.56230735290244,16.91909772459017,41.78715618981639,40,FTTH,high
17.656986348371163,78.71684551609347,Hyderabad,airtel_xstream,-58.875812463675764,90.5031674137426,40.160535438061395,24.357707160669108,100,FTTH,medium
17.223117658206277,78.37646344027542,Hyderabad,airtel_xstream,-48.122951219244825,102.25015157767065,49.0381668212671,21.17731323269046,100,FTTH,high
17.48129961620274,78.97560499932986,Hyderabad,airtel_xstream,-55.27227029264231,94.21885205723643,42.941099124731146,42.33096209195916,100,FTTH,high
17.222938581247384,78.8593985565991,Hyderabad,airtel_xstream,-46.48213902828046,39.56321385873992,19.190514179635077,41.14067428230376,40,FTTH,high
17.17330481935059,78.06221612998588,Hyderabad,airtel_xstream,-50.57227638656047,37.111183025308556,17.495167119570358,46.29072621137504,40,FTTH,high
17.225154164956546,78.65606698076729,Hyderabad,airtel_xstream,-54.94896972899852,90.05343048863303,41.13971809301724,30.931505302726325,100,FTTH,high
17.282126074131792,78.75661763253038,Hyderabad,airtel_xstream,-53.615193029168005,93.38335178286924,43.076123702538865,30.926609535763102,100,FTTH,high
17.84548331265902,78.51611356220167,Hyderabad,airtel_xstream,-56.11463127942779,41.47010949314341,18.783937064527645,33.808233760277574,40,FTTH,high
17.708464991916507,78.81914651259416,Hyderabad,airtel_xstream,-53.91525919180262,176.30838426909338,81.15165848036608,39.822259997998586,200,FTTH,high
17.319411295696924,78.06006886294418,Hyderabad,airtel_xstream,-52.35687163833585,34.79303815497167,16.19536231055662,38.19851388110518,40,FTTH,high
17.64720201778623,78.47235480569692,Hyderabad,airtel_xstream,-55.76616533888399,41.31830637686144,18.763171064742256,35.13304367951952,40,FTTH,high
17.796886741236623,78.15510712309076,Hyderabad,airtel_xstream,-52.53632817160766,36.64453858516683,17.03527301181522,43.11169672997123,40,FTTH,high
17.75885322695821,78.94883006723917,Hyderabad,airtel_xstream,-57.05802938289391,190.5720127636245,85.7205431559726,45.067942476381084,200,FTTH,medium
16.975302220994916,78.62071300204929,Hyderabad,airtel_xstream,-53.98476958384448,36.38395065580634,16.738464444037145,36.63206983149779,40,FTTH,high
17.087093164599462,78.65256695844629,Hyderabad,airtel_xstream,-49.07609195343948,184.5195455469608,87.9075152018232,40.559156456077154,200,FTTH,high
17.619860677023357,78.19716232257679,Hyderabad,airtel_xstream,-52.05037707163003,40.021738683007804,18.670090792082334,28.02084246822617,40,FTTH,high
17.785965807147917,78.50926728753305,Hyderabad,airtel_xstream,-52.90437738136204,35.85923068430227,16.626206728861302,37.30425745635071,40,FTTH,high
17.426911718297852,78.77061419631116,Hyderabad,airtel_xstream,-49.327948729518425,203.52416835815262,96.79070194258824,32.92833896944725,200,FTTH,high
17.84948734464465,78.15014633921056,Hyderabad,airtel_xstream,-58.853320651897576,85.99541853620009,38.16668139081766,42.04181627543989,100,FTTH,medium
17.146689928794242,78.08356469709432,Hyderabad,airtel_xstream,-52.39916990884897,39.54597159192294,18.402168203311735,38.32428636604643,40,FTTH,high
17.7638522803637,78.16450949404987,Hyderabad,airtel_xstream,-61.503922951475275,1001.6247712802757,435.6936777556727,43.65000654737276,1000,FTTH,medium
16.939526855752277,78.51089246463047,Hyderabad,airtel_xstream,-52.035025359487115,88.44886723771516,41.26581153302964,45.659980666874375,100,FTTH,high
16.9786241524277,78.284839102004,Hyderabad,airtel_xstream,-56.45034458629193,91.09897195353906,41.16144752281758,39.09696007084908,100,FTTH,high
17.053512463523703,78.67829847086904,Hyderabad,airtel_xstream,-52.17908507218821,185.23853811774993,86.33407293171378,30.19826858708123,200,FTTH,high
16.940457595609647,78.16624715976212,Hyderabad,airtel_xstream,-62.144490797200085,168.84010936471083,73.0827279180365,41.54870396614585,200,FTTH,medium
13.170176903583497,79.90028202137421,Chennai,airtel_xstream,-53.380122767929095,41.0051500807466,18.947096233585786,35.21533781570218,40,FTTH,high
12.667895457167512,80.05836522547382,Chennai,airtel_xstream,-53.524328487949944,206.63885882882764,95.38151578935206,39.44720797418282,200,FTTH,high
12.747185765535741,80.21797138681958,Chennai,airtel_xstream,-49.31271135863467,96.67395541864528,45.98048193640908,31.000389499757105,100,FTTH,high
13.109500740303478,79.81311235137603,Chennai,airtel_xstream,-55.06616732340818,95.9004349024059,43.77338035512812,33.50233048295182,100,FTTH,high
13.210655937348182,80.6158174661759,Chennai,airtel_xstream,-55.37340481237149,994.9423949409572,453.1186394286925,39.367654618161,1000,FTTH,high
12.94129563430918,79.79656341428215,Chennai,airtel_xstream,-45.664210805615966,39.607960569366725,19.32020722766108,36.05335373618885,40,FTTH,high
13.368807858089644,80.04151218354869,Chennai,airtel_xstream,-55.92173132802301,87.05555417371853,39.487896967463726,32.63825804269706,100,FTTH,high
13.30286220426236,80.31368117121704,Chennai,airtel_xstream,-53.77815163061039,41.81019299127903,19.263607186451623,36.74825059045837,40,FTTH,high
13.089432951625113,80.17561617317419,Chennai,airtel_xstream,-46.57290276253335,182.07885735548322,88.26399897840892,19.922585110957826,200,FTTH,high
13.321853788356778,80.5109542536514,Chennai,airtel_xstream,-56.40021846168198,34.625859390573936,15.650863229794476,32.11914199035953,40,FTTH,high
12.826501186540012,80.65428625100574,Chennai,airtel_xstream,-51.36479634220199,208.09671270916851,97.55241190790731,37.71016443479078,200,FTTH,high
12.7621944674539,79.84975333682013,Chennai,airtel_xstream,-61.21142635946721,101.79061033573177,44.37682911936544,44.08158319155945,100,FTTH,medium
12.842527428674554,80.18933646966754,Chennai,airtel_xstream,-49.135613886202826,193.2951304564192,92.04996717147556,27.104004186322296,200,FTTH,high
12.585612443858876,80.73043733431123,Chennai,airtel_xstream,-61.42928923571085,37.98060955644875,16.53051728348822,49.27233489481559,40,FTTH,medium
13.134332081555518,80.26270602701811,Chennai,airtel_xstream,-52.54996622094309,41.70397800861255,19.38540380674022,29.26469573402869,40,FTTH,high
12.629487199032853,80.52426603967791,Chennai,airtel_xstream,-60.05584075534511,174.26983077092288,76.64628767592569,41.46171145176499,200,FTTH,medium
13.477785482239238,80.399719882984,Chennai,airtel_xstream,-55.090831182826676,101.32675620533878,46.241873236710966,36.892602033701195,100,FTTH,high
13.194832075588469,79.81685254795514,Chennai,airtel_xstream,-56.29485963962925,102.36486939781891,46.30479656534011,44.699429029434114,100,FTTH,high
12.584854059671468,80.24918429963257,Chennai,airtel_xstream,-56.58087353702332,34.601741015555945,15.619125141415791,44.70004731237354,40,FTTH,high
12.769281560170624,79.82619853914137,Chennai,airtel_xstream,-50.57583251433374,39.35046178645341,18.55035432775232,45.836392474927024,40,FTTH,high
13.23449146755022,80.04276043331386,Chennai,airtel_xstream,-47.31327385156411,35.91903133092871,17.323356832317234,29.92726505328018,40,FTTH,high
13.44615475724095,80.40403724826481,Chennai,airtel_xstream,-57.75784879431463,40.579211216822245,18.158135359920315,39.76682087932718,40,FTTH,medium
12.633836660619554,80.40133422154045,Chennai,airtel_xstream,-56.02841571094355,99.7834819760757,45.22572710055174,41.61854320899535,100,FTTH,high
13.320785626536562,80.14498721414554,Chennai,airtel_xstream,-57.08598165795199,90.53418435017208,40.714435360004906,26.9436830208603,100,FTTH,medium
12.683477056913642,80.64772163997196,Chennai,airtel_xstream,-57.96718997262348,103.48216831779072,46.23335269119815,38.77039680182431,100,FTTH,medium
13.266779702753137,80.70294632286262,Chennai,airtel_xstream,-54.15857735878824,41.85715150945419,19.23216437257303,41.27584789389766,40,FTTH,high
12.628060384997397,80.093513575547,Chennai,airtel_xstream,-56.77076149255672,201.48057142748553,90.82021416061133,40.16546435399529,200,FTTH,high
13.471793604995613,80.7043495963444,Chennai,airtel_xstream,-59.78277439452782,266.1556427599407,117.30120221653512,44.97528041397686,300,FTTH,medium
12.788599960781905,80.47313108920899,Chennai,airtel_xstream,-53.62529030356944,92.56209308405937,42.69417586466899,34.66610246388887,100,FTTH,high
12.811164832225003,80.60305976418418,Chennai,airtel_xstream,-53.38862051992099,87.56286663188351,40.457365783585175,33.990867033767096,100,FTTH,high
13.410898815237958,80.43285310505175,Chennai,airtel_xstream,-50.801985614005034,35.00995807359564,16.477788545762124,34.21160979392816,40,FTTH,high
12.825175027103892,80.40422796450076,Chennai,airtel_xstream,-47.18726610323371,101.93604539804434,49.20545805571894,36.52323318955271,100,FTTH,high
13.140027229876585,80.1321032714927,Chennai,airtel_xstream,-55.406261279939564,98.52048272885092,44.85760358812963,25.154570544486972,100,FTTH,high
13.0558878779132,80.30100968044559,Chennai,airtel_xstream,-57.85872069234906,35.90835988666048,16.055977776787238,16.575590223944126,40,FTTH,medium
13.123667839115896,80.13444193315256,Chennai,airtel_xstream,-46.6290217902133,36.39167761421602,17.63431257824593,24.218641426478708,40,FTTH,high
13.314830118840485,79.91258405912527,Chennai,airtel_xstream,-60.653724264423026,35.516867083965955,15.550027390914765,31.609600922484525,40,FTTH,medium
12.658715706023207,80.59324232222686,Chennai,airtel_xstream,-55.25216366325021,301.6911726206401,137.51871699256472,50.72574496829238,300,FTTH,high
13.085853825208064,79.89138102795094,Chennai,airtel_xstream,-55.0934795999972,207.37644903253593,94.6372934998434,30.92150223519507,200,FTTH,high
12.854903148375232,79.97601840444571,Chennai,airtel_xstream,-54.99490604153685,200.4604937609525,91.54702927559737,41.66192620128176,200,FTTH,high
12.819413612471553,80.4107958214302,Chennai,airtel_xstream,-50.806499411888346,262.7344155605369,123.65463952654612,23.751624106212557,300,FTTH,high
13.494640575750187,79.93294187806181,Chennai,airtel_xstream,-56.8008453207588,40.24602232197817,18.137427323777732,50.82954480340134,40,FTTH,high
13.443168641239891,80.4240840744304,Chennai,airtel_xstream,-52.81492806439444,103.7528267995377,48.136148872053596,43.16622187053617,100,FTTH,high
13.341508548073767,80.36734374329718,Chennai,airtel_xstream,-49.59530144294309,107.14589081478671,50.86026094369011,28.9036347327249,100,FTTH,high
12.985162508536948,79.78832659491098,Chennai,airtel_xstream,-57.50772788751162,36.18106541526878,16.220245650500235,31.349358215696803,40,FTTH,medium
13.581729448948908,80.08156558756775,Chennai,airtel_xstream,-54.81688323816221,99.19954670978396,45.36167666336558,43.9894185653365,100,FTTH,high
13.452179126779898,80.50723088994103,Chennai,airtel_xstream,-58.373898316359494,35.44945035485487,15.789906192490008,33.81069424563162,40,FTTH,medium
13.44537415530092,80.53466519476858,Chennai,airtel_xstream,-61.3377288801225,36.020786113718884,15.688525737139518,42.718401553605,40,FTTH,medium
12.850435985699063,79.91106279827194,Chennai,airtel_xstream,-56.8074957312693,40.53273897746458,18.265741624114092,38.69044414069075,40,FTTH,high
13.221430892118363,79.95812104349933,Chennai,airtel_xstream,-56.214698110018126,96.91717332719202,43.86642546185489,35.23868505254841,100,FTTH,high
13.26603019530479,80.68395706401405,Chennai,airtel_xstream,-55.03223282659198,204.25703151371036,93.25543178633781,32.44410357689978,200,FTTH,high
13.29264708207239,80.54184483197976,Chennai,airtel_xstream,-50.70278714533935,306.72929727316614,144.4666493518901,33.615040257788394,300,FTTH,high
12.86626934700567,80.49579409994901,Chennai,airtel_xstream,-51.92110436336745,41.639266413921256,19.442608181272046,35.21493375367769,40,FTTH,high
12.740132554201507,80.06815405655298,Chennai,airtel_xstream,-57.079215872545994,182.08621092472814,81.89071452253766,31.894248883734445,200,FTTH,medium
12.77589496797912,80.43853296927091,Chennai,airtel_xstream,-52.41941733298655,105.44581057694336,49.06062560041761,26.91168980222286,100,FTTH,high
13.145640003859693,80.54926887953714,Chennai,airtel_xstream,-52.90206476553895,95.42242659692629,44.243541715647886,31.29979032464824,100,FTTH,high
12.92456400388387,80.52269636988791,Chennai,airtel_xstream,-46.292690887155814,98.66475435941962,47.92058620663598,33.106951561436226,100,FTTH,high
13.361873343883081,80.26908755872252,Chennai,airtel_xstream,-50.550773142932755,91.51421608171546,43.148717037297466,29.2772037179341,100,FTTH,high
12.9947644795055,80.59974626556188,Chennai,airtel_xstream,-56.87606598116129,35.75344263115441,16.103819410128143,36.97286975491817,40,FTTH,high
13.084235571824165,80.27209946197729,Chennai,airtel_xstream,-44.07941189221993,92.15785209857506,45.44014560390346,18.2785914115011,100,FTTH,high
12.719206223927959,79.92671032154922,Chennai,airtel_xstream,-59.14850268711025,85.93548570283606,38.05552649310733,44.89057672107049,100,FTTH,medium
13.217320847449656,80.43835451196577,Chennai,airtel_xstream,-46.338861755804956,38.41414649401782,18.651494343326302,19.827998753553466,40,FTTH,high
12.613258345079007,80.74856335966483,Chennai,airtel_xstream,-57.33074958351514,196.75059259473664,88.32084941244126,47.99822160146363,200,FTTH,medium
12.664979199046074,80.64615566496119,Chennai,airtel_xstream,-55.78024128475795,98.6479086848831,44.79264772939336,41.0553639647171,100,FTTH,high
12.866052112783649,80.5858098479879,Chennai,airtel_xstream,-56.70853174535382,206.3591486116369,93.06210734482363,31.342418880504315,200,FTTH,high
13.483988491240021,80.6634801511263,Chennai,airtel_xstream,-57.92939008445295,37.688073068946494,16.842876476317866,50.8700301562942,40,FTTH,medium
12.78297480140312,79.79773674763611,Chennai,airtel_xstream,-55.62838106744347,90.98133248340288,41.35757201134281,41.230103119199086,100,FTTH,high
13.53370387981673,80.32027432087258,Chennai,airtel_xstream,-58.710458207893396,99.42487477930514,44.17432000690386,34.58994671314001,100,FTTH,medium
13.03184691724887,79.8416214831876,Chennai,airtel_xstream,-59.677172392968274,294.5693925576777,129.92751649905878,32.60654933056401,300,FTTH,medium
13.085595416176266,79.84480359193014,Chennai,airtel_xstream,-57.98088590950182,196.84143808937867,87.9350504967939,37.20132473475103,200,FTTH,medium
13.089133946536037,80.42186845289997,Chennai,airtel_xstream,-47.804632664192,974.1457188583184,468.2243325645999,33.448526490901145,1000,FTTH,high
13.217044166351808,80.48102049637397,Chennai,airtel_xstream,-57.47468607333305,38.74165712035284,17.372445287182526,32.931489679005466,40,FTTH,medium
12.670279629094464,80.51800610037085,Chennai,airtel_xstream,-51.635555977700456,39.48826591863809,18.47582830358118,39.30204103479413,40,FTTH,high
13.440760974161904,80.61882546415494,Chennai,airtel_xstream,-60.73638875855424,35.035796890395126,15.329750741850265,39.21828051053292,40,FTTH,medium
12.65760236113497,80.16964744926815,Chennai,airtel_xstream,-54.658893545268356,97.99234560495063,44.86125723159459,36.73840659503907,100,FTTH,high
12.623814740290884,80.37860820707623,Chennai,airtel_xstream,-61.00970383348173,180.84346428631642,78.9624631554792,33.71949285132174,200,FTTH,medium
13.142006362132717,80.03204457990422,Chennai,airtel_xstream,-52.29267460155453,95.02678101197576,44.253124721356386,30.051688942317593,100,FTTH,high
13.108528005532165,80.7013237343701,Chennai,airtel_xstream,-57.162971894858046,34.57837027044211,15.541482279952024,39.524467595750735,40,FTTH,medium
13.545292313628284,79.8796314484079,Chennai,airtel_xstream,-57.93328145078186,38.158541708942444,17.052634905137957,46.54584734710265,40,FTTH,medium
13.4692005716585,79.80007962215439,Chennai,airtel_xstream,-63.379436979738216,36.271712100100515,15.5509601067459,43.876660644020234,40,FTTH,medium
13.385708416444789,80.35543376991504,Chennai,airtel_xstream,-54.80161593266752,97.18429114691492,44.4450923402863,30.648688408704327,100,FTTH,high
12.591493492424608,80.2569288919902,Chennai,airtel_xstream,-53.44152323631332,297.49984963511014,137.40375334288896,35.28114753555171,300,FTTH,high
12.766908043169044,80.46305646337042,Chennai,airtel_xstream,-59.70179118949742,36.36528169029776,16.036872101719197,36.96936648485616,40,FTTH,medium
12.6885262578605,80.17116835335827,Chennai,airtel_xstream,-56.29717807517486,39.01616808140333,17.64868036446574,41.64266534994219,40,FTTH,high
13.512622460700076,80.3192568982241,Chennai,airtel_xstream,-56.046426116661685,39.481438725358046,17.892142322561533,39.548935467185174,40,FTTH,high
13.44475868051989,80.47256517868075,Chennai,airtel_xstream,-49.43708696879395,176.70039703290846,83.96974444927369,39.028225584241326,200,FTTH,high
13.505443913199702,80.34661601147786,Chennai,airtel_xstream,-50.46539347345927,193.31169217735467,91.20098096433884,46.99996789002195,200,FTTH,high
12.617239741920864,80.50849959475048,Chennai,airtel_xstream,-59.21403690216227,40.82916930105455,18.07180189375066,39.377499051596814,40,FTTH,medium
13.27454868254376,79.90796159288422,Chennai,airtel_xstream,-48.62988906201031,35.44613241179309,16.939719787338156,35.3033725998555,40,FTTH,high
13.566034724701211,80.1586723661928,Chennai,airtel_xstream,-49.325198201459656,38.319960356167925,18.224309162480605,46.20963342323532,40,FTTH,high
12.750188945296843,80.18983634797442,Chennai,airtel_xstream,-56.49620139193439,41.03346464798962,18.53396776617455,31.60338465402962,40,FTTH,high
13.475485624726835,79.79895101654351,Chennai,airtel_xstream,-62.22570251103785,40.04581144059366,17.32305682359495,49.606481340030626,40,FTTH,medium
13.29207817287188,79.78210593297415,Chennai,airtel_xstream,-54.09611105442574,38.94933450849711,17.904215668546026,41.64995288965541,40,FTTH,high
13.516006184436145,79.95894693773941,Chennai,airtel_xstream,-56.19569042094054,269.76719838119914,122.1184937441197,45.068547955822034,300,FTTH,high
12.676611337208941,80.63356476658335,Chennai,airtel_xstream,-59.875779556653846,91.97720685483336,40.50805584750417,41.77979540924923,100,FTTH,medium
12.598644747180199,80.19527537656793,Chennai,airtel_xstream,-53.340523182571374,100.46552699178842,46.43499136956212,39.665325059644935,100,FTTH,high
12.837874477565189,80.17283590618632,Chennai,airtel_xstream,-48.591795567664406,103.64254028708702,49.54396868459051,23.128799912964737,100,FTTH,high
13.201878981732085,80.48386573716907,Chennai,airtel_xstream,-51.2415738860811,36.73619048729263,17.236427848041433,22.26526998145658,40,FTTH,high
13.489456444178632,79.94584090248438,Chennai,airtel_xstream,-57.98597327210828,202.35625423388882,90.39525487818808,46.88049286341295,200,FTTH,medium
12.958592100104102,80.69260977952428,Chennai,airtel_xstream,-54.586633580950405,100.67963416894398,46.11575820330988,32.98877644091262,100,FTTH,high
13.479641639035028,80.56305992626145,Chennai,airtel_xstream,-57.10469577468719,37.21789683585979,16.735065054332043,34.90173292036682,40,FTTH,medium
13.083606157407115,80.63769182017136,Chennai,airtel_xstream,-50.13911150107103,188.3716738276817,89.07524339075123,37.92390854548927,200,FTTH,high
12.647640376861302,79.7962210860813,Chennai,airtel_xstream,-61.4982633755682,174.3110479804246,75.82631491423355,42.90935501772582,200,FTTH,medium
13.445768164711382,79.87108292265796,Chennai,airtel_xstream,-56.38338004364925,94.94855792654084,42.922008319090814,46.13262633896383,100,FTTH,high
12.72418616286566,80.70002381426784,Chennai,airtel_xstream,-59.092741534070235,185.3674598315318,82.1222696500075,48.463355858678746,200,FTTH,medium
13.284734054023689,80.25574934337439,Chennai,airtel_xstream,-48.53445472036555,200.25762106773007,95.76689600961434,22.317960512624254,200,FTTH,high
13.138503299299682,79.96630122065598,Chennai,airtel_xstream,-51.862507288476316,98.4929842365597,46.008532868623675,34.23588582652882,100,FTTH,high
13.053679073604878,80.07222697808334,Chennai,airtel_xstream,-55.34685385103284,35.71278048117651,16.267546034933982,35.78841198103814,40,FTTH,high
13.375370146016978,80.15144168186184,Chennai,airtel_xstream,-55.82998731748068,204.35321907536468,92.75593477735352,28.18572657238478,200,FTTH,high
12.610978495220017,80.03593485312959,Chennai,airtel_xstream,-55.78722799893281,955.6042127111834,433.8849958309591,40.04312681077766,1000,FTTH,high
13.080389363104844,80.36830192772993,Chennai,airtel_xstream,-55.50361657781996,308.8647432281918,140.52973472422818,26.150795682966745,300,FTTH,high
13.266302962078676,80.5782019020124,Chennai,airtel_xstream,-52.46726902108887,94.295988267682,43.85792254448344,39.957075719344665,100,FTTH,high
12.968039533258908,79.97790865457111,Chennai,airtel_xstream,-57.91305794387817,89.50584118343997,40.00521513482786,33.292313266286236,100,FTTH,medium
13.076185777495668,80.0098160581041,Chennai,airtel_xstream,-51.2539833361888,42.266489750849615,19.82946690264628,31.661413558830585,40,FTTH,high
12.64081443482797,80.57320852850357,Chennai,airtel_xstream,-57.04599383858439,98.2747149267476,44.20855494578553,36.53769206904005,100,FTTH,medium
12.733637531852608,80.11787687145726,Chennai,airtel_xstream,-54.41165497798978,91.42902450038719,41.93189389328366,34.26239679921561,100,FTTH,high
18.943272644863963,74.34294571856954,Pune,airtel_xstream,-60.80729070794598,97.16491111109939,42.49109312262244,49.38415482708173,100,FTTH,medium
18.568159175622778,74.28732388507079,Pune,airtel_xstream,-50.02895261628925,96.6316565865048,45.72965832003046,37.74273872609653,100,FTTH,high
18.23869137495352,73.76523740053025,Pune,airtel_xstream,-50.46051726566205,95.3716435270676,44.99617697448273,37.173511483268214,100,FTTH,high
18.438319212409798,73.64274289136543,Pune,airtel_xstream,-44.92448060604501,106.08006844846209,52.00593721467953,30.27749097055045,100,FTTH,high
18.5487965890383,73.96276506059829,Pune,airtel_xstream,-50.641214775945585,35.95516830019713,16.94192971147432,26.64168465122571,40,FTTH,high
18.751095770997754,73.76699005911532,Pune,airtel_xstream,-51.33851049200405,34.94245079695036,16.383523920529658,28.81720243235835,40,FTTH,high
18.40432817815638,73.85470500089207,Pune,airtel_xstream,-53.39121928844212,86.97324679255921,40.184185641473476,20.949542902638182,100,FTTH,high
18.68190433553029,74.07080434419312,Pune,airtel_xstream,-50.30798863306679,93.08196150116933,43.96323449026708,26.178743605133132,100,FTTH,high
18.24881333592236,73.3679834032542,Pune,airtel_xstream,-63.26677921242723,38.69370793447618,16.603885488729258,47.63936290960032,40,FTTH,medium
18.458250998486037,73.72840337735448,Pune,airtel_xstream,-51.67773366895405,102.83258899875293,48.099006469979976,23.86087505332376,100,FTTH,high
18.036712183985937,73.85253516885817,Pune,airtel_xstream,-58.188165438662885,37.23541309028078,16.60846312086566,47.699748994159286,40,FTTH,medium
18.899212547296596,73.9888049761451,Pune,airtel_xstream,-56.1794231873158,258.2828379278131,116.93374676057533,35.05487788821532,300,FTTH,high
18.642963439882816,74.10903941667733,Pune,airtel_xstream,-48.593414357735206,35.69270093795469,17.061894579541814,33.91214037746984,40,FTTH,high
18.651126258211413,73.41890369053,Pune,airtel_xstream,-54.37185856734806,37.15544630549582,17.045450063753613,39.002531670704656,40,FTTH,high
18.53641271617061,73.99488201110303,Pune,airtel_xstream,-47.29168161357948,207.42906412697707,100.05570351427946,26.556803624801766,200,FTTH,high
18.804539996176743,73.47255600663973,Pune,airtel_xstream,-52.91849030605726,999.843957604688,463.53269027342157,37.58337109105739,1000,FTTH,high
18.36413988936944,74.02495220875792,Pune,airtel_xstream,-51.970568134981036,99.82164346247532,46.593226739609676,29.36871839640739,100,FTTH,high
18.581589533200162,73.84941374101814,Pune,airtel_xstream,-43.30732922723263,43.21814214932467,21.42073660673398,19.40394055057633,40,FTTH,high
18.86735008605128,74.27147752603356,Pune,airtel_xstream,-59.20025126635101,89.73509712962169,39.72266117134449,38.56435021059062,100,FTTH,medium
18.833951838492176,73.62279652008775,Pune,airtel_xstream,-50.316407726025396,89.57410738068722,42.30393769476836,31.735622996761524,100,FTTH,high
18.40335822469456,73.85429966783056,Pune,airtel_xstream,-47.114874296488246,95.39507758701691,46.071092692304006,19.110789309112175,100,FTTH,high
18.79316859313219,73.43229501997278,Pune,airtel_xstream,-57.52243116336926,41.13046687248308,18.437083967090345,43.77351010886798,40,FTTH,medium
18.73006285944299,73.49214981961906,Pune,airtel_xstream,-51.05008207319285,34.98956969103903,16.4392565874875,38.572287442039105,40,FTTH,high
18.706974531043116,73.44207295692341,Pune,airtel_xstream,-59.94839384997736,101.35140988318675,44.61205486881362,32.73103682827224,100,FTTH,medium
18.89411667124494,74.26256395994106,Pune,airtel_xstream,-57.88265325642874,306.35049681517035,136.9563860214184,44.22585037942693,300,FTTH,medium
18.744500080569487,73.91740355466929,Pune,airtel_xstream,-48.25704597773463,39.08762706792379,18.72856993488008,33.16119196959723,40,FTTH,high
18.60961058019384,73.70184818996567,Pune,airtel_xstream,-52.26186702168036,98.4721750500127,45.86772630601014,19.930349574324374,100,FTTH,high
18.545629643014873,73.68367875414162,Pune,airtel_xstream,-46.087942149042064,94.06844849334836,45.75240299503767,23.006134623670434,100,FTTH,high
18.749086631006364,73.9524749673013,Pune,airtel_xstream,-58.905961388778806,34.79260051590936,15.435625721497448,28.41901859182321,40,FTTH,medium
18.43213118862044,73.85089444170183,Pune,airtel_xstream,-46.02217609039604,193.40529788055022,94.10961505730486,24.1938828822601,200,FTTH,high
18.706544091269286,74.35229852948075,Pune,airtel_xstream,-53.674873786633505,205.99888190081455,94.9827377958085,36.54957404622659,200,FTTH,high
18.426316689416964,73.71641474047594,Pune,airtel_xstream,-49.05472723031554,36.116373332282556,17.208882791449625,21.703763512363935,40,FTTH,high
18.65547648504504,73.48744606190512,Pune,airtel_xstream,-51.1574081451603,98.91131257874183,46.436418757847356,37.625596417664944,100,FTTH,high
18.27953482723858,73.72952809162325,Pune,airtel_xstream,-48.544626930342574,1023.4888376914897,489.41657681220903,31.665393775995376,1000,FTTH,high
18.077771564456874,73.43125651624938,Pune,airtel_xstream,-66.44690180840814,300.81555539142073,125.89441654539095,40.210089758973034,300,FTTH,medium
18.399897579814215,73.67676101178685,Pune,airtel_xstream,-50.39944235349366,99.88400212329219,47.14543466874332,33.37669805427355,100,FTTH,high
18.929320826508697,73.47385839267864,Pune,airtel_xstream,-57.55237450902571,201.30195175961208,90.21523140259498,45.88951152436806,200,FTTH,medium
18.72338313783905,73.92748346276109,Pune,airtel_xstream,-54.23134539892853,207.76276703686872,95.41065630288415,33.869037853572834,200,FTTH,high
18.146801591853105,73.72423446133985,Pune,airtel_xstream,-61.19314481588976,38.8962138800687,16.95963805406775,32.45710161227772,40,FTTH,medium
18.55780693561843,73.55228023259413,Pune,airtel_xstream,-50.291381449841694,35.454442181373494,16.747333409962994,34.84349060018728,40,FTTH,high
18.491138804342015,74.14605805447876,Pune,airtel_xstream,-45.05900747799289,39.12328437146199,19.162714120877848,34.293693237621596,40,FTTH,high
18.03167384971304,74.01546083571863,Pune,airtel_xstream,-56.88713246149648,90.92594466958258,40.95088372651537,48.10919799636626,100,FTTH,high
18.028551141064085,74.06100145281792,Pune,airtel_xstream,-57.12221858896259,103.90558535238338,46.71518276181552,40.01199804289018,100,FTTH,medium
18.831252063716196,74.07205990492437,Pune,airtel_xstream,-52.81972288224021,201.69260139382433,93.57210718198111,33.719933481924755,200,FTTH,high
18.852261186785608,73.79358181463684,Pune,airtel_xstream,-48.375628128413396,40.02726657492267,19.162970065199406,35.19655117155997,40,FTTH,high
18.699789683750904,73.47760830045674,Pune,airtel_xstream,-60.01122488759681,172.30893093946648,75.80948245209284,36.92843998025539,200,FTTH,medium
18.55303115464741,73.67777092403573,Pune,airtel_xstream,-53.37089425800365,39.02859946763792,18.034999475203996,31.37163581976324,40,FTTH,high
18.301972211107895,73.4708914957825,Pune,airtel_xstream,-56.566503136487974,40.59471909388771,18.326282536923976,37.14921676132426,40,FTTH,high
18.749590167637365,73.53305513848146,Pune,airtel_xstream,-60.02010768886292,39.04378164767915,17.176646990934145,29.790158355537802,40,FTTH,medium
18.881594420844248,73.86898809117805,Pune,airtel_xstream,-42.0,42.279516605828064,21.139758302914032,29.136760426956346,40,FTTH,high
18.739289226375753,73.8482141589773,Pune,airtel_xstream,-52.98605823148837,89.28305351509071,41.37196400753909,23.609305246494333,100,FTTH,high
18.485332173437875,74.1947361682697,Pune,airtel_xstream,-49.931069204157566,175.75504834539336,83.23110600133877,37.654009996415326,200,FTTH,high
18.43861179812078,74.11552730215764,Pune,airtel_xstream,-56.370768582183906,97.00823064206419,43.85717254395134,27.07826026774065,100,FTTH,high
18.21244536140375,73.43763560981412,Pune,airtel_xstream,-63.51525775747879,34.956441953847424,14.9712314471858,48.4289326008002,40,FTTH,medium
18.603905282708833,74.29142567779668,Pune,airtel_xstream,-58.24832694208705,37.6471106660707,16.784546791277855,41.834673380667155,40,FTTH,medium
18.777064692385515,74.07228409566738,Pune,airtel_xstream,-51.980200931072055,39.704577482324794,18.53142320397266,30.075930357485422,40,FTTH,high
18.10165541773368,73.4734461721391,Pune,airtel_xstream,-62.63615047127193,92.8808067485429,40.051395694417906,44.70107567277,100,FTTH,medium
18.93608582572117,73.65765713230206,Pune,airtel_xstream,-57.24200249614285,40.57695260392319,18.22689625904537,36.83439125856924,40,FTTH,medium
18.94012197092664,73.71436191637552,Pune,airtel_xstream,-53.344009364050436,40.31922740476075,18.635008058277425,37.642921264335,40,FTTH,high
18.303684100690198,73.40491334322866,Pune,airtel_xstream,-56.188299295914426,181.51738110800287,82.1739474520984,43.09102963276745,200,FTTH,high
18.51541954936137,73.83704749596099,Pune,airtel_xstream,-49.40549024180474,37.975742221942085,18.050441149471425,23.0044054999157,40,FTTH,high
18.187830882465185,74.15195201188257,Pune,airtel_xstream,-50.98690776831642,179.89709674756423,84.55948631958792,38.52901244496005,200,FTTH,high
18.15692485072567,74.15545250065837,Pune,airtel_xstream,-60.84523586326207,39.4564331189322,17.249663931301757,31.66493389284839,40,FTTH,medium
18.96220740077783,74.20178471389397,Pune,airtel_xstream,-51.21605952214897,41.832046273796884,19.630934375589767,44.70421849832249,40,FTTH,high
18.67123167980509,73.36196545100583,Pune,airtel_xstream,-51.055155455301424,38.929876185945325,18.289884490574757,41.25503714316257,40,FTTH,high
18.82507289983483,73.36212527183164,Pune,airtel_xstream,-60.67329840397066,87.98508256074679,38.515968941190664,49.1687074863715,100,FTTH,medium
18.193305856051282,74.12531265939496,Pune,airtel_xstream,-48.0740885799411,95.73600445737709,45.929638990809394,39.0717576335375,100,FTTH,high
18.89477335828362,73.89429646749744,Pune,airtel_xstream,-48.68770597592688,101.99969019815194,48.72603197347306,37.40915969302419,100,FTTH,high
18.199997801559658,73.40733786867601,Pune,airtel_xstream,-63.14519454443213,990.0941889039265,425.2613136463457,40.33889401776185,1000,FTTH,medium
19.008919582544436,74.33980709581279,Pune,airtel_xstream,-66.21970315520862,33.65618826775853,14.110951169942842,49.67716312705617,40,FTTH,medium
18.508068228061997,73.94524974110386,Pune,airtel_xstream,-52.6049999070739,196.62236955558987,91.36058407490933,19.004966967265077,200,FTTH,high
18.902533669035623,73.47740042801443,Pune,airtel_xstream,-54.19976460575501,272.692666511637,125.25704545195977,46.03761011121129,300,FTTH,high
18.477845473352616,73.73681570981094,Pune,airtel_xstream,-49.494496158374,103.21991794478427,49.031354710709245,27.685039978865312,100,FTTH,high
18.853659266412702,74.34866178433529,Pune,airtel_xstream,-56.631247794694254,89.5681600583188,40.415766881399065,48.97650752777077,100,FTTH,high
18.56868947648612,73.84993683037276,Pune,airtel_xstream,-46.0113542698909,40.48701705951738,19.702149300569218,19.363103932585993,40,FTTH,high
18.274984212223575,74.21603968302848,Pune,airtel_xstream,-51.672032006267486,37.82799073909881,17.69441691234489,38.6944220620933,40,FTTH,high
18.095278984474948,74.12416921328462,Pune,airtel_xstream,-59.402408519410464,38.22746217345416,16.896231375384545,36.250828163309045,40,FTTH,medium
18.146879051130384,74.18039584204575,Pune,airtel_xstream,-55.806846894133585,39.36861926164838,17.872454635560796,42.8501725418544,40,FTTH,high
18.788461136329857,73.66202533360241,Pune,airtel_xstream,-54.18743105795074,41.38067828850567,19.00925859834483,39.56212864154701,40,FTTH,high
18.175824670025094,74.14831455962066,Pune,airtel_xstream,-56.65368015413153,177.5705317101164,80.11172660012781,40.79409060545671,200,FTTH,high
18.139454860277407,73.557253570629,Pune,airtel_xstream,-56.04325470852422,103.41485742958773,46.866491436362466,36.17349118884964,100,FTTH,high
18.6029859517669,73.67074478983051,Pune,airtel_xstream,-49.548066236089035,264.96190484487715,125.81445239640706,28.745067201241,300,FTTH,high
18.792475014970773,74.3131134811202,Pune,airtel_xstream,-50.408095819685286,190.32647165127892,89.8289584567509,42.54395446717211,200,FTTH,high
18.636941199305223,74.14546395431975,Pune,airtel_xstream,-48.092205744947506,39.096555919408225,18.754330417771175,28.936840716685943,40,FTTH,high
18.50441558375644,73.7889065601785,Pune,airtel_xstream,-47.05571124125784,88.70034243735991,42.855360157466684,23.136329676619795,100,FTTH,high
18.60006342074864,74.06168784402607,Pune,airtel_xstream,-53.00878905764026,36.6785790531603,16.9933337274794,29.29541471784767,40,FTTH,high
18.7107279466905,74.19860061843043,Pune,airtel_xstream,-58.23431398128999,101.2008071786294,45.12398465965518,35.219258661008524,100,FTTH,medium
18.251187777751117,73.55369388278461,Pune,airtel_xstream,-56.609425454305544,203.022776671457,91.62456793136924,29.633776221509706,200,FTTH,high
18.63583875681989,73.61916358989275,Pune,airtel_xstream,-44.08715787766486,94.70524507351102,46.69373987571765,30.24139303577056,100,FTTH,high
18.501093732460514,74.08186674432291,Pune,airtel_xstream,-48.95020630760155,39.784712069486815,18.970649512171875,20.083016318571666,40,FTTH,high
18.305494600781774,74.19358636135662,Pune,airtel_xstream,-50.29253774006739,37.93431029396083,17.918582814460088,36.839454981246725,40,FTTH,high
18.220383508147936,74.12238747903638,Pune,airtel_xstream,-55.16753445881644,175.22518012975348,79.92164474017392,25.522411784687485,200,FTTH,high
18.994419009311393,73.85921893774363,Pune,airtel_xstream,-50.84301015735278,93.06671638944582,43.79005846691177,40.461132967676356,100,FTTH,high
18.80765819551234,73.39935146215358,Pune,airtel_xstream,-57.74111009154746,41.24004352167384,18.456141543320665,45.20348198081764,40,FTTH,medium
18.83570881353506,73.75501672736512,Pune,airtel_xstream,-49.860275986574564,264.42300097381127,125.2833746040642,39.44281037184943,300,FTTH,high
18.82906518482967,73.85066014079389,Pune,airtel_xstream,-53.479481402704295,899.1926252296169,415.1887625522343,30.25740685859045,1000,FTTH,high
18.56222941501433,73.47554844905709,Pune,airtel_xstream,-55.59123135600827,96.65213981403375,43.94733126279757,33.932065024485915,100,FTTH,high
18.30268495881942,74.04460076749079,Pune,airtel_xstream,-46.65365079248385,97.02126831714564,47.00562381793324,32.922274077543804,100,FTTH,high
18.85698150103158,73.8352864800003,Pune,airtel_xstream,-54.88482711180152,919.8741863300702,420.42902698012824,37.311587336367,1000,FTTH,high
18.16673853305253,73.78279963892057,Pune,airtel_xstream,-59.66852576492959,35.47900002950805,15.649961260969688,36.797920378149925,40,FTTH,medium
22.58253536066751,88.41018280501233,Kolkata,airtel_xstream,-49.903305741753215,38.24994936304339,18.117304533445992,17.883920092162356,40,FTTH,high
22.362297191912074,88.15587819439659,Kolkata,airtel_xstream,-51.102859384771655,41.82552891681855,19.64365809699761,30.64053179107223,40,FTTH,high
22.52770711167539,88.60111017636716,Kolkata,airtel_xstream,-53.38340128231217,173.64465373045346,80.23343761875374,25.355663482382678,200,FTTH,high
22.65592934795608,88.15312451826694,Kolkata,airtel_xstream,-50.936826322730965,93.62066296271024,44.02142613096621,27.23801278799464,100,FTTH,high
23.028250709235877,87.87482333945653,Kolkata,airtel_xstream,-56.203408539510704,312.78110087431423,141.58202457330447,44.779580956734,300,FTTH,high
22.716738208013766,88.50213407003147,Kolkata,airtel_xstream,-43.801612718965096,102.97017700388567,50.86671390006187,22.88676889928984,100,FTTH,high
22.463779898448852,88.35958474462556,Kolkata,airtel_xstream,-50.19241559195736,41.310514468226884,19.527147557975837,20.397825843769592,40,FTTH,high
22.109134189110545,88.54905138204373,Kolkata,airtel_xstream,-57.05221573317023,257.27893293687504,115.73073979455192,43.14741349985758,300,FTTH,medium
23.056697347282306,88.84710546272758,Kolkata,airtel_xstream,-54.94344813422312,181.47318656056817,82.90696402028772,47.849403953867686,200,FTTH,high
22.477448584109347,88.46005883977801,Kolkata,airtel_xstream,-54.68368390469115,34.8827805712657,15.966583077357395,22.662735768406,40,FTTH,high
22.449857897591905,88.61957997830939,Kolkata,airtel_xstream,-48.150722806065346,42.721827863554346,20.48501352858663,28.62028767348141,40,FTTH,high
22.400309431948514,88.53269572236977,Kolkata,airtel_xstream,-55.37435312100228,41.95327671276773,19.10631189858494,24.935991607056444,40,FTTH,high
22.41507467258951,88.82702484551072,Kolkata,airtel_xstream,-60.48238726276356,299.9186907459311,131.48196740727448,43.47033458120484,300,FTTH,medium
22.982568405206056,88.33753552309774,Kolkata,airtel_xstream,-57.09678847137011,185.2827941600285,83.31747991061971,42.570400903903284,200,FTTH,medium
22.996487754069705,88.59583574282186,Kolkata,airtel_xstream,-46.08854292428319,215.7621532968677,104.9405672311338,38.66589787208198,200,FTTH,high
22.88634824478559,88.64001186114358,Kolkata,airtel_xstream,-46.48366257568493,98.46413758591963,47.76046889715621,42.13337644987739,100,FTTH,high
22.285907247320644,88.07279759061798,Kolkata,airtel_xstream,-50.73168697108686,100.80124695041454,47.46674035965312,37.15204262284857,100,FTTH,high
22.72210351875183,88.79104823187748,Kolkata,airtel_xstream,-54.355340461902394,90.70383718179936,41.6163292922927,37.49019363450297,100,FTTH,high
23.05647216485366,88.3467718893955,Kolkata,airtel_xstream,-56.36682170172878,39.73857403480213,17.96623032460456,36.99683946216804,40,FTTH,high
22.724643633502403,88.25934147829896,Kolkata,airtel_xstream,-51.087729989005986,91.0074758698493,42.74690004263742,27.287671370754925,100,FTTH,high
22.74094808558727,88.45940616049631,Kolkata,airtel_xstream,-44.99505097948625,106.60532648788306,52.23836861888824,28.072064806125866,100,FTTH,high
22.29464322872372,88.38360306517296,Kolkata,airtel_xstream,-53.250462724730234,100.61078149678865,46.53233125860899,27.277197507828234,100,FTTH,high
22.378417801022145,87.89347254308316,Kolkata,airtel_xstream,-50.9074119170149,102.69037066039829,48.29616722558878,39.84714350476989,100,FTTH,high
22.144778977579065,88.09040759688288,Kolkata,airtel_xstream,-51.66269717412666,100.78453966156981,47.146101542173206,36.113687557120755,100,FTTH,high
22.919208238720255,88.12459505338548,Kolkata,airtel_xstream,-49.97793613773152,91.0452246737215,43.10143570988619,38.0293202368205,100,FTTH,high
22.75916001475963,87.96301388999751,Kolkata,airtel_xstream,-48.743158498936495,92.85049416556826,44.338228419907445,43.22629850598785,100,FTTH,high
22.49621487750593,87.98382461706588,Kolkata,airtel_xstream,-52.12175345284761,90.348774769803,42.12609397494548,28.737703902991804,100,FTTH,high
22.515482792395584,87.91732954436415,Kolkata,airtel_xstream,-50.38058596886127,94.23479066395333,44.48491945058698,32.97097511240345,100,FTTH,high
22.86307473581997,88.71110633268582,Kolkata,airtel_xstream,-49.14830201559977,42.319854812813844,20.1515437282125,37.10533821083336,40,FTTH,high
23.048680729088638,88.75337197157145,Kolkata,airtel_xstream,-59.23236938935104,89.51080855723158,39.61379322062346,45.21648600509881,100,FTTH,medium
22.64337537669296,88.72558432760026,Kolkata,airtel_xstream,-52.17757635879417,100.19083653397297,46.69641863606657,35.07709686636602,100,FTTH,high
23.0229030525092,88.79826065379824,Kolkata,airtel_xstream,-56.21714832364525,35.31239657844242,15.982726356490877,51.178194756996994,40,FTTH,high
22.184936903391023,88.0054709066308,Kolkata,airtel_xstream,-58.514809851743195,88.51380364724504,39.384273035326565,34.92977013305713,100,FTTH,medium
22.74733860218431,88.0305233070431,Kolkata,airtel_xstream,-55.86950891892755,37.93459553187948,17.2135170623887,32.32394830488104,40,FTTH,high
22.759651427866803,88.8604277732557,Kolkata,airtel_xstream,-53.773252746448634,89.9057384533647,41.42459261945712,46.84322869167253,100,FTTH,high
23.070106983765836,88.8546574818195,Kolkata,airtel_xstream,-59.84647796047469,34.515032437990335,15.204276999962955,52.594433881426305,40,FTTH,medium
22.52013173179421,88.7851364630568,Kolkata,airtel_xstream,-55.28498746546366,921.0357510428948,419.7313808286182,39.10780240754368,1000,FTTH,high
22.989227496378305,88.1283611488463,Kolkata,airtel_xstream,-56.154094242538896,34.584898432026726,15.660722843428221,41.57589390654694,40,FTTH,high
22.748248592826794,88.41926448636754,Kolkata,airtel_xstream,-47.837755261556886,199.26796002999592,95.75638807458189,31.466916887045702,200,FTTH,high
23.060553691447787,88.14924811638433,Kolkata,airtel_xstream,-53.786720503099424,105.20520921368673,48.46918995193728,40.8359442982574,100,FTTH,high
22.453609912459804,88.77382398438228,Kolkata,airtel_xstream,-52.92678018286662,91.79532674221072,42.55423884735018,38.11433694790178,100,FTTH,high
22.562704276377975,88.27456469931386,Kolkata,airtel_xstream,-52.49502967555084,294.7226295238555,137.05090561889696,20.311711698669974,300,FTTH,high
22.59907249851382,88.09362419318532,Kolkata,airtel_xstream,-51.12040237282526,91.13261949416736,42.79575588349572,29.485208286134117,100,FTTH,high
22.099491198316954,88.15700968683316,Kolkata,airtel_xstream,-67.71339945815728,40.17113320765609,16.642445287643685,43.06729504685345,40,FTTH,medium
22.24289855298351,88.76223633996113,Kolkata,airtel_xstream,-56.92409647837938,1009.6593255828332,454.602152173771,49.562534103792316,1000,FTTH,high
22.411739246553584,88.54476389358537,Kolkata,airtel_xstream,-46.75822074615731,1010.1232112013437,489.04030820162757,34.002199179037476,1000,FTTH,high
22.502351775065954,88.2531667152132,Kolkata,airtel_xstream,-44.128361159436864,36.33669638625029,17.910556148955994,21.773419541700274,40,FTTH,high
22.89750687873411,88.6505149000562,Kolkata,airtel_xstream,-50.21069569722753,35.84455705567366,16.94124935988334,40.11826294761555,40,FTTH,high
22.35089221363929,87.91067083689775,Kolkata,airtel_xstream,-54.80210120945147,101.55233093090447,46.44255473667508,44.80104519107986,100,FTTH,high
22.99049177253767,88.83767046479367,Kolkata,airtel_xstream,-57.8096564807712,102.83653889977982,45.99890160429996,48.65256332384126,100,FTTH,medium
22.257631660201433,88.67761522448954,Kolkata,airtel_xstream,-49.80340826039741,37.49545443238355,17.77241942004172,33.530164651483496,40,FTTH,high
22.590957987537383,88.78545820782557,Kolkata,airtel_xstream,-55.74067326905548,100.40756260100382,45.604889595693145,31.358967439447042,100,FTTH,high
22.19359826385,87.88352220573377,Kolkata,airtel_xstream,-60.73248104797511,89.70297066558565,39.25028800632566,46.19433314883504,100,FTTH,medium
22.200086817753608,88.3805300587787,Kolkata,airtel_xstream,-50.51201474121502,41.989799824387525,19.80350726190758,36.883804650497886,40,FTTH,high
22.53715282242774,88.36831788150208,Kolkata,airtel_xstream,-48.780572943891244,101.95831209197276,48.674703471400875,19.536079547088338,100,FTTH,high
22.75268739158412,88.01024102844069,Kolkata,airtel_xstream,-55.659737771974314,38.77717545762711,17.62296756785014,37.96335032790643,40,FTTH,high
22.074090345511454,88.38643841572345,Kolkata,airtel_xstream,-52.751917846096156,88.39843705623987,41.03104275161329,40.57644161420618,100,FTTH,high
22.64853018504646,88.5394383382843,Kolkata,airtel_xstream,-48.75330220607824,38.97626316630824,18.610736636401736,29.534215115937645,40,FTTH,high
22.671521690429053,88.6693601755572,Kolkata,airtel_xstream,-57.39204364855152,104.18955008324004,46.74914136627277,27.452339527662623,100,FTTH,medium
23.06703070130349,88.85541766488296,Kolkata,airtel_xstream,-67.32129251757955,285.24767157424856,118.54770334749091,45.67234748506995,300,FTTH,medium
22.86126254073277,88.67656448755527,Kolkata,airtel_xstream,-48.20890830617469,41.58981472498232,19.93414954216379,38.002761268996494,40,FTTH,high
22.41517733392004,87.86460142085863,Kolkata,airtel_xstream,-55.10503837272748,103.58613515894953,47.2680666590062,35.717416232976255,100,FTTH,high
22.380621650620064,87.86736142155786,Kolkata,airtel_xstream,-52.91519616626328,88.08911437568003,40.83952397609684,38.09842212832492,100,FTTH,high
22.85442172618495,88.66163511530533,Kolkata,airtel_xstream,-57.310552051521306,104.36741432898155,46.85729806593557,36.430875438535935,100,FTTH,medium
22.074800097955084,88.79587734205626,Kolkata,airtel_xstream,-57.229798521638074,272.80874999933974,122.55496734157028,48.88097316565656,300,FTTH,medium
22.33582722084972,88.42673666985836,Kolkata,airtel_xstream,-55.45338905111599,176.9454791967845,80.53768502349061,22.75126281157855,200,FTTH,high
22.873921230861516,88.38721505267252,Kolkata,airtel_xstream,-49.95056487119963,186.8009427259745,88.44989465250688,39.90583016093656,200,FTTH,high
22.581007834884065,88.3666907588517,Kolkata,airtel_xstream,-52.086649436890404,40.11334265681859,18.707973911338655,23.4353400970785,40,FTTH,high
22.140638200748064,88.55028983597411,Kolkata,airtel_xstream,-57.8283017789687,88.10895111227632,39.40575866402646,33.36292578744465,100,FTTH,medium
22.668627014924983,88.17428812836458,Kolkata,airtel_xstream,-51.37853410683942,35.48916139327625,16.635126328138224,28.805384056691512,40,FTTH,high
22.806029258085516,88.60574201763036,Kolkata,airtel_xstream,-52.50785521221624,311.9240705494577,145.03652537293277,28.213447458725845,300,FTTH,high
22.207472437802302,88.85075471113298,Kolkata,airtel_xstream,-54.186304292296306,41.803977863856495,19.203868949003663,51.14637154912909,40,FTTH,high
22.40018684183707,88.8188995667411,Kolkata,airtel_xstream,-49.275085215275574,94.29355921017053,44.86013401006652,38.563120712447194,100,FTTH,high
22.294863636104605,88.83319875639977,Kolkata,airtel_xstream,-51.385823227915374,91.37192430893354,42.82729305593972,42.005633657368904,100,FTTH,high
22.80376652894223,88.52097115324096,Kolkata,airtel_xstream,-58.60559706922006,197.38579154860616,87.76719936881902,31.210247148631385,200,FTTH,medium
22.211065688242908,88.82420910764537,Kolkata,airtel_xstream,-61.017442961929945,99.32595993658231,43.366560709181506,48.27604393907986,100,FTTH,medium
22.457459200795494,88.34927583244084,Kolkata,airtel_xstream,-45.984403230747965,108.12143297067341,52.62471852919853,26.968197104690752,100,FTTH,high
22.255012679329408,88.25185829391917,Kolkata,airtel_xstream,-50.9614190189846,105.9577700290725,49.81377842937716,31.189737873010518,100,FTTH,high
22.122891473017756,88.54497326048718,Kolkata,airtel_xstream,-59.72778156181933,85.97373141272078,37.90645393789626,39.380886930302715,100,FTTH,medium
22.762336648222902,87.86409509166508,Kolkata,airtel_xstream,-56.76071218563586,176.14233081101887,79.40454457614773,45.177591206693705,200,FTTH,high
23.02573785724439,87.88165120083917,Kolkata,airtel_xstream,-55.58031402672087,299.1173475545736,136.01831540851705,48.21815340490315,300,FTTH,high
22.972441001991072,88.40043270344731,Kolkata,airtel_xstream,-56.07803387182324,185.07946009978977,83.85454702234955,43.3004526664418,200,FTTH,high
22.808501646330487,88.13514172297735,Kolkata,airtel_xstream,-55.22018189103507,97.16604826602838,44.30118136064756,36.75040045495103,100,FTTH,high
22.72955841561938,88.6008363617655,Kolkata,airtel_xstream,-53.76898405579234,34.771411829467084,16.02162527667225,30.634768236239065,40,FTTH,high
22.210684463898932,88.83343223043003,Kolkata,airtel_xstream,-65.69195352885984,34.41638642696737,14.49022178728704,48.54830730359413,40,FTTH,medium
22.896308243061622,88.17699630341842,Kolkata,airtel_xstream,-51.96389138395509,40.36469821553372,18.84171754521451,29.62002494549855,40,FTTH,high
22.91222906330228,88.39578263874519,Kolkata,airtel_xstream,-45.63715618291389,94.97776074281875,46.33738387232584,31.573285483299795,100,FTTH,high
22.54820097752961,88.4136695918176,Kolkata,airtel_xstream,-45.29537608638543,101.89835598532572,49.82986664080942,12.609354488793091,100,FTTH,high
23.027900872604622,88.60306590169009,Kolkata,airtel_xstream,-57.232366665584955,299.99087037508247,134.7635320746038,38.3803598325484,300,FTTH,medium
22.121231726637827,87.97143717175967,Kolkata,airtel_xstream,-54.13850841259106,96.38504127883678,44.292618524714726,46.15762877929347,100,FTTH,high
22.46289089285341,88.50786860020686,Kolkata,airtel_xstream,-56.26517632294726,273.19906879635903,123.6087581060293,22.784013832639534,300,FTTH,high
22.729055910371653,87.91546299583187,Kolkata,airtel_xstream,-63.466943357346125,40.778784279803034,17.471405965514954,40.66065830695932,40,FTTH,medium
22.39221934211667,88.65969568173696,Kolkata,airtel_xstream,-52.293386289680384,97.64141433331257,45.470504514644546,29.713422070266606,100,FTTH,high
22.481111015632695,88.67477321954881,Kolkata,airtel_xstream,-50.781037999455556,183.4320334055642,86.3469378506099,38.82840633055326,200,FTTH,high
22.913726453388765,88.38594970348716,Kolkata,airtel_xstream,-51.926987885756915,983.2750928880793,459.10101332581803,38.470736242739235,1000,FTTH,high
22.556598028758533,87.88192689008872,Kolkata,airtel_xstream,-57.78617615976604,37.484462865528826,16.76977698593292,38.53219347941774,40,FTTH,medium
22.633552679953954,88.455114130167,Kolkata,airtel_xstream,-48.107094814316895,91.8915529412937,44.07514171582251,27.309709980466135,100,FTTH,high
22.077805049712055,88.60514815104533,Kolkata,airtel_xstream,-51.737108431649666,281.6629630086628,131.68953879768114,41.41632826600264,300,FTTH,high
23.06000980146152,88.73289880804747,Kolkata,airtel_xstream,-55.195171226214235,103.85206111189417,47.358211460724725,39.8430353736567,100,FTTH,high
22.140971920168756,88.15338848357747,Kolkata,airtel_xstream,-55.06592341783028,38.11622234756937,17.398032366550243,37.79684788426655,40,FTTH,high
22.252852598592195,88.29118474006926,Kolkata,airtel_xstream,-52.20267012430224,34.95352365957046,16.288030924516594,30.406846933227047,40,FTTH,high
22.415220705364515,88.07924863661925,Kolkata,airtel_xstream,-53.69579202385176,88.66290479420309,40.87484274808965,30.85787747360937,100,FTTH,high
22.43956125927011,88.58305078765909,Kolkata,airtel_xstream,-53.339433087432454,312.18104126470905,144.290667203734,28.78784624403107,300,FTTH,high
22.366313266922973,88.7699249391153,Kolkata,airtel_xstream,-58.20283091136058,39.25512709204103,17.50741625709948,44.351214239788774,40,FTTH,medium
22.51042576043137,88.09983688280604,Kolkata,airtel_xstream,-49.950302966272794,91.62609315490242,43.38486257679318,30.89785429437267,100,FTTH,high
22.128894798798665,88.59276025026098,Kolkata,airtel_xstream,-53.316084437261765,40.30370519495365,18.631585493741486,44.10630691892894,40,FTTH,high
22.665222038960515,88.65379169734838,Kolkata,airtel_xstream,-48.29828835601169,271.40658759641644,130.0053039635303,30.063852755122358,300,FTTH,high
22.497603922841186,88.32760678522286,Kolkata,airtel_xstream,-50.3909470592993,98.28510964674055,46.39353765082618,27.509118864094773,100,FTTH,high
22.67026483627908,87.94958763284562,Kolkata,airtel_xstream,-57.9081433450399,94.59301775978277,42.28051126001628,40.588658312715,100,FTTH,medium
23.046292725290634,88.28139768838591,Kolkata,airtel_xstream,-52.6855950430244,41.28291302603136,19.171014877040452,42.86613620491653,40,FTTH,high
22.54052053036413,88.73654260283023,Kolkata,airtel_xstream,-53.9330937320057,41.08926863889855,18.910227339290813,30.54908712918008,40,FTTH,high
22.58994897974514,87.91640663743728,Kolkata,airtel_xstream,-55.63408243066582,40.935933104916,18.60755359802918,35.33408425576308,40,FTTH,high
22.271298158669147,88.23591536572619,Kolkata,airtel_xstream,-50.65583253391416,211.26614506547298,99.53745796016199,34.92949522878737,200,FTTH,high
23.04974590810343,88.42699475388955,Kolkata,airtel_xstream,-48.220722530752994,90.80845596899945,43.5212472910689,36.409414671651305,100,FTTH,high
22.974207559273726,88.20821686866755,Kolkata,airtel_xstream,-52.61657675687207,206.82004363269752,96.09095225606154,35.26908305113807,200,FTTH,high
22.510064668319664,88.31942757129382,Kolkata,airtel_xstream,-44.1812468166914,211.15053252782585,104.04002817418286,19.52922314864117,200,FTTH,high
22.511187874297768,88.80591484847778,Kolkata,airtel_xstream,-52.80505263356773,36.666205565727694,17.012501846160838,28.66910180840665,40,FTTH,high
22.737830039332486,88.43362584490067,Kolkata,airtel_xstream,-49.25831209763858,97.63889505764638,46.457135618166596,22.79066704613763,100,FTTH,high
22.430192606711547,88.73701885580674,Kolkata,airtel_xstream,-57.91837164273684,93.7935477837509,41.91997205416697,36.46796217365893,100,FTTH,medium
22.556280869354232,88.08753041652521,Kolkata,airtel_xstream,-57.4228747571219,86.04084044456245,38.59709653503457,28.18440070696093,100,FTTH,medium
22.504805155462577,88.58719859187211,Kolkata,airtel_xstream,-56.30195232097997,93.50496317666564,42.29480317124062,33.62969975906587,100,FTTH,high
22.937007457905455,88.08694771926865,Kolkata,airtel_xstream,-58.12062265027195,87.87188420114619,39.21411047798952,40.95499569860793,100,FTTH,medium
22.883220315913878,88.10421032637696,Kolkata,airtel_xstream,-54.40782819103562,291.3061294449329,133.60481003863873,34.51521007455911,300,FTTH,high
22.80535375975989,88.28896872696691,Kolkata,airtel_xstream,-46.012299766075905,891.2169470290983,433.68904168758996,28.411029419209427,1000,FTTH,high
22.788524126088173,88.46779688102399,Kolkata,airtel_xstream,-53.11042079364588,87.3097115202501,40.421363645585686,31.13987178939052,100,FTTH,high
22.594694307126318,88.32996176467842,Kolkata,airtel_xstream,-48.19844092626008,271.4837261786044,130.13261029210537,26.035995565025473,300,FTTH,high
22.766819919028258,88.02650554298367,Kolkata,airtel_xstream,-53.64883164911743,183.72738606545343,84.72966173403047,33.19013252599781,200,FTTH,high
22.10069114506845,88.46597239584818,Kolkata,airtel_xstream,-53.2974043497774,100.52662294458182,46.4776784478824,31.139215286591323,100,FTTH,high
22.77394203146587,88.50484201327282,Kolkata,airtel_xstream,-55.042689017769064,179.65085200408308,82.0149920204865,28.763402187411465,200,FTTH,high
22.769255862988267,88.4159788017681,Kolkata,airtel_xstream,-53.539235660057294,34.86817311646238,16.09291300280941,22.8448774715304,40,FTTH,high
22.825645493927556,88.14195413720331,Kolkata,airtel_xstream,-45.88904347154369,40.13344274892315,19.546452362750667,32.525671081293574,40,FTTH,high
22.408283542732168,88.35224224924461,Kolkata,airtel_xstream,-48.83631242750325,197.71453819678425,94.35180791648298,28.13033247957245,200,FTTH,high
22.376768491535813,88.17324207274373,Kolkata,airtel_xstream,-49.822987064397,99.72770375546371,47.26329008959516,31.487773471986767,100,FTTH,high
22.86770673038357,88.82314996529475,Kolkata,airtel_xstream,-60.10935834063193,93.2973247337614,41.016813414127405,36.101333019474225,100,FTTH,medium
22.38673170998096,88.17561802578992,Kolkata,airtel_xstream,-51.436181737717334,96.71289701034657,45.31444692993738,30.966232924244082,100,FTTH,high
22.140040711175402,88.3941805505788,Kolkata,airtel_xstream,-50.53864164150806,203.9535805090956,96.17183513631568,39.08635292655304,200,FTTH,high
22.766491836201403,88.22545758847541,Kolkata,airtel_xstream,-54.53634258809521,285.8275236129086,130.96965594939329,31.669725753954022,300,FTTH,high
22.838543219195117,88.14604186904323,Kolkata,airtel_xstream,-53.21255034079751,102.21364786055926,47.28657168976939,22.85129368094486,100,FTTH,high
22.12212135352101,88.81040977281322,Kolkata,airtel_xstream,-64.45919161534798,190.69303829929126,81.07048086005672,47.565783346987956,200,FTTH,medium
22.53942510927244,88.52829063085395,Kolkata,airtel_xstream,-52.87737967337905,101.45819291782938,47.05043217444079,31.30940258116419,100,FTTH,high
22.282968606949453,88.41226706064825,Kolkata,airtel_xstream,-52.4626263004961,902.7812952382861,419.9057698752896,34.90999065153362,1000,FTTH,high
22.411068468820304,88.02302807717119,Kolkata,airtel_xstream,-49.68060695352805,39.84061752315108,18.90030834830499,38.46701281244973,40,FTTH,high
23.057134998875128,88.36902038317898,Kolkata,airtel_xstream,-58.169818901158166,88.44548454485907,39.45558404671102,37.63182268649822,100,FTTH,medium
22.880834954945612,88.07078962492474,Kolkata,airtel_xstream,-58.04772889272617,190.53832342916144,85.07680385436153,37.359685751575405,200,FTTH,medium
22.99771708997311,87.88518594397604,Kolkata,airtel_xstream,-57.5784878746662,40.09728241849435,17.96645778270191,51.194885117941105,40,FTTH,medium
22.242458996956596,87.9791602459544,Kolkata,airtel_xstream,-56.23799578132152,276.1554604934416,124.97139597507237,44.73863055955084,300,FTTH,high
22.929944027380248,88.31810658857741,Kolkata,airtel_xstream,-51.20535502372353,40.70303769921439,19.102565807722957,28.308079100578723,40,FTTH,high
22.844370677356867,87.92535209430876,Kolkata,airtel_xstream,-48.814006456000016,40.74338875422473,19.446275330410344,45.19672863493072,40,FTTH,high
22.814879821610955,88.23840485816376,Kolkata,airtel_xstream,-50.63009883788063,35.439119969304365,16.70008295777683,35.62325688860976,40,FTTH,high
