latitude,longitude,signal_strength,download_mbps,upload_mbps,latency_ms
12.949816047538945,77.50468227349437,93.66046564212046,111.47182969212852,31.732561982162448,19.079371637606158
13.180285722563966,77.49879151962881,76.65044720687249,86.32964300082357,25.092761164173627,33.87126947768767
13.092797576724562,77.76250183220841,68.58123757894795,83.66253868220947,25.643235055317618,27.224914300373026
13.039463393678815,77.4998184799398,83.73045362636465,90.10334416390573,26.916462427527513,17.9781124476665
12.862407456176975,77.50877989045145,73.4650161758087,87.69823549794911,27.40560449879907,23.554713241175214
12.862397808134482,77.70375930496718,70.33375140144508,84.4806280932099,22.665209694905652,26.611108007879338
12.823233444867281,77.57989593698022,66.00170294413252,83.17504544768508,23.467740893444052,26.1260788587764
13.146470458309974,77.71068422278208,56.987043766163865,73.25256376653587,21.743774985317692,30.09899845752745
13.040446004697284,77.42614646302576,72.00181155500059,83.8843257714621,28.96107231675604,22.23565364602431
13.083229031118417,77.59502847746936,80.99904222667675,96.44578059886243,28.706109102831213,15.066271993644715
12.808233797718321,77.41344544007332,71.83688966045395,82.37366343949138,26.882543559170674,33.02795885570715
13.187963940864798,77.42506128138214,67.0965383020261,74.87553318839286,22.53977029408649,36.80460774507104
13.132977056320168,77.76257498133776,63.895850092850694,78.224494008324,22.500030927622063,28.60775547077476
12.88493564427131,77.45569814844704,82.89643190855062,93.10779054727774,27.438888315954443,23.216125658410856
12.87272998688284,77.6129682729101,66.8005914657353,78.08757525602303,23.089433152749148,20.26979259393954
12.873361803941375,77.56443824104028,87.62207058184684,100.17061489872003,31.258475947537484,13.060530082469707
12.921696897183816,77.53893733050354,71.23996529802152,88.23637428907712,29.220134821876243,18.666724101033573
13.009902572652894,77.7599333382749,68.99004219477615,91.79520113006382,28.257922034391786,23.93961319822991
12.972778007456846,77.4087293587102,61.03842938238974,66.73817534485102,22.395607960938815,31.25643382239798
12.916491656079216,77.66551587447023,75.49543546221284,81.32943014016755,22.469249566790893,14.83118525431259
13.044741157888952,77.78535777368542,84.53816530943828,100.8213639445756,29.417148165744617,23.896225571086646
12.855797544260817,77.62406727338474,84.1816409463436,101.0964581154011,28.880332366204996,17.156704812032416
12.916857859414087,77.77472898481324,85.37104509863717,103.53855065215109,31.69045437739503,25.0038031641907
12.946544737317478,77.42090315171441,81.44669451012551,95.50443083597888,27.933412480434836,23.23935272710069
12.982427993686814,77.56751732762967,72.50494939958165,86.00274278537083,27.260368709679636,10.018205425551834
13.114070384557206,77.50406311638483,73.25191555354783,89.73985071696042,25.05995179182324,25.55708830002696
12.879869512863344,77.6923283859923,70.49627018457142,89.79767868470988,27.025365552055526,20.84031192066157
13.005693775365444,77.7925188361989,88.26405455676436,96.14162161652582,30.216202306982257,26.058646329719604
13.036965827544817,77.50261202497771,67.38975610304075,79.02301012849159,19.576297488466256,14.41806005748039
12.818580165088,77.66166984058962,85.5833200010666,103.76902797098523,35.37397100595598,24.324075833573783
13.043017940760576,77.4792390531039,87.1456109429142,99.98485260844336,29.429152012773255,19.585684528980558
12.868209649474917,77.62613210182865,95.0,120.0,31.949920172647655,21.140059311593124
12.826020637194112,77.58557299467533,73.61018581869527,85.15517358129063,25.862739871540757,19.406182426388128
13.179554214901332,77.7888021318526,77.89653685274517,93.26938078825779,28.047701172423636,30.238829815339834
13.186252813229823,77.64341090907858,95.0,116.78011048421145,34.87024438611845,29.367459460371897
13.123358939246584,77.53980254883473,70.75612757608108,81.95092914728782,26.56766097003968,25.098879606494805
12.921845507669348,77.44563831395517,61.79703529690659,64.92357711726582,20.97196307803386,21.50012186425553
12.839068845602554,77.46049873149398,56.77285650030699,65.98415516578572,20.390998931783404,23.58755380618777
13.073693210604862,77.4901267719805,84.82340907026288,106.93529366395066,32.98089936707849,25.737271721727446
12.976060997495841,77.50038666453612,61.45255340164073,72.05858844804318,21.408859635536782,22.52896486720314
12.848815293937912,77.74024642313645,71.75197815778422,81.87020228204617,28.112042383093947,19.41209453377629
12.998070764044508,77.62448911531301,87.37684746975022,109.48057801121386,29.885781366648626,8.880214966534272
12.813755408446088,77.60935636454975,78.92511273450602,93.05626080129196,28.19618158881938,27.953350158487332
13.163728160831512,77.4459075487477,77.10715725199708,89.97778463414541,27.123384652621183,30.15567938115597
12.903511992640007,77.74405587733978,79.01116365945383,95.56067683966114,30.294763864027527,22.05051672908407
13.065008913741593,77.68912572128339,91.14404807111198,113.22660873342832,32.2802748651787,18.326537334044595
12.924684430435764,77.42706734476,66.77794815457813,92.04210544415648,24.12528642845387,22.357290339305525
13.008027208471125,77.68313403889191,73.44329147735333,92.26813031111111,27.99408512552972,12.114857895703263
13.018684111737311,77.61741528693706,74.6573728180852,95.38804721364394,29.17887514853039,15.923970108808849
12.873941782210212,77.43269013829871,83.84782762588058,98.08756215611743,32.405467465730524,19.994587504159963
13.187833851105824,77.58332025661146,83.177593251249,94.6837713716514,25.86440731884525,29.07684029660466
13.110053129344445,77.59387851485202,82.58950273435582,99.4190600293226,32.135105542230214,23.24628912249588
13.175799576625675,77.46630981606532,84.77717584981487,102.26846059607581,35.41536690687698,26.284125156483853
13.15793094017106,77.77827925880011,60.13741935649153,66.77233952096685,19.2761720812451,32.37779679605498
13.039159991524434,77.73999014859227,93.65621844799354,111.51098948807217,30.8714124074352,25.305961055411068
13.168749694009247,77.66760893493165,89.72068958577505,109.6614155115257,32.084475920710965,28.649999464798693
12.835397000820768,77.58491822440024,85.5288863486732,104.43663059349822,31.358999112792226,18.24992149206457
12.878393144967658,77.56470621663381,95.0,116.52143926692136,36.08400753009024,18.895085024764455
12.818090915564216,77.66038938686039,60.08312686582755,73.55457588968028,20.88358330722799,29.312576598569578
12.930132132305307,77.61817274776277,77.37053515303244,90.30959888728864,30.20327673448128,12.840071532425979
12.955470915875793,77.42490924235275,69.1241870044181,80.37952127205752,21.88479175160113,22.432657393461938
12.908539612709559,77.60500105950814,89.01917338998815,100.82825107801641,26.77006501905932,11.248976245756346
13.13149500366077,77.72256144689314,64.25889728543231,86.03455193844425,28.02378643010791,29.91266114041543
12.942701330677435,77.58369595103879,91.03058157949135,109.3039497184861,28.241942853133427,8.41989718237539
12.912373803874953,77.42078263102171,89.52382833460041,106.30432872254623,31.483039079018436,27.227554911977947
13.017078433263299,77.71451127975361,85.53973555304917,98.0037222563967,35.636478935335106,14.681291099948744
12.856369689989906,77.48054551285439,79.73096189853206,110.35544378987736,33.08254603104334,18.75720989911401
13.120878792301616,77.50344833395522,66.37587008000344,74.28440393488965,20.043785879074395,26.395819348425086
12.829820257471908,77.46588254137292,66.9568259129367,78.20395146749367,23.34639051267451,25.979013018904926
13.194754774640206,77.5320860259486,85.90890611040203,105.16987151391274,31.449359876934754,27.70252942999586
13.108897907718662,77.70270060227546,84.0561483843739,103.86844288997005,31.481832747697247,18.76489831339827
12.879486272613669,77.60775434380157,79.95739265394981,100.7385314608182,31.546085402564696,16.367722573549056
12.802208846849442,77.48195250966029,70.6495206830141,93.81746735846323,26.06701787080349,28.11955032635029
13.126184571381934,77.75113203126081,53.74207280175143,67.02127563940527,23.48147880229517,33.58592659994969
13.082742937539047,77.7518327419806,64.66405563489023,72.31671276203494,22.185242397355715,27.995153192404665
13.091602867216395,77.7482313700184,94.36697511587417,111.95564451344009,35.040281446835635,24.659921764737224
13.108508138674377,77.49551848455262,63.74544648840284,78.03369764865283,22.153810495084564,29.056452864675705
12.829617860693636,77.5804957376724,79.76074990535554,106.05403009395576,34.388973302177796,17.354619712829322
12.94338629141771,77.79399586245634,85.0053380693563,95.01737829110607,27.99110866970569,28.246837174798454
12.846347623810052,77.708804990524,63.975671904386886,82.78368881139039,25.39021167040418,20.539194146355655
13.145241370350236,77.41086696849023,74.20697496555785,89.9479418064015,25.118170387546233,30.344476427947757
13.049319250731022,77.4260818365042,85.1003282183224,106.30954653813428,29.89900070863603,21.409650093866126
12.93235920994106,77.58557255072493,83.11170334621283,99.22407043227574,31.143631742588486,13.06123701745383
12.82542334011441,77.76368808234463,95.0,109.78783684936838,32.049137394395736,27.655144086079083
12.924392928686265,77.6154807191811,65.73306184053092,82.63403810564375,23.082565256684372,13.548075223542229
12.9300733288107,77.59912500321371,93.49866130554295,115.47054870217966,33.354797926599836,8.0
13.091842471335225,77.44218947998266,73.56538454473538,93.13874628238106,29.33953002814916,26.15757722032774
13.055022988542085,77.66271204188972,87.33435120975946,104.73469827481819,30.16233376003823,14.745869646311297
13.15488509703053,77.72884126424009,78.05369831484484,90.66532786121456,26.96428849516004,31.06374161737341
12.98888597006478,77.55216800300303,75.37754348187747,82.65911720313375,24.827790661514317,9.07076133986256
12.84783769837532,77.71024474037013,78.82078254757813,98.6818053977908,25.76984384731664,28.04566759488795
13.085297914889198,77.78579066156033,55.298813382733215,68.47802347149978,17.6011542307029,26.68772151942222
13.10431401944676,77.48150658365108,82.31422808055974,93.94816053235189,28.85700393820069,21.785511544882738
13.0245108790278,77.6093318524779,85.23541068648115,99.58962445729425,28.40282861488288,17.000408408098394
13.108386871981825,77.51485518323383,83.46986559324822,97.83004465214066,31.462463218203034,21.181069383154686
12.997518238545757,77.71714176761354,89.31854804291676,99.76733549158801,31.863814855977495,14.648779618404578
13.009093131752797,77.63103734635246,86.06209476134303,99.18610173058597,31.194167851886665,12.279212492986865
12.97101640734342,77.65383296702012,83.51910210433586,94.55377074117126,32.00567479697657,11.145497250216593
12.81016765069764,77.71916566384635,65.99409618324938,77.13052036045957,22.972977452651506,26.283420515095553
12.843156570797323,77.55838818906498,71.20527227052052,81.75283923297681,25.823615621700718,17.936900526529712
12.812571674274695,77.76603602736282,85.17543448245448,94.07549677461162,27.053847079191424,38.171400807270054
13.054564164505512,77.61321154689846,95.0,120.0,40.0,13.247956997936829
12.92574239243053,77.46318192913414,75.6594363327919,97.05402725449643,33.083475481220965,15.576272893897311
13.00342827646588,77.67835964726753,80.97987186888204,93.28074913505853,28.007985609553142,20.343453297429797
13.163026589570437,77.7173045401753,64.58497950539208,78.86408238973854,24.432397176731946,33.112468254133034
12.89971689165955,77.52670467082702,91.78364364838362,112.2276978271668,36.38690454687965,13.410085950683943
12.964153169214253,77.7428717027995,84.2312387040756,107.03291571875809,31.815595705999215,18.623377929218396
13.10222045541722,77.76245730190631,93.77758725738838,108.44007957556566,31.218775731070288,28.911833877234077
12.89151926619665,77.51076179495112,70.41983716194963,89.9643385142517,28.737281056289273,18.81112543384263
12.830791963931517,77.79340858908608,69.03881287920602,80.10704893401254,24.188993172371102,26.6804015179677
12.915900581165507,77.4562846112195,79.85899612226865,89.15148332587931,27.111433897054315,27.28674648756126
12.864488514901602,77.480806267361,83.65114406500382,104.00205567457706,29.532074016237186,20.960416831359524
13.171879060937028,77.47368993569522,71.14600065086813,91.82899290165389,24.113353573769373,35.766761091671555
13.123248151825766,77.75759588400315,65.13881012456454,91.10611701713087,27.80411992489746,34.58458180323762
13.053361502604169,77.66171702092998,88.52502107165404,100.23139896053377,31.879343771148527,13.722577694549495
13.148584236075086,77.46084171328891,81.11916052817264,100.83759105921112,29.79966381961125,32.17203973483852
13.121468830759646,77.57612936734733,68.28712146186491,79.89553953527023,26.841520899698804,21.317235269218138
12.874628023554415,77.64611921002792,93.06402884121674,115.59362816208025,33.270255797792984,11.074293695142941
13.157023599395991,77.43338563399575,84.41663168205669,93.94751026231177,26.07484416876169,29.855253153546588
13.01573689676626,77.75296654736293,78.1228632426009,87.43358701262825,26.09561548939621,24.820829640822797
13.122976062065625,77.72144141417661,75.92133223555763,87.22622456683673,26.00268221934844,25.768949608860705
13.158436519969397,77.60208270943066,81.19126274498393,97.82433552232114,30.887238119366785,24.658358635076574
12.927201389988745,77.78685064610366,66.51742984206476,76.61550947778592,21.434727195207806,31.51003406132469
12.84402076981107,77.56710439171005,78.77488981489897,97.82513949744586,32.08373032286355,20.492842912864084
12.891174065016777,77.7936441276146,52.74223519931228,68.4251553304643,24.4613805241558,28.663740255405727
12.970843115450503,77.66716799952145,90.1359591265955,111.16103865814136,33.27002354350573,15.349689715210147
13.127205906368998,77.65386850930157,61.059511594198085,81.36535211134205,26.90902647377125,26.138187904209552
13.144292233302536,77.46638195811832,89.27984175925907,109.2149432583876,30.65148883626576,20.015914469749788
12.802780852212477,77.75277110332186,70.1318199186407,78.07370035066799,25.57255318756423,32.40583503283988
13.004298921031026,77.57099587516825,80.86691371473555,103.85717902537435,33.251706524731226,12.121627683580115
12.966964401259512,77.46489336231299,72.23318857313174,83.6540451097281,26.82308809329819,20.815989263475814
12.888843124188293,77.40504300799032,71.77788102427215,90.68554972755443,27.17453874052574,31.180774113795696
12.847946146933474,77.62390227345536,92.83139761007777,119.26634821486886,29.871406581976593,16.4075111688179
12.935046068561451,77.61095984884908,58.119518270115734,72.02686197779087,20.324604306033002,14.202337868518072
13.177163881565008,77.68774144894766,86.48561215188612,96.30194051644008,27.63875011956282,24.218644089300845
12.929281172808302,77.75610322120711,80.0324546277656,91.44788472076976,25.477855540109974,24.913586053922888
13.007516248697346,77.43176263385722,64.59222021839861,84.124386596504,25.48180198804533,31.075083670838293
13.08120758355807,77.69259859613615,66.89542260469952,79.42889369742534,22.990741218185132,20.028795611743636
12.945451840951717,77.47496477763903,95.0,114.39786767471082,32.6701362828832,15.46653687149177
13.188712833088383,77.74327082126287,62.388089312543514,78.65982925587025,21.480348480265437,32.94482851612933
13.184978917976844,77.72762540554466,60.89407257798601,76.55450140398482,21.535324450224987,34.44543205171499
12.900712918330147,77.61631750199422,92.66618297423625,112.5934186310108,36.0210240130031,9.958197782837289
12.998899402356955,77.68409711944932,83.70712311596066,99.40520588305046,28.499511655660147,17.249841118273835
12.920351323926708,77.52574004527351,71.32885649023969,84.03128555962584,24.179508255021208,18.991409676176165
12.913936197750987,77.58846715957313,84.26679902092671,105.40965295156877,30.709500655424137,13.975263204507641
12.814754778941813,77.7286547590842,64.42609034282219,80.0791560667256,24.701733847636522,23.884910330353627
13.043825733591959,77.58370607886928,92.35607963890864,109.54079556360142,33.77473764613749,16.054163722219762
13.001071609291545,77.54311930613018,92.64772010241143,116.58782568785941,28.887034627871497,14.479309325159692
12.820591500499996,77.59768497890012,82.76806158831592,98.67650333033018,31.646221426754266,24.317678758014363
12.911458585694644,77.73129970097489,81.14938255226068,93.12094819104084,30.80902052579976,22.938044611160407
13.16330635438666,77.53408321894835,92.56031332358405,107.27752249378413,30.082883673411896,26.507672460436364
12.895824756266789,77.4695046372543,77.68407698148573,88.32718819623405,24.553559969400542,24.954333081023673
12.85795794883649,77.68480560813231,65.92667958308903,77.7499654166884,22.424482849449976,28.687030829907396
12.995781104111025,77.73039128508323,82.59836346777081,105.28665755300594,30.073989226988573,17.67379358423288
13.194260181644239,77.44025499140942,92.31425901700271,106.7516349152507,32.47334422246842,36.09537324242088
12.896822108604601,77.49594964510239,68.66297343773965,83.3379469303781,21.1083335063957,20.25391462300733
13.06885421896235,77.4567887959044,72.95176232899674,84.25866806665901,23.041745203924226,24.183024619141346
13.104647846131487,77.53917656463287,81.95795523841554,97.04800107974145,32.19279472427225,16.60762269021031
12.89505501759696,77.58014039156217,80.56601421671911,89.12901100013667,24.882263365344965,13.878904936228887
13.091286539444743,77.69953053478532,67.21843341872273,79.55942895668458,26.354685243211225,21.203423339230763
12.947113253087702,77.66045903395268,92.70538445738865,110.27793444984157,33.79405672613274,11.364286475575433
13.052922332237431,77.64837142699137,95.0,116.70143972017847,31.391896486877023,11.954639831773754
13.053411884304358,77.54094997864387,82.06961008032046,99.5999366626614,31.150639389230832,15.229722849866171
13.014309873629903,77.73657902123391,68.54612349663914,76.26338757120674,22.643681666976313,21.75344379126759
12.836115908021764,77.58851486695927,62.72936090069068,80.69622430104653,23.29793317781448,22.57939636279648
13.134120998235694,77.79164197520606,74.80883435038321,90.82211642156983,27.73654911281496,28.216717901744886
12.928312025988694,77.65365685531829,92.37763943735987,111.84513491071928,34.502807444349365,8.747949604633432
12.874607404159942,77.4505058966258,81.06682365573403,97.23427661995512,30.585466629935773,25.348768065057737
12.816310056621907,77.67047102483018,76.33429234766852,89.01236358109112,29.06021476942334,22.257594900308725
13.036357177275297,77.53004160617269,74.53528221837502,90.53135036079365,27.975676933794805,19.914063676316147
13.071025744736913,77.67453087867443,67.69980112273065,83.61770352691968,22.334042880503183,21.66295415394899
12.806635131571143,77.42785645926497,81.61968138853689,89.2091392095165,25.815450847552565,32.113982061189404
13.004837223319713,77.46995257487039,87.68758179559642,102.53129396798522,36.64548486093281,23.363587618221914
12.890598310079175,77.74229490356231,61.12025321542185,72.06956900648827,23.069852822709933,24.803740078379743
13.05806911616378,77.49087182280941,94.14627107849829,114.25637832266932,39.01548809842379,17.366150182518435
12.869746571601997,77.73481645009717,82.07544046561314,104.45708358837139,34.12799324090979,26.738107196888855
13.076375095240985,77.51171043538177,92.31603243529037,106.92053484936453,32.559764597920854,20.65676548059516
12.954694138520216,77.65715276402348,68.33887049717382,79.51683536251937,24.457864748318045,14.083826056768782
13.174691995494694,77.67766022940393,60.37073293057934,69.88220896346245,20.89150260928504,35.07935163834246
12.855008377658399,77.60506190125803,77.65730387435511,89.18112669870342,23.278728777918026,18.30354273898855
12.936426540420104,77.5221242706787,85.99984737239387,101.46388437131134,30.47525981632985,14.55432996854409
12.845389408496237,77.48505775054844,94.60767952226186,117.38322652665408,37.63631706308062,22.314757414292153
13.169877447311425,77.41327574182498,78.62646437701635,89.08257977559789,25.52549394303696,31.202221399872887
13.150935741352392,77.5215785604963,72.89157595668314,89.60896312378429,27.706594935258906,27.306821123183905
12.903176651086062,77.66126511621252,69.95980491480353,75.44225474767255,24.33585851608816,21.74730605779021
13.063993618413672,77.7753219273794,87.1514841896356,101.77509104535169,28.713166434980554,27.91679960227678
13.126888880080486,77.74848179290522,64.4219985666556,75.65895177889679,21.795079804981707,30.512884774205734
13.022080324639784,77.70642591061412,95.0,120.0,33.96417701904568,17.283886173814516
13.011860231342403,77.71537893730132,75.79053532433502,89.57463086543858,25.22805804625276,21.144783911985314
12.896740916360182,77.6659939613904,95.0,102.99378263274541,28.3229242225175,18.093854069388257
12.83724110712236,77.5041147430264,83.6899465943805,90.43349137895035,25.329150490929052,24.65745444565576
13.15888630318133,77.76287801228233,71.04099740757415,85.41934482082239,28.464714807842395,32.078401069779176
13.160167222865331,77.66829292476234,69.68325940244675,86.68876556188565,24.17567561038511,29.251572600669622
13.053240582909307,77.62417625239218,77.24927998061128,94.5764152648698,28.62584301758232,17.398173717239565
12.93561191641948,77.4443957876854,81.56040065174052,98.71033131109358,28.607361885986162,19.267907516268725
12.939683829845064,77.57882221752257,83.99141023767714,106.6009902727409,34.33802895589615,10.665860048783403
13.090382271548096,77.58414330848078,73.0998035583308,85.0218081663113,28.128867043100623,13.130272707224094
13.15884410398103,77.74582544380907,71.30941303439985,90.04584842141395,28.741894490702077,33.38520555087122
13.154834569706047,77.61865928807512,76.54540276147604,83.69440888863915,25.720591772797253,27.80722395897137
13.111950218343049,77.55216021958816,56.38133605956626,63.13286410678917,18.47774015835495,26.26715076397398
13.056812658461714,77.79072013140426,78.89006023427714,85.63286530647349,23.306110183559547,27.309095247283253
12.83365598599802,77.44428823733053,65.00203079614201,76.62821045202145,26.875520897850826,29.828451338837752
12.864651485637847,77.56901937132479,67.96841413175945,81.33079087177961,22.87989122602878,23.471543795813762
13.159421675410831,77.41680987006856,55.19536245649871,66.80494240893104,21.368775416744995,39.5841608440123
13.042571623863836,77.69596164830678,60.87416239438498,73.35841163769766,24.12665463655609,21.198890916754063
12.803678820646653,77.76723062087966,59.404049380238106,66.64709260222709,18.883566786857468,33.56050513144289
12.840588617146413,77.5120149318202,70.16636160897242,83.24842970870083,27.05055396724217,26.802954902751395
13.065400707643223,77.74333667071964,95.0,106.51276665697125,33.482256403769085,18.58201034234894
12.802024633538489,77.51688729218476,70.4144849185976,91.31352677797837,30.84998570415704,25.64276092500989
12.864323220567,77.76430806465757,76.73893360819078,90.56858996533893,26.231884056748257,31.40995291477025
13.019493515746634,77.70158476143871,83.14402722190037,97.328402071062,26.62679258675917,21.332772189190074
13.076758079077077,77.72196271073658,78.05240118762856,101.60758306737468,29.47129540932338,24.819052563246736
13.06078450380104,77.40720262224019,73.84870978645333,82.40721907599784,25.139872807868016,23.8513430179363
12.889707723784225,77.7851241428296,62.67814319362683,69.58583626219234,20.992176332827814,29.320293322275273
13.084871688539014,77.69066839682813,92.08303614285593,105.01854174708429,30.718686731576184,18.87442887683699
12.89489963499872,77.52190043815446,95.0,113.66064309150259,30.27979800949629,17.06107407204035
12.930159879263707,77.73175786594354,61.00934232405404,75.36936893705283,23.55177667337406,20.79916718264817
13.09859656204721,77.51260847936598,67.20148410196389,84.34015826294583,29.24673643704815,20.319141383224412
13.059853159618886,77.74910153582645,73.30536006539471,100.82640866594849,31.17642507603055,19.267941182080076
13.13968936419767,77.44503215616479,64.10466935478733,65.67844095474098,20.921803324529318,34.75485251167288
13.063045156920136,77.68147439098432,83.75303668349338,103.54732196581413,32.20908720205444,18.038622499452064
13.027323441334188,77.61627939065797,74.72767185914135,86.88755336810847,26.86035935019734,13.977882398778505
12.837469907131238,77.43861378807819,95.0,111.06792425555614,35.18370921040303,26.06573813507716
12.947086321223773,77.49675753130354,91.86215640637391,107.13572704637932,32.931465476285126,12.698141634605204
12.90608094707269,77.40496161451094,77.09385818637705,87.9687814696126,25.765280101577225,23.577183686907905
12.897595857351634,77.5875071861858,91.55269935425643,118.28586339812497,33.893781199419976,10.263111244464422
13.189204221900978,77.520506104304,84.56536439706028,105.68992391154185,31.209029862901204,27.361237936831408
12.957239089866704,77.6393429937191,77.01096599758013,92.52913908988302,28.387000719866236,13.097840384958296
13.156818622070844,77.51889512308345,66.83318283940288,86.95489816971846,25.45430352866959,25.938818155852832
13.052455450398906,77.5199676446028,80.27970537043832,88.7730016180316,27.260577851672338,23.21495187625634
13.11792452141666,77.69727727949264,84.67859176766804,94.960784464547,29.366535606764934,27.48913288553546
13.001054837242076,77.41925713439134,77.50062255280606,82.11090840239383,26.29963138325851,27.454979261172745
13.030761553850544,77.7611579980768,60.39238048674782,68.97378388348093,23.25772510272224,26.277094626590184
12.997007077527545,77.74090554975648,69.54699403603243,84.26488547676269,25.43548047998652,27.437665852476492
12.878097195119219,77.66712187329057,78.34372747717707,94.52676586227416,25.742476628386925,18.344698132677223
13.088980846104603,77.63728862804295,77.9982294669141,94.34458491559631,27.613167281040514,19.59662179050106
12.912308944976342,77.75692099925585,95.0,106.94471584466959,32.17153988821407,23.290993032116198
12.809726386572581,77.4741320718115,61.051068533563225,77.27705595334596,19.51157927364961,31.178466353167302
13.058188918362866,77.43158766487633,80.82677244599384,98.1902645263876,32.23440839812124,27.28628693713939
12.87084427176282,77.49580406796382,92.83557423787684,115.0679604927822,34.80514397285559,18.402180431690617
13.176183433741166,77.71783131148007,95.0,104.53618911204974,32.12356240277549,27.784137878067344
13.181571430801034,77.4138681066906,67.10394839580994,82.08219236896088,27.35571063574079,37.91346877657616
13.16594575608818,77.63312273403339,80.00794884035896,90.07071240884312,25.76092806236824,28.95760624132388
12.948063480102178,77.79817500647653,80.45104914734955,94.55464271406265,29.514476675986856,26.26795056007025
12.806182646611548,77.74227843753502,75.8674572020044,93.7127731355872,27.89410369447229,24.826410297821212
13.17132742503509,77.60857827561743,74.00074925568948,89.25636713810694,26.40873640740024,26.999574250241228
12.971273659326926,77.42545636371466,80.90255633994971,92.82536770904306,26.30322553710416,25.694716872584117
13.186661927617466,77.73254940575428,46.9024000821706,56.314245879526815,20.2254801912311,41.27628866230737
13.1854479908357,77.63959140327088,80.89421450290118,89.41538082726319,26.073614168027817,25.16966545813817
13.141203782186944,77.44597319882384,74.9862115387091,95.7347908259424,30.119365741574125,28.772800083458527
12.917779556827835,77.43754291392935,74.47411129296283,88.34251345407415,22.75273926127837,22.98665766463661
12.95403909144077,77.76385072777464,95.0,119.59274972127663,38.237801975762565,26.58334807083589
13.140454668606742,77.66768010517524,69.05112166027457,80.22868755684928,26.1730285789689,26.38913963623646
12.926768802062512,77.7317147197267,73.75635534071503,85.88974646682512,25.96179216064214,19.328154325081048
12.867797098674437,77.7515915601129,95.0,110.17906606681076,32.59983488776738,25.996657644087424
13.02272050498334,77.62870894081934,73.60663335189054,92.70882968073401,28.612648915447338,12.570928303909893
13.174461909664311,77.60697854070202,69.33688591030666,79.65710730572562,28.474713513478264,24.717072109551353
13.078411918669989,77.5721709641284,78.0726752099598,96.91018741402763,25.546582826401316,15.428553668638985
13.028024468035746,77.52677863511646,88.99614936887463,104.88311725430309,33.02898995143918,20.124901831222132
12.838870597508308,77.57383838434349,80.36085696292461,86.55321185605143,24.14272895250762,21.55087818987298
13.046002890679668,77.70955186229206,65.22726553713898,75.42114830563443,22.586507699090866,22.493515595320538
13.196021540041704,77.64076937240606,68.22224189786589,75.97114920562483,22.29558452353012,30.340239544501706
12.856033606094611,77.75700931598193,68.9599646457058,82.92147119325864,24.01980484238208,28.913432106130017
13.007331860945495,77.57735200575168,82.24394278439648,92.74069266290333,27.80127754076554,11.584007086313969
13.150949228771182,77.6428358314875,79.97231235439878,100.59665032885162,27.910652808099904,26.451523712981107
13.096307447101681,77.65252302123679,82.3069168781707,98.3129209520397,31.552237157867847,20.864124944434234
13.078806296398106,77.63667886492253,61.48144932615257,72.88975921758939,18.278640742879617,22.97511634902822
13.080993633594844,77.6810535092342,88.66782893403023,109.68085540977418,33.983785648588935,20.145692027755853
12.943796460487903,77.49497338734993,82.35401108276842,103.64434796970141,30.44023268584128,14.174137139460868
12.917436737705797,77.60494551101831,95.0,113.89950624115174,31.82800208473061,9.176975228849743
13.123744462191405,77.44168992112334,78.65664257388639,90.53196959091721,27.564357618472556,22.767961060182888
13.124045357871672,77.55380453105792,88.12275154639741,96.87745377511625,25.94933395912192,28.049132255407855
13.146828927432042,77.5950668274485,80.90397565107506,93.65452199611416,28.175784242273515,27.020821137602987
13.165296221022588,77.66088970381819,88.22598005617434,102.78511483416939,27.989780634627706,24.159745520701115
13.004536959544374,77.78021242103448,80.79690105517113,97.49156853116683,30.170014727985713,24.925985956304896
13.00060651787488,77.64026042661935,81.31610510869983,95.85359172474966,26.907362850164148,10.367244920252995
13.11931807158671,77.69743756647063,95.0,117.43966486025714,34.32991142401852,28.126584311651104
13.059985572311106,77.60250642379808,89.45344635019951,104.27921926388596,31.87166455505211,10.668873617366065
13.080786750903082,77.65364161255053,84.53106471283756,101.15207182114035,28.800537322657632,19.303080699585717
13.11831706777444,77.42837288645352,61.15122725523079,79.3014099222614,23.674494977341812,30.73075090555408
13.156002136727025,77.50175663233674,61.79412878858457,75.86208061607633,19.730963182333188,31.946693086828972
12.935198062740614,77.54474123728205,84.84049106584006,101.50840157056524,31.714271678361882,12.377250721398871
12.950233181055978,77.58899734200261,85.35075427317048,99.41118291812869,33.35318248654015,8.0
12.837592775936349,77.41825949820095,67.78471584862821,78.17550203477897,29.037068346253612,29.61629191378713
13.03131205639847,77.45600963902133,78.86449436005817,90.38432696731007,27.2976343835259,19.287729182289056
12.814376909518698,77.51072572311652,91.97644401514341,107.6666984892576,33.87641782837165,23.860744768740425
12.986239207252984,77.78861307636042,82.22579518049092,102.44928341031067,27.173533677278222,30.536410721536043
13.017057853883031,77.53253880284122,69.74348517074984,82.58274084843845,27.780290907142707,10.50023521367373
12.914616500851315,77.59281642324484,81.03434146927601,90.49234441622505,28.700160334315726,10.19703816546176
13.036333304227604,77.47843908509536,70.30132044722347,93.20243100196708,26.992862410687657,19.609818582429
12.81220009997562,77.6443120284303,72.77440605918126,88.92911322674333,29.153095568601014,23.274855661308486
12.814939275499686,77.5122732862064,72.01507642324826,79.38337470533207,23.30606025830894,27.716403190901527
13.129040224263862,77.48279703137537,70.56858068237501,82.4730521826459,23.825865288764653,26.732435662248207
12.944076256564506,77.60662905137839,70.94676868058713,85.69055433084664,26.657836150108974,12.156486508460468
12.850824205060755,77.40220231966417,72.36523368946861,95.36124089384921,26.481663268494128,28.602596490556778
13.008897304021922,77.4030656130597,69.63732198598686,78.02422409188988,25.45051675636686,28.239244128735223
13.107997421239444,77.48762752364075,47.03842488951129,61.32631346419328,16.285914415404292,29.9637268246141
12.886328410998738,77.41468854500033,95.0,120.0,33.89989042035363,23.21274110918167
13.0491561903276,77.44321030165229,87.38272690319347,101.71600075845932,28.695420650721125,25.61574094704671
12.834138985997507,77.5355442597355,73.75649964722045,87.12023148236337,27.655069519741254,22.74245454851984
12.820672688467443,77.72103427183193,75.3438166650951,85.23103376124527,24.335759405334166,30.290746719559007
13.012541852627258,77.62881945734772,70.61549543372148,83.72128881506424,22.42039507578493,12.670112942602737
13.016254048644043,77.60506709038256,95.0,113.81705012828535,32.933755038614,11.230174896514713
13.054971960599282,77.51739552928325,95.0,117.29824999041185,35.12539025576258,16.74102166854508
13.090436533489065,77.77270148777312,75.86153424956917,96.48475845458525,26.5834825690468,28.53601585471349
13.190340831785013,77.55880601649488,84.1528021281656,97.2428822306905,26.86950245113846,29.52651969923617
13.006520139320479,77.43483710671832,78.57613277469324,84.4547340085019,29.55901287074974,25.1062791594974
12.929182589176499,77.64682660644712,68.26865020461494,81.81615634915671,22.82371609711924,11.152631057017999
13.11807447790748,77.44553535739064,70.43247921093348,85.98666270296337,25.149914073342998,33.15622710422019
12.90833290050483,77.53808925712067,82.07776167904349,99.7404024532774,29.187646734384646,9.696270687798403
12.975588568282255,77.60296477548712,79.99117050089497,94.35603836352874,27.46409789351774,8.0
12.831382552536907,77.74968900987407,72.35957637621152,87.45525214977349,27.47926912487025,28.389016848960402
12.810140297366184,77.59741863213605,76.01178925225601,98.79137114446844,31.53369724428463,24.784319327337922
13.185059365871169,77.68090350641266,72.67891767272273,89.12337205207983,26.125102752560764,35.48522051319718
13.134392048204882,77.79712673559962,72.53044020217668,85.16968611759658,23.07794926209428,28.156370920703335
13.078389682437479,77.4525956479592,65.51007739390974,76.11110378721172,25.38221159186132,24.693653759688367
12.963581177765708,77.50989261020781,73.57553380776464,87.44137878092891,26.04173145188531,9.770555557737735
12.869317728028339,77.55783043023906,66.71962322771286,88.24724768240863,29.934817934436925,19.29197182953436
12.862574817068435,77.56873127141553,89.17554859653463,106.09415476821057,27.337074635332847,18.10270969450138
12.900097159265838,77.56440843010623,60.06274872554457,71.97632674804994,21.98370446698162,21.527676066063673
13.019690665882448,77.76304440102263,87.77716088916095,102.92102521231163,34.713520231445905,24.101673281780883
13.085838369080024,77.68561305778674,91.56044980294206,115.36745655074029,33.90370869434577,23.58211874740568
13.064078950687092,77.64316208563628,76.75549547872677,101.9057808481955,30.120747407789377,19.52135899963855
12.911973558778378,77.52374908714512,54.338519958563204,67.45928919743278,20.82881014241051,17.520621739455784
13.181946112265276,77.72951615368852,68.89210992127971,83.08439642446278,23.807727289568916,28.873475685590687
13.095158766678306,77.782024204594,73.13378743694764,87.94445909020834,25.759193862957034,30.960370051509013
13.02174162100456,77.72847931302009,67.74596691048637,69.37362634865491,20.136457716213666,18.045199037964274
13.04468829849374,77.4006260420766,69.48347868208707,87.10592873992857,24.876937153125827,32.665948109461226
12.967840024971116,77.65456054807336,95.0,114.67083207997922,36.858962724394885,11.021645863213088
12.899092395800464,77.42045415257685,82.21739364969167,100.80258263293364,31.162930854472958,29.227548816216576
12.942389071460505,77.50304288813349,70.94915774714053,81.58167832615011,24.975759962051637,16.074843141045683
13.103138444185747,77.42380988013912,58.2453688559403,67.9721582322429,22.008789483453107,31.539294369819707
12.805757395451902,77.64151818117976,73.11224520135383,85.67956955910873,25.175159201325684,25.55198529696559
12.846429056202767,77.67463596539704,75.43685210527052,95.63233744668982,27.141293597301143,22.17834263789037
12.818401056808701,77.44579505522637,79.28341193714185,93.24629514155475,26.76863993323731,27.13084013907867
12.816291520927589,77.553535553218,71.61455230444513,96.35076437588313,28.908795394974156,25.0804739647236
13.142184233604402,77.58249460358222,81.56433475916435,100.03151380607241,27.891030725075915,21.16639872254246
13.081463143752009,77.54762120870437,95.0,107.62158670002134,31.285953976833053,13.820299449186368
12.98966953163493,77.44841000019409,85.7898856469561,102.30513131008752,29.659306109283385,24.87974127025792
12.839133664260402,77.567579116075,77.75940741224228,90.05291328390865,31.26498644483062,22.92497825435206
12.996646350046733,77.70047121912337,77.72881821050993,82.3026695035118,19.143170971185704,18.304147162669967
12.989388708312227,77.42840306581331,73.07595762586689,95.68850385160921,28.347311712671498,29.402453449713434
12.869280747964007,77.43207200563276,87.2037300334758,108.16018875127097,35.89944421101083,24.681688622569194
12.973540659695189,77.5419085167344,76.09050509055697,93.97464269816493,28.436081737714385,16.631780050771223
12.95940189375895,77.77669028464757,76.32730715077547,92.41978688242908,29.23277101157091,26.14383141814863
13.046340039220887,77.66742905868917,80.29418608206795,89.44293545501935,27.032533266705343,14.331915015049825
13.054037460347057,77.67146798266903,74.34641907241027,86.79761718911513,24.70461839430158,24.380956667020335
12.818121603908818,77.54476799633515,63.20706610256571,80.05738319699891,19.533383090081845,27.78798276680225
12.949845045850589,77.63746431648342,85.82629561002189,97.73545458311375,29.73154774900673,10.861206198278719
13.050343966285695,77.4040524736111,74.08110825523465,76.23848332502752,21.320331788303474,30.391107005501418
13.001254503432035,77.65443841856381,86.6632334236689,102.86035006949804,29.257434208518802,11.800908897032976
13.142595936475328,77.76531477903049,67.58269463923904,80.39044579694915,23.119159227126524,34.89178223399331
13.063477452647577,77.64502938733793,91.96784338945558,111.03922914942024,36.80149155807305,9.110719162552368
12.865173770832572,77.74947943738654,66.83622813356249,83.84606697784766,29.963495177862242,24.049041294198105
12.828227498960173,77.68958922218644,93.52118392419584,115.41344977019105,35.05845080611412,25.784098672407495
13.056967711282526,77.44822336656148,59.05106667443059,72.1551290355363,20.717004262837435,25.291063172473784
12.81060452421665,77.76098132291433,77.77161669659993,99.30359697635346,27.436626258003617,30.997633112944182
13.034310232509386,77.42657753774232,80.78712763048665,89.3497042525174,27.74199159884736,20.815288640164212
13.176092096569983,77.61358698901911,66.77584576301143,82.65392398800067,28.36198839653049,34.403183525964664
13.030189671150351,77.45685484951738,81.75954293551187,101.24414333929896,29.878562227739373,25.364427523798327
12.955267970482609,77.40468264429236,88.26427158058144,99.71931446629652,25.157802258382507,24.633347420856193
13.057315287376941,77.56881370405105,58.3563106431933,62.51321972842001,20.094065262157052,16.901283291622814
12.983301156196607,77.51801628306167,86.15382484967455,99.65487918723146,31.867263179069536,17.220677049758837
13.018246715726374,77.59440019751904,57.7349346150649,65.97421432550142,16.62057301687873,19.838632252268933
13.17658592351061,77.63087995469382,64.93476609178747,81.6888166276571,24.859613355623036,32.18497590421621
12.95444105512031,77.41749562892359,92.39498060928122,107.80128281268199,33.242836876076794,30.069276020718142
13.184476225529565,77.4492013180495,66.29254583607332,75.26931241188196,22.434579119546708,31.38295908921919
13.162140256782425,77.62345695858018,63.62554865075684,73.2924896974354,20.40620507105991,25.45058805373483
12.878316453915719,77.53726694126907,77.54593103082026,98.64827890775535,31.626358119453716,14.627966901423768
12.827744520350066,77.69166939501977,95.0,114.06521687188476,33.41280556962806,24.179493678329102
12.840311200550971,77.66091665943678,59.328816886180796,70.2983251366324,18.119125215589854,24.302650244312918
12.80728873026062,77.73824174519596,63.57462060789082,75.73951723596373,18.62290619944976,30.01124512022642
12.837777184302372,77.67699713066769,92.1165447010474,117.00015531288949,37.62174563386546,23.931665675762876
13.073202709366543,77.57197243095607,95.0,110.25414136698379,34.30957036303737,19.606172830709106
12.828475459384093,77.66918664895778,75.89602197571791,97.65276782556202,29.471777441926942,18.972742137326165
12.927590252117504,77.51015246970218,67.8481067626883,82.47020960983347,23.860513609248436,15.94700566411837
13.137950124387782,77.5225253995113,95.0,113.19790309012326,32.901374098630725,26.08971976992651
12.809308774294331,77.71559406396831,90.82291149880965,120.0,33.848526703116775,24.75751763590793
13.125787393035575,77.57856780656063,84.03853712769086,95.56804710423604,27.807502842151045,19.70339355801939
12.91274190990936,77.71935213620733,69.97898980311884,82.20635896590757,20.421733259531923,24.851686717653244
12.847265931048662,77.72896894946732,75.35629530361528,84.26539816851833,23.807492143618468,21.90269283647522
13.07869486614566,77.74302493506451,74.24499605892996,93.8563051233968,27.53501650431685,24.973567231977157
13.051577138711954,77.76665409433647,78.82181787680211,103.03212612042093,32.12939793050711,27.077140628441555
13.15098880541082,77.57239408820531,90.47211556226333,116.91615258173918,34.99499284777503,22.307126340143395
13.094028417521553,77.52754672732846,86.81476162681426,110.29745771790714,34.679083543123255,22.626808374477623
13.12139237215394,77.63287949863765,66.4959296031947,78.8070131848538,26.340374165683,22.104395368003864
12.912813829028522,77.54846896937505,95.0,112.17379511255076,35.76847872141343,17.19839880074275
12.870975817511889,77.6404296667201,82.60285315542855,90.76757492404393,28.17129217197029,17.419412281375834
13.100245900656343,77.68223434505752,84.08773656149431,111.08465154970213,33.3491208232722,24.170879548156332
13.122733895706904,77.67536200739686,91.09745138725634,111.66183205544995,31.536973599807865,25.26424113128218
13.196202056800269,77.54982115480806,62.43308086765013,72.45991251683274,23.217861857808455,29.77630517943148
12.965047070764571,77.4667440806795,78.2405574114794,100.52895333871011,33.51818076605609,13.81785821579632
12.948807234317114,77.57221173538488,78.08799982355238,88.84177720446286,27.33674524063969,11.468376607347203
13.110565184296798,77.45703765763277,59.54455547591038,73.48657674220581,25.88049131951399,28.816110034653693
12.936321416101208,77.75603881407352,80.20467441006726,95.38246362062652,25.563595670065787,25.17186137368254
13.172302930241425,77.53835098429515,95.0,117.1933856994015,32.849688940261366,25.66403002773703
13.143365100737205,77.46178389888934,55.74296093485661,66.57368542589732,21.68250864326572,29.846944050283913
12.971597610950008,77.4101791039623,75.45614908684692,83.29273944866019,25.516402254904555,31.921893729577153
13.100348427116598,77.65832895451459,84.22254394018321,101.44493459157003,33.061044730614626,16.526454242578403
13.101817149633872,77.6547609269819,79.05864091468526,100.11468980699911,30.003463660646254,23.640269547377308
12.841249547534373,77.53624166663252,76.72782745573467,91.92731091761168,25.84224243022684,19.885195718092213
13.161021162671826,77.42868475553907,59.417339432092554,75.1763829264565,22.125728393526863,33.231924070467876
13.002100948979143,77.56385155795809,85.16235676408904,96.96718068853659,26.024786264713505,9.863477156494387
13.130582986443097,77.52448699802537,68.74452059270128,82.36212074489227,22.45145487727361,23.090924392495012
12.928019840412246,77.670848255894,58.70959096039803,67.32895687703476,22.143575058946446,19.625097514301785
13.15820929139848,77.64231169978108,87.31531553522262,108.51328284279069,34.29955968177642,29.701612574156968
12.955680671493665,77.54583749127902,92.01909345440558,110.58036995659667,33.90011955659116,12.337661126329115
12.80433506059212,77.487157021702,75.57659549026833,94.14228297000506,24.80052984908058,27.632514996094397
13.162152790567704,77.79521438646223,73.4563244104865,93.58614142337314,27.359035275986162,32.36389100479464
12.836514670714454,77.58160064847844,88.9577123230603,110.20734766327931,30.612204521663692,21.225640173357917
12.927725455036166,77.67530969431209,82.6501867827463,100.54581631076378,32.51681140080466,22.390449786982302
13.180024786820322,77.45622118703135,81.53121999172139,92.84640269750864,26.686476542127387,30.722705241226116
13.180242858775022,77.59423587986376,71.59301916610846,85.89769244599565,23.597812312235597,27.57706499563963
13.029375155249314,77.4110146879478,88.49674856699389,103.5306462703135,31.118786211336896,23.713235387848794
13.05273488486792,77.60218204716418,84.1334379811565,99.23980579386667,28.491632824490775,13.267252054741755
12.979378208791328,77.78560696284708,77.38225594470364,90.98603637989312,30.26329873437535,18.142402727222667
12.917284308679227,77.55368268519432,68.89923434634298,77.77945334170035,21.864214207441723,16.12549225600624
12.931465818147966,77.41559840502997,78.69727371932846,84.6500355175242,22.596554136807995,22.93818574638057
13.069007382430815,77.41238231636774,66.34949220783011,76.27867540775729,18.577775590812152,24.196178657292336
13.100949811775072,77.55519470397876,71.85622768968469,87.19437048724241,26.09673814134589,23.595837170289908
13.11663161749034,77.46400997458528,67.08817976827795,73.76493049479609,21.005618920722974,24.56125656516805
13.11584725711782,77.40934083853128,62.59795007855323,75.195951276622,19.700976169963145,31.203599035402426
12.836482441219477,77.70248544558007,95.0,120.0,38.37845292251157,27.189793928057274
12.997768121881032,77.58340920355276,95.0,119.1152827762612,37.06907512773684,8.0
12.823023504006658,77.51569790878906,95.0,120.0,35.94356424212554,17.7249622519255
13.019811552929495,77.76003327320659,64.15529073751951,78.94198826968703,26.411248969247843,26.62390762878476
12.97661220054935,77.44645558408021,78.30107844529199,99.79884324928261,31.264725041582007,25.441272355135766
13.15508167310332,77.78236753158212,58.9384076182659,67.10626548958014,18.486167843837176,30.636166344363797
12.940366005020831,77.52558668695094,74.25543990281209,85.88482654826457,23.68700763649784,16.372747870664877
12.846826806571043,77.75536146892347,65.6436872066017,65.07672361723468,21.158980174078124,30.528715817690017
12.857196672821134,77.64117715059179,91.21976683240874,115.39444756910198,35.41106818366529,12.052688329695936
13.104604252686988,77.7306829438966,71.52341148859225,93.52971368541012,28.39840964156436,29.27174632564276
13.047287225326505,77.79360526528419,85.03817784411238,99.2799271861985,28.090982550121737,30.417230840770888
12.840449070449116,77.5153621751275,83.37974702288325,98.78593789547372,30.85167650265362,21.049592323947444
12.833642722446,77.78445419416303,95.0,110.23068943154519,31.558209063195655,32.725491415798516
13.080387652583648,77.55579275796097,64.43044837800764,79.22980581099662,23.56496843411163,23.516540666363998
12.829105202545678,77.55420476189477,90.18683738350082,113.84886758671718,37.04854856878911,21.101660067535875
13.128744023716141,77.5361548417018,88.08137811862221,96.98379387294145,27.77346969026214,21.603587187933076
13.082496890862599,77.61656304293903,69.61366890469138,85.58359533884091,22.52910008750655,16.425234861858545
12.83253951225676,77.4616580172714,85.45216110003047,101.15923446144083,28.24267595469203,25.580437891300633
12.833935085634078,77.62148459414321,81.34817470879692,98.18478161038975,31.444032136492172,22.601009131163575
13.19465583140047,77.616681924964,71.51792780673759,88.11648337645656,26.944407287697388,29.290295823660998
12.949708318302449,77.70476072504195,71.14490139740829,84.43286948302584,25.072106087530244,12.524494310216497
12.948256858826756,77.73345998477504,70.76848688794628,84.40424999850663,24.30308738892885,25.810130190058793
13.125119826903001,77.57617654012498,95.0,112.9306241622268,34.84990706377442,21.532804423094465
13.178899430953543,77.5209332997406,74.00684673495752,93.65979709089044,26.399729425286683,28.460404745708356
13.194400425529148,77.50373395892684,80.79043688789544,99.042324066112,30.32402835711879,33.55415773131864
13.101351274103576,77.47784953468195,68.36374082075496,83.13940667359275,23.47931286445191,30.19207243251179
12.950503834212366,77.42305903287962,68.55980524521208,75.91700768879308,20.979783536087815,17.021615352158193
12.833400286679469,77.53697919153389,88.33330711382217,104.10706982052083,29.957146076506227,22.4425421957385
13.110858766370974,77.50809907685232,63.30737663816505,80.46219776749393,23.387844437280254,20.783037196391696
13.023361699894322,77.78656695434655,70.90671234508409,85.27653767972052,25.485301632048746,29.288960237614802
12.96968880369879,77.62308353050003,83.91289523578436,103.99313163088692,31.668851079488306,9.847249833421206
13.162541754037894,77.53891081561221,76.16887324261187,100.23520689277241,22.693831484974837,29.1799978066378
12.844478992922461,77.63218704039748,76.58099502322239,97.09022437391094,27.51176619667975,19.100301907425884
12.997050041716344,77.45567868053828,81.89653412165279,98.74163263448206,28.83934983563254,15.313953630990166
12.804541457906968,77.57761749968088,83.53258206343386,97.68415262514199,32.315369864759255,22.08758820937509
12.98746425679765,77.65049372856842,89.44130078385672,94.56181296034856,26.208538671340303,13.086562168506841
12.822521310272736,77.59555913271699,67.68787315842236,80.38352317774256,24.440650189522593,26.185567179982183
12.847527166507229,77.56071152026173,75.7275670691645,89.24301800391315,29.762966020645617,16.773513294761038
12.847010498710842,77.79753935555988,85.04102059354453,104.00105568423031,28.574379645374545,33.39029527171428
13.059684120846425,77.75212590485957,84.92244519039568,101.13740809360137,31.12917287980921,22.612191982706946
13.09841795170617,77.64936238326378,64.36457707127948,75.63556718835142,21.08612648863638,23.464548765475385
13.033347506038863,77.62775094447291,85.01060878984025,93.11573589527218,26.925453284003183,11.977637689782606
13.184869019389817,77.64826419192984,54.221893727784234,60.36643332759074,16.503708330370593,32.11603006729321
12.949948231809481,77.48052484312898,79.6637610915209,97.97976851382786,27.930215937316586,21.32043265272435
12.914284834512745,77.55805509730573,95.0,120.0,40.0,8.616426493892089
13.147439651275784,77.41578381315637,62.98165381783383,75.09035766267249,24.216019042945078,31.74095494692873
12.889438335407782,77.59021841499474,72.54284884345337,88.69047398001466,28.810617917576813,16.52844428094253
13.185289015776243,77.61720983358306,81.89620641183674,103.03783847896811,31.895338517363424,35.503313149691095
12.804861789875927,77.49109989444129,59.7595052216771,67.65693658501127,17.084567398699463,26.05943959378466
13.187951530683055,77.7856115388662,64.24215233684203,78.92465302063763,24.467311846837905,43.55678115292171
12.817263964780231,77.76378184437489,79.51429039027252,91.71469793666624,29.660268610014565,35.96208284308828
13.156457245479228,77.68885729418236,68.28209469035065,86.26263582087583,24.171991798184525,28.629950744370777
13.011080443634519,77.61335465150614,80.45486974539394,97.30285893423138,31.12151101459167,10.430916211853615
13.197185918447719,77.74798766385908,78.80213734557776,96.05482388460052,30.22511958508831,32.32303018459331
12.82951862589416,77.45226093752939,79.15967573762008,91.07861789805114,31.02766545904268,26.990995030731067
13.021541713760529,77.71620391770995,81.095192335136,100.84939260021713,29.4192517550379,15.816305724443735
13.18772101424764,77.44992832558674,68.60510597789632,92.74969177963065,25.62968556933774,33.918114809055176
13.00923913766806,77.71768426501976,82.26507679650581,93.67853367866594,27.38030388485469,24.135201854269496
13.051759455254105,77.51030702730054,77.94656549858404,91.83708356006322,30.42226705434621,17.004303663548228
13.078299475593846,77.75083623240728,80.11833379772811,97.3000379281142,25.53319961675033,25.185438311319498
12.981816425907109,77.77761683753016,70.86559134528356,88.97074067431936,22.554470771433742,21.140196249743227
13.051023232033625,77.45951838776205,75.3392780687353,87.60940225603501,26.46161123467373,24.25832283245819
13.03372572476924,77.58507024202616,71.95780295774647,72.18421209858207,20.770085044026306,14.882902992546281
13.160463204196395,77.79239495126507,70.97584690683871,91.96696375902657,27.60554491405934,35.44167637481132
12.818178552136583,77.59336297438927,69.21866962347849,86.8649341460949,27.950103786300197,22.770295367451816
12.912385275836893,77.74541900900581,65.7581842167714,70.19508340769235,19.95338633007,23.748610385222836
13.180164593630623,77.63549260885253,76.95982984262655,89.31395185225408,23.04817389381498,30.06328098869401
13.156105513556366,77.55013196316784,77.63797063777473,101.0064769129663,34.390906188289776,26.12860737306042
12.982262701114285,77.51431342221035,88.77916089995853,113.77397517223956,32.13773597679431,15.166152423724517
13.048053039120614,77.48128923643443,73.8542003672717,93.31824055412076,25.877397922212033,21.928616289591105
12.910952473192454,77.70471927655107,82.79475533055785,98.47314422687009,31.74938329550622,22.662352603850938
12.875248463889506,77.5546162027292,85.29205716627798,102.76540569359614,30.060643465995803,18.933613688414663
12.985479361975992,77.6045101848803,88.59502409751366,105.65939989138576,31.571040263346102,8.424511081303788
12.941340891210421,77.59693019200047,75.22602828087233,95.91243285339098,29.739310104137928,15.067533046081795
13.03346244474035,77.63091161169325,82.90702945934454,95.1092233187379,30.69993320184136,15.1433133679699
12.831093854785994,77.74623085824982,78.30531399802366,89.93737852320737,26.314292170598666,31.756534591614795
13.189757923066466,77.79229573743336,70.35134955356777,89.4729923984614,29.88180173136702,39.226563100826446
13.19448429779184,77.56303368342952,52.87979777529394,63.23395005279492,14.698585318368863,26.697114267666404
13.079264685607898,77.73100756884251,77.91600831253538,100.3915467523115,31.6370384995996,28.500679313103284
13.014438546537647,77.70581111786188,95.0,110.64243896509727,31.513676573493868,17.82318529130168
12.923811046514531,77.62941158058223,78.44341456758532,93.85820567940826,30.90200433703846,12.912179720228835
13.125518007882778,77.78241885744477,65.57770148550009,74.08117685838033,22.508442015175188,33.56932996581214
13.073892469021551,77.48018980621137,81.05992031406652,97.30871778399765,27.84680467118049,21.206189048817087
12.865046775737957,77.44370568412386,78.88761891798929,87.27240801659315,27.50740459102121,26.26465106272079
13.164370873797536,77.74158478678217,84.8065908147959,99.32974187298025,31.585299256308577,28.98523439822762
13.129014897169267,77.5756599266535,64.49380681537859,70.21129885381373,22.347177901861393,28.22845934573032
13.179919965316769,77.73878754168283,79.64620062897048,99.04505692072087,27.65412459695014,32.029819389798675
13.090287803355343,77.75723608207817,80.83728340958987,100.5876867903061,29.208271789847657,25.90239453672325
13.045366078374316,77.42498303744763,74.33037963835187,80.54514191360052,24.155396899837285,23.288494573492315
12.967297214516247,77.75338590519442,80.44466352897933,103.20302496227806,30.878388183383297,23.646280315023148
13.173091393341604,77.57932762214777,85.19110670894204,114.71640368282971,35.914412055725606,27.249146843564098
13.146425555800162,77.6041729956017,84.96878100641378,102.19256914137823,26.627968277400253,25.177141328132606
12.818087468042476,77.65063700443729,65.39878440127467,75.27296998040637,23.250545103228916,21.72041085333323
12.810546789798902,77.77055304269203,81.27497193968115,111.65161928263261,32.9155230759165,25.92217906534456
12.95058534675122,77.40764643777192,74.94656701669558,83.34103792852214,23.325310145788738,28.195211071808586
13.124221332312732,77.59073738732712,78.09523083514749,93.81480933652247,26.659469245417544,26.911422792130114
13.194910451725978,77.67508881697222,73.86331291905461,89.53408686602513,26.431150730771613,28.27192182284951
12.860166756441412,77.68908278307929,76.1927148656085,98.15699594099226,22.24492857337864,26.75876285694206
13.037652286140855,77.67701297261485,91.63626003404417,111.76220691648695,32.12608293336299,17.24973704685769
12.95235634265241,77.45377405176325,77.0560866150044,89.97413445906302,25.240610688426322,21.48667019785403
13.187965759125841,77.51975823534868,62.35733038201258,70.07287460647531,22.08742880058784,30.466037540472858
13.136847569254282,77.5434862101668,72.41609191975539,85.19020120247578,23.94600699572169,20.902055790844123
13.135331481884455,77.7217748830718,76.42096324900595,86.67051909408141,25.57092812788344,31.053057061070824
12.987477263917988,77.51150394896582,93.06218294743186,111.91374613584165,36.658677096075095,11.826892412021296
12.965927800935066,77.48428198554689,85.50775978151987,99.7883308385214,31.925202291187265,15.156178130572146
12.909362828772283,77.78297920761524,66.57494568675588,72.4197458576583,23.530466557184397,31.157687412532624
12.822550198660371,77.40354531404539,95.0,120.0,35.00025513917829,24.082792540883457
13.145888950502021,77.7991283422728,74.21193520948495,86.56595963423673,27.055852448850324,29.87964884763671
13.12516040365203,77.67072851954296,89.18414235147603,100.68028679689466,29.73629043816121,23.166713091356407
13.199887069314451,77.73138771977965,70.17629090292509,83.3702534110724,24.61888960196784,35.475353719327295
13.198654734829562,77.51784775853848,78.34977427650782,94.36158696164766,29.127846775987397,32.58686285734937
13.02217268224105,77.40572611106683,83.6183178633272,91.60964780809748,26.28890716558738,25.285507097192188
13.107594966072204,77.69514780742462,88.72551578173696,108.12885727371315,35.42466339100035,30.631420099362586
13.17790629195297,77.73365783880027,83.13389119145737,94.52488158629751,28.037204196693377,30.882516929206528
13.139858956270965,77.69619045278141,83.89449620761718,109.22853949509455,34.00528298104769,25.573139509155308
12.89893924069728,77.45714011492034,74.07500798675612,91.50981214449102,30.364144601861902,20.74978859748835
12.980217654124038,77.70137116890278,73.9266207817019,86.7124449874957,28.077041045399056,18.690895968868016
12.851663766060598,77.70756911284306,80.08794414590172,92.3796941234953,24.89607003166754,25.312351196230676
13.181620410903488,77.66341620626802,83.28091384701321,99.41225807859772,30.71346921359908,32.38337653169401
13.042469853780352,77.70644637311824,76.15234222311085,94.44676437564947,30.035468101616132,16.15781452261443
12.891457122201386,77.73836857587109,87.42185266705135,104.77875255753563,33.21735181158218,21.979562698412806
13.068680273762343,77.64544164569499,94.04678507845613,111.77034805846306,31.30451474930965,17.89419707739316
13.047251296183159,77.43544188558788,67.02565807881989,80.72264114867335,22.902721870567355,27.680872256793457
12.943265087213137,77.59505112386688,75.21386777401345,87.23734667263138,28.160320473272655,10.332109572059771
12.845423036879852,77.43105973386865,73.26836910222214,86.20601328845137,24.338283245170118,29.9561956158231
13.06862927823712,77.56301721241297,82.97412871369764,89.13999226191214,26.142605565245013,14.479691386241498
13.008123080361518,77.56284259565025,77.33437731624144,97.66988393375156,32.452716799129405,16.780183657507006
13.108927356694256,77.4264039376561,87.665148981882,106.69216767986721,31.912051803190582,30.925125024328967
13.008065400444798,77.5395282135878,85.93815930852455,99.2585119500623,28.324005309351,8.976419321271976
13.140872600127416,77.44439923951653,74.07927256061774,98.38880197951748,27.761405880129434,26.997159443167266
13.020762735509795,77.72329408400368,63.752664452579644,76.9382797450575,23.746922582687628,19.260448921891484
13.024375188614155,77.77907521038578,62.24805168530225,69.51694416248671,18.188787231791594,29.996685045004728
13.150661441063338,77.42892659010317,75.61268720266091,95.01891175054539,28.01100159737078,27.979358580795836
12.961393146484959,77.78204608291668,54.287855233594605,67.13566736285985,20.807161278838,27.350518483730365
12.853606091380257,77.6090306397347,89.18272079343822,108.99216487954696,35.295949104959426,19.33314771591148
12.811513070525336,77.51982627118156,74.58402106606464,87.37204725601961,27.546710337545875,25.011981070178557
13.102054902269447,77.43074483011047,95.0,116.25247861889018,33.44761334970269,27.221112462487447
13.048123820541386,77.60024970722817,95.0,112.69120854889452,36.16420119979579,9.975801300091632
13.08163190723969,77.7178062177963,74.92615208155509,92.69108975609531,27.208296851733635,25.810662363975716
12.885185664603565,77.68283459090668,77.76152260831725,83.7891048599275,22.665325413879433,17.734426794479475
12.854548590234709,77.4200904045856,84.4493134125491,99.16980878016297,29.406859915517945,26.594213090493643
12.805817866267153,77.42916073414716,90.32127493889816,116.99630541571877,37.97523002700703,30.101970010392577
12.94023502352264,77.56114931305305,66.32694351595333,75.7569949421425,23.0575785827726,13.262072132370207
13.035967074741853,77.51811619761918,62.13802257794539,71.54643560606854,21.488974410480132,18.854583336267734
12.956897618039893,77.49295372922242,73.644448833018,86.13353190737173,29.114482861617226,15.654080873644297
12.974989968809492,77.51240179956349,86.7139721184102,97.98273586264902,26.53211106468585,13.656761981218304
13.161663477797498,77.72139309731875,78.5450089387831,83.21260684539845,22.39258382551399,29.99950381121855
12.93930218680932,77.77169122145274,86.69709659153642,102.88358391722564,27.633382233234023,20.206270557949274
13.005595795663924,77.56204107781103,70.64941178250959,85.45859125941978,26.38287375078604,11.25468579048355
13.113461205096456,77.762444400853,50.85034672812288,60.7578907310542,18.560353473546506,33.05443424866296
12.958617112928508,77.52859828049915,90.21681683723962,107.53578739494812,35.346208953043984,8.87265873630367
13.048834680091149,77.59057479453752,72.85106232609301,87.63647914556356,26.777893897942604,18.91858861068269
13.144945483498697,77.4904115991264,54.70276758387122,70.75752845839929,20.418944218561183,33.563270573897206
13.179808249463056,77.65619041687033,75.59429661717239,89.76092501096079,26.93186724904445,25.417800295245375
12.858829392371616,77.79159244606993,81.58239194912903,95.02845745351848,28.74395207297746,33.613349570353
13.170635050064597,77.64139723841735,73.55630138356744,86.86193423584051,22.715057724095818,27.659879685946425
12.996846517231816,77.54312563364542,77.55489921925214,95.96261286188644,34.20944714723572,14.233287593391905
12.903297755319583,77.65912697839622,78.70825902068188,101.5100452175345,31.49275560146417,15.035458257265198
12.983654302495305,77.44916827138616,73.99765027702973,85.65646163658978,26.11695510702211,24.96241365190219
13.19201303011419,77.75546363210616,57.87593954544688,69.94579638968068,22.214066885461364,37.71786677230422
12.997047237597148,77.60123358031194,76.53831083128522,93.53776020722206,29.48015002333983,8.0
12.931500644115003,77.57973989681585,88.07458659049152,100.72661387494571,29.93687719147885,8.0
13.053360341726691,77.6343459153814,83.67132304213249,100.50767348662357,28.88981977350567,11.342885133424112
12.896058247511277,77.64991354511577,81.99921347753298,91.0706868863291,28.520107438542137,16.726673145815433
12.830345331243466,77.42871032249062,64.15444953203054,68.14008791973964,21.213448056984795,32.090100581007476
12.851551888764261,77.67304688848937,76.01463656537771,93.05129591791453,26.29560857719554,23.692097006331807
12.851218335583109,77.49677267212621,55.47339517670843,64.64870050539619,22.232681374353383,24.610625916233072
12.860761077404918,77.68558105300264,79.61489586465106,96.54927707568737,29.551487195352173,17.907262594947465
12.855530869059764,77.72901391775368,90.40894526663672,108.40125943492231,33.98001655501195,21.672144702262873
13.056349897921285,77.721583403021,62.625309528204504,70.26837119052642,23.864353132517767,27.461253266814218
12.872752033759658,77.62100038696316,74.02508526612878,88.60383080953285,26.624926885189524,16.374881780974214
12.938266913329546,77.6080679569243,86.49351352457201,97.62670970441214,29.92191692529187,10.376010064645817
13.158715363962404,77.45715038453577,85.9197489624573,110.05856054495577,34.63762264049896,26.39842841666465
12.98958465610515,77.71013846016125,74.67126266030704,82.82566346806863,23.397976872820482,20.235605223729348
13.06702309540841,77.50856375217869,71.6533619258135,85.00510795613329,25.60963571253199,19.309879685436503
12.868927948480652,77.59867816912718,60.173117938966875,66.996383586524,20.350012249259496,22.398127621175206
12.876915607523468,77.513709637171,79.8077479777861,98.62140344014729,27.674303928677396,21.793164951431777
12.816347446506592,77.45353134519988,94.93222848160474,112.26151732151817,38.313728773803206,24.996723151780216
12.867574025228866,77.65182307875669,81.83728017801823,95.61140261551581,25.868833897669937,18.308888783412236
12.911436135612783,77.42173281392917,75.62533135761379,95.01640535439432,25.908713798943978,24.0878758452149
12.870804193710699,77.69945809365048,80.94844138475356,97.28528262009203,31.814037937434765,17.191619717722205
12.835481013502823,77.52703471810445,77.29081604652607,95.33220148551112,30.026192947246418,19.895118934681566
12.848254348440241,77.4000538772018,65.35222374565478,73.51603881219842,20.002882008697966,32.09469467208479
12.984311507213091,77.60445165569489,92.42868856805329,103.89034156202642,32.38168049881131,8.34113081533095
12.882533487362318,77.41874076341105,77.40123217658301,93.41751842210027,30.9609564166247,27.41828660218868
12.94570794441923,77.51046782312837,80.77481972445433,95.33555189187155,28.54013945236749,14.819944455443144
13.001366908341943,77.68279059498228,70.59240325484112,87.84305726807906,31.550562980572884,20.047832436431612
13.076157931451746,77.42507584864875,88.07631447113086,105.29203510204427,28.13948690887721,26.300523963003187
12.81572485593644,77.7357353969424,81.13319599104706,98.38521188542963,30.90321047334709,30.02410480975121
13.119764159563617,77.40152796906344,67.30224330399598,72.64577931508894,24.12679046696869,27.285546917654855
13.051160155796364,77.49872954768077,88.78909088545193,115.9890937606136,36.57941593139457,8.0
12.83270361277955,77.69636162246083,71.41504742911948,84.87684698978322,25.05434264364367,25.928347714659196
13.14943144964271,77.52650805989173,67.65886524481006,84.67857314546806,24.82268897961812,23.00201617451369
13.168348960212725,77.4407569552264,64.91519122367825,73.71777111731576,23.003621677369242,32.84668097253076
12.824431183941947,77.54409356752018,59.509603654800856,72.95157389684773,23.51698114235846,23.702170140082558
12.910751059258882,77.50815731455381,84.42984638623031,94.80159184585264,29.645424426320517,21.890372004527077
13.122480511917225,77.73708476086422,56.31227587874383,69.83507024579096,23.03063685532407,31.321312746701775
13.099303876153463,77.52533916703406,65.45172265970785,76.76219676972026,20.990919116782607,23.480082869694275
12.873808407742551,77.7155729887104,56.46632145563938,67.90553826644509,19.916119521686255,27.419938225487655
12.883739729334685,77.7567488579243,74.91817525501587,93.39168045666953,26.13747227275335,27.055930869165913
12.948188841116552,77.57352696783062,81.9218707601336,92.14354335605893,26.870837454645393,8.5846312193167
12.993809194076409,77.76397725754175,73.19168205159745,84.40755980885295,27.352709726284495,27.977971218681763
13.047301908612118,77.55092722158528,70.20441455005913,86.53191886550476,26.175543501101885,13.389925167799477
12.94756545582791,77.78563136659604,63.65079351239791,86.87205958761123,31.275336202582906,28.858400117832264
12.98501388645326,77.43571580981023,81.67122752513257,97.31506135685167,29.581331141434934,18.135110085744174
13.098988375253501,77.6748077066013,71.96768283323712,89.31689998950421,26.914453758010733,23.468658988580284
12.81467328115624,77.59752561618278,80.31588382045636,95.84420323525524,28.965626809457003,23.242779333083313
12.90097477773761,77.55505952218226,72.10048601824474,96.23181119567519,27.593925972982685,20.913370524945577
13.085339834353821,77.65308475149943,80.41586080241768,87.76292462807493,26.21320416366729,15.053025490019172
13.15808273507488,77.68154283665373,87.74506107702831,105.76717851578076,33.98572960895752,24.99827095700036
13.004670976846267,77.40174530786012,81.07817424430363,89.16608892535403,26.977768013861752,28.92719737454046
13.012845394106126,77.46678123549889,74.1604282701108,76.45965607144936,21.350977361667866,22.020776037629656
12.842868804535911,77.68521842025373,79.70061454179499,97.12804771574308,27.28824507376565,23.31360402336156
12.978964946729382,77.66655416543128,78.97684291001825,95.46970047275919,27.74050635849607,11.466919289481815
13.013046906582009,77.78641900205147,75.26651673933331,88.89563539848896,26.816417488368447,25.32546349702033
12.896988201453892,77.70441511610031,75.10568938240287,89.59585680868467,29.265930113557925,24.500954278653673
12.907697292379753,77.78030908309253,73.53684402453602,103.73570999979951,28.43973571720698,27.131395849504738
12.950913665241849,77.68101620061393,82.67805040874977,97.92278480034255,28.737182884325254,16.744040291542404
12.80802847911109,77.51922088345579,66.06118484814566,81.82404362402517,24.835833126077706,26.058772840925677
12.928831666233272,77.44214596890035,66.924242301759,77.06226666404137,19.451268463953543,20.592258080757237
12.884579202798617,77.71272954533798,63.77849774669202,78.01036017123343,21.735911485437217,26.095734933547533
12.930998940871167,77.65765968859037,65.24729884581005,77.10559023969398,21.77189999243582,17.484947487322184
12.847904852727702,77.41927440495732,62.098758267607124,72.46591750747989,20.14783450454297,37.16386430571703
13.156210912295958,77.5440201863604,77.02390063274352,101.52317342029384,30.840731116131447,23.39231466836956
13.037436981421619,77.7827199261937,66.10673288667878,85.21400427993623,25.243082064977273,30.78782939173832
13.071640927657796,77.60016045828408,85.12637770587537,102.8353864840466,29.740043740011906,12.572264204172658
13.115668495442934,77.57309165440789,78.0638792349816,82.15559540225809,25.502603873782693,22.23216828460912
12.999376879571622,77.58307984206373,63.81140450972126,74.76863929540266,25.8767412239133,14.555486028013782
12.83476811523497,77.48355308960207,82.73862921202984,112.80149287646123,37.118960896421875,18.131984990881676
13.01484261672742,77.54748286834592,89.9103513935851,106.73911333910358,28.176190457606403,11.789437562580657
13.034736447208351,77.54792530239487,71.13558085946397,90.87878489162505,28.417779835157795,14.048397496300712
13.098175789673732,77.42094200807499,78.45732042832795,101.35849652375654,30.051502376999284,26.537586063525776
12.972663818491872,77.70702705140717,70.81341340693871,86.07091566760631,26.131585386012606,20.317505054022792
12.851032121118227,77.56660177276156,79.78790054178909,91.53637249080614,26.664345680156742,22.760873516477414
12.91351036231949,77.72887195472657,65.04007166683026,65.87152434128187,19.996634562158963,22.726045214869707
12.945232918559455,77.74013920044796,59.67351766179153,75.0290372371946,22.811525963302415,24.43994314222631
13.05836689653264,77.48479762187947,74.17449708146783,84.93561648364366,24.32278143039525,21.920138595835926
13.028311321867564,77.66294139286805,79.32235018951197,96.06757248685282,27.027536650405484,15.953896195597371
12.942438690359138,77.5889127216652,79.53766686871448,89.19609854451055,25.861438198114197,8.0
13.194606099517191,77.75206269516859,59.50994892640833,70.08575100933898,21.494243831715224,39.673829895260006
13.042309927742755,77.48629627167058,74.53386328256597,89.60923121358444,28.08076204744386,21.366491968465233
12.894890716694398,77.67112528012402,82.27528367426618,100.07330831434089,31.72869044898256,18.79244380566345
12.840712989048162,77.64310084890108,77.5718609363087,87.51212218680837,25.265256609908683,18.78170254422424
12.861143655673734,77.51812059102873,80.10755096511836,102.1136159019488,31.201773905190112,19.046502391268
12.898383091353804,77.45464036146048,70.40115590665424,81.49691316432522,26.374079133204162,23.226865993809135
12.864272549303823,77.6606559041909,90.41587687076306,100.12670494264944,32.369201273083085,13.95864278537422
12.874626809620523,77.69543898325293,66.24321477691413,78.94674063247963,23.566356481480845,17.301679261791655
12.91403806747754,77.52625093750534,85.40766988620169,102.66108040857434,30.356460672693075,13.592855388795149
12.869349438117903,77.65793304160893,90.80512435942543,109.76909639716932,33.312977386823576,19.514623003732986
13.15870616985057,77.55805236304461,80.276970908824,103.14302710901418,28.643493186909442,24.07711077665767
12.832093498264657,77.68528275331305,74.65528872963958,88.4041022918882,26.134011665495443,21.11699353368814
13.009804555828103,77.47968610995763,73.66211619569697,87.7964413129925,27.82810519084401,17.29955809606377
12.964158730795864,77.75608600105447,87.27800866793092,99.21768849535162,31.049200807492888,21.07190754883424
13.192951446763441,77.51496383858624,59.00819510338691,74.91260163850379,21.933245282823357,31.561714889193727
12.844815560867222,77.54711439510247,68.52949290907172,83.15693681127658,25.382517445557305,28.18214403997618
12.959142239618297,77.42323678083214,72.43364987147783,84.82024120930257,23.796771682209393,28.102041845524088
13.187788173310146,77.44460488492851,84.22018351857308,91.54084675496037,28.86923832293816,35.96501209808168
13.146202850357591,77.60634476108493,80.04780568051642,103.27942779189515,30.828185465295597,28.00070188455357
13.126828828379711,77.5070370706912,66.40841794190368,73.55170170800412,21.51360760900896,23.1849445437952
12.903161130817976,77.73419209029687,74.12359828929331,85.99192790030345,25.074130697904263,19.467195639824272
12.868355034956027,77.40587735546198,68.10086792631986,83.51276406696385,24.92804148628944,26.381103598200223
13.067457287969772,77.55163761946878,72.64987583930733,81.19706136408536,23.463363119361688,22.242999292797414
13.171750395651033,77.53493821870764,84.34622961534703,93.7479266471507,29.440664066150337,25.809133612259327
13.022705157205571,77.40773105236704,61.596013504087594,63.29547829140178,18.19807639138817,24.45944050942808
13.02864507578796,77.44974735960021,93.3037819479267,115.56952310204021,37.85678512266682,19.944686423381963
12.911991637464114,77.56545706996745,89.96474236005956,105.23175960843986,34.49994888949472,11.922818252423486
13.107797173276774,77.59714583377898,89.09756846105044,120.0,34.21691302029099,20.517579464951712
12.87481749942301,77.56171589890195,75.25977898686037,85.33995945607808,25.741396375681983,18.448526949224178
12.929471694561698,77.61237507136484,81.21435830618437,92.84997485027664,26.5536792124106,8.966491483810133
12.970174575446567,77.63805266996228,68.49467967768607,79.36665076179627,23.156700102161654,14.555105563906169
13.003044151473782,77.40396952845114,70.09305614362536,85.32734064804288,29.603057129702457,25.393753355800214
12.896963892966033,77.5856380637814,86.17793677329828,101.06250743403139,29.703609395977818,13.430600718821506
12.845934729895681,77.78539969635503,86.5373775522942,106.90651413276561,32.792406313984536,31.253090587320177
13.044248016976653,77.60761291205182,70.2382183385891,79.39292005636365,24.90051860492565,13.43114094108082
12.915452221296103,77.67101690698358,76.60360202002911,85.01636383171703,23.503650404548626,15.114262747490143
13.032495288569045,77.52474554316676,78.85346668169925,85.63308632099356,23.979734947479656,18.156739712860542
12.861745086109682,77.7095965512611,63.090330046726066,64.59052521638529,16.965112822099346,22.02132332821052
12.992456040741928,77.70916859275044,85.09092063179935,99.51875966078393,28.083686430439624,16.981675437577138
13.013035773020635,77.60851841906165,75.57455002613227,89.18455846939261,21.055307322183417,13.480864844398734
12.820729414728971,77.79040552931168,70.68671353346097,81.66687110273725,25.589226132408427,38.81237188049941
12.934641711277568,77.45022008590506,73.02874898824327,93.85152777182773,32.26384601406046,24.41685320073984
12.85376587077559,77.40677906595583,66.02040895571066,85.36464179489347,25.905034016541094,31.988290367584163
12.825349988189108,77.70806328470283,75.67441874009789,89.13528755089496,23.90804854658727,27.535225687201514
13.195984092955978,77.72286221494595,69.92111262789025,74.93572958750849,21.19516611045265,30.633901087868892
12.928941537989889,77.44808289164824,73.65138064310916,85.54813123145573,24.746685679386722,23.24173321993719
13.123949778341853,77.50623313318344,68.9092555034435,79.69199963454689,21.872430335937313,25.632031544152568
12.901856261905506,77.40702094534666,78.18898732331996,90.54110997659366,28.88269826976841,28.158373657805463
13.072601088889572,77.51732344431223,95.0,110.51140548050877,34.773941732903296,18.56679037931854
13.104091143955873,77.70925674956747,77.63815411466672,89.89847045897604,24.65863755005749,25.89672004823378
13.038255496243137,77.60718421108503,91.56953153766439,107.95072976570846,33.83538101860755,11.69194648442977
12.988630475420063,77.53923823726731,68.20167911613972,78.66430944528987,26.652918160741493,14.147862105152699
12.964736365658908,77.54869571796253,84.25688574349172,102.14987543531802,34.45007904105452,8.0
12.939547306617198,77.4005414502862,64.19192614918126,78.8321549585418,29.380070533734468,27.289866873289295
13.171811657699129,77.5199202110261,59.54644228194374,66.90250530242004,18.266766291839616,34.58647330181005
13.13224776311509,77.65858349665517,68.96024757855618,89.10762372430257,32.380727970081175,26.352476954736055
13.186010764266605,77.78967777752653,82.42526063667887,94.01000125481158,27.4945875994259,35.6821762390966
12.849718889394218,77.73882433079356,85.05880474028295,93.98156261926286,27.009537875017827,31.065196447561764
13.092346990081458,77.40943798585822,76.37735443837857,93.55671568287954,28.721159454619553,25.385145185589764
13.175336182728415,77.75942424186994,56.56999256366423,63.796950404325365,17.974962453111583,32.22063775216786
12.872493226466265,77.71327936531945,75.30625817516133,91.97396716398053,28.39027843048721,28.069379038231286
12.826598506946711,77.71215044942839,78.68378773360345,82.40220227482148,22.08050630697184,25.935928745614262
13.096448259716023,77.58319830360143,80.48697202497392,103.54664613738404,30.586488637088344,18.760334230257364
13.029789245271965,77.5592021171818,63.15655452149305,79.14933246599367,26.31596420852146,11.897750859962736
13.136731510703308,77.52116629153328,67.06065455499642,72.97040272018069,21.776998233191893,27.709357273295137
12.855908950650516,77.42627794358175,74.14688501874916,81.58237640326756,24.757904494460032,29.643365786234835
13.118106924743955,77.49129414539749,81.39959796129317,106.04084707403945,32.762771331646455,21.503179389123474
12.880650928019099,77.49864145399121,56.4281665463776,64.02690033816332,21.549393360084313,22.157467073956838
12.865462377146283,77.59363082788408,78.07165786263232,89.51506519149567,23.544070133069834,16.800491482775758
12.865706319172398,77.69897776263868,78.99607632789503,83.46503112272762,26.208557440493156,22.73714654825579
13.125829888092552,77.58952393135918,85.78044997680563,101.18264894415898,29.818516404764168,18.495544092370515
13.06607888827848,77.42313777977887,82.14011921051755,97.42954497844231,29.56213928415637,30.118743706201336
13.009226169907647,77.78311592039528,81.21400406530495,101.03427036221336,32.43018144818876,28.849489183828553
12.943532193649402,77.77708972763764,67.76881524992436,74.32718615898685,19.909782544872368,25.59715116492172
13.150880216325243,77.71407581725936,55.147807668902686,58.575935241480174,15.547491689557873,30.380305017923085
12.956978042969054,77.79653116062569,70.94647938643504,87.39058843760444,22.346316611853716,27.742071696425544
13.12663977578863,77.6177929331201,87.17807160131889,109.647336277718,31.795882999787846,19.623760482381996
12.975653963428087,77.78510734010128,89.40702182316876,99.4326644322131,32.49066401842156,23.784056467129144
12.950777771769964,77.43024201624671,83.82190604847696,105.99385768967106,31.556982929954376,22.374168241130278
12.985071914267843,77.54627229930455,86.7848931650023,104.32958100543686,28.61862451032149,16.177145921651224
12.920551149665657,77.49015250720271,82.98363813001025,105.03939245138552,30.54046024626556,21.167007819689086
13.0990437520705,77.47833323365371,70.81328778046714,84.62484352897248,22.4117296517105,27.973684847813267
13.001088156036992,77.45632117955708,76.62999406110711,79.34460328588878,21.55300878230431,22.585583439615828
12.892885078058727,77.6489654566264,95.0,113.2401630884198,34.74968674705337,11.71444035762047
13.159829829309826,77.71252874229891,64.46837914188943,82.66277406362366,22.451085566475037,30.640770372462537
12.953556488549285,77.63131935976814,95.0,109.53126990458142,35.08464958178103,12.50277285598524
13.017421144445596,77.4587850838353,74.61290801892132,87.59566477816833,26.136458851789826,18.09753618232222
13.162588844385818,77.72444950797339,86.70685022058686,103.16755274694934,31.121455231973854,31.33391633928894
13.049695198365598,77.6543818828655,66.01434710210077,64.71964712317852,18.859148201737767,25.20139857142592
12.846759216283345,77.5552662824508,84.31450944330582,109.53414920915436,34.40594043983375,22.843064130319952
13.17593284944539,77.66965211821443,66.74828125137182,75.59105910216032,24.243637506202116,34.33529405985271
13.051083221228566,77.50396199169714,64.81971847868977,80.31233933679171,24.763810504861855,21.228263607594204
12.933962245862835,77.5380768833977,83.78995265283514,100.11443750266112,31.16390946261363,16.315576123560092
12.855708829065355,77.7669943372528,84.70836012476227,107.93812743151152,31.9572588896126,25.1483198668565
13.117610075708118,77.51620180226857,68.26426863729141,83.94740297689009,26.26862690688512,27.133798526841815
13.048029102371405,77.58799530726317,66.17414304830733,78.23435030036391,22.79454953916156,18.0171447915689
13.01338443679053,77.7560564549584,75.74276857158402,86.42374682330443,25.93158729131613,24.973024235087443
13.157557033220382,77.68308854010701,73.82877340835634,92.58378159693831,27.225846980348894,32.158891526063556
13.115438884489812,77.42488129046589,79.35956545449595,85.86427202562206,24.844844529048224,27.694950583106298
12.860669951893101,77.45892121771159,85.7332110468493,106.10930535759863,30.45456801183601,23.39097567948526
12.924688827118219,77.40313663630877,74.54952055256452,83.96420090530304,26.124640479308685,27.544089338239523
12.899395655925787,77.65236871609167,95.0,120.0,38.62121182562693,11.658162199776736
13.09757851702907,77.57906937016416,80.89573669315976,97.88138174510519,31.706618466870673,20.284443666471077
12.813412973894312,77.45370994036091,70.94409388043647,88.3535314957743,23.99292877684142,23.93208149208388
13.027955873948526,77.7831736484227,59.04359404192306,71.26225691943127,23.957083178643128,31.91796893318964
13.104983474296276,77.61186388957825,75.64860124976073,82.01643602400789,23.96861380396651,21.02465906887704
13.1507062547047,77.49675731764516,71.43169021768662,81.41438244424725,25.62578076356536,26.703032922924056
12.936832699486363,77.60024142846189,92.84194681573643,114.77228286694064,32.61925419598777,8.0
13.128502921868805,77.67184813309404,80.88043789694538,97.88980456313368,29.650901196688114,23.697015808894225
12.844252694782083,77.43049568718943,62.820313209188306,81.28932537755432,25.01424397906011,31.55473896036945
13.138580916693806,77.50988152601916,77.36040650483893,94.84886062099258,25.48544860245847,27.631451004271675
12.850995464932794,77.7227861963536,82.91514768268587,94.66466776570974,29.6159346624013,22.192199459105346
12.958914916224147,77.58386594816106,95.0,110.01967931139683,35.69777380909567,8.0
13.11891814631182,77.61863085681291,86.41177659558147,104.20871886731395,30.913319768830927,23.25604461651904
12.85996697093951,77.5731264008838,86.92448716326481,92.73916426591725,30.542085541431202,15.50846782952834
12.891700558093056,77.41755997705721,75.88912856850519,99.43416371032114,29.450862126191527,27.014279220680873
13.088901027357226,77.46629991192806,80.19110595819097,98.43806083171695,31.230587311608318,24.73618152384076
13.08801461461843,77.57821665549676,91.61695908050608,116.07552388185165,30.385517232653296,18.530670340240626
13.056459053154118,77.48367418616317,64.68910439559254,69.7239055706652,25.754727229826486,25.072144110208274
13.07757937778684,77.41999161146387,71.29290411499707,91.77431073977276,30.523209712417742,24.507226003565048
13.017089777339038,77.73745986562072,69.77793654675828,94.89101841124868,27.898054514867244,17.281480300901336
12.900719623562782,77.79247701166564,78.28209025189207,87.33411652538389,22.25605690432753,26.488331001864072
12.938278397401568,77.7172571495987,90.94708494692533,112.99351091082923,34.47411000985975,24.02015034796911
12.872639086720572,77.74151396868187,70.17348337608802,84.21372977474208,22.37626783827511,31.762721476055823
13.163380224533451,77.49679085212682,50.33286278128411,52.67726609629972,16.69288690400489,36.98843221661226
13.033356717906448,77.78425079020528,70.90516571024321,87.5506187115512,27.088317051793922,27.2757930047178
12.960340566705456,77.47877028178138,88.31595341356625,110.14716012046624,31.161341698135825,12.459627225904532
12.984802321457654,77.78057192414472,81.05430113983452,94.25952860445719,30.519792628565913,18.509448360389573
13.178913335844726,77.79792771758638,74.76282497919136,95.54497257630575,30.274641178504073,34.719678015261415
12.861340561246433,77.68468912229842,75.08086867829441,81.7632253800073,26.480614288579314,21.13608884764407
13.034491932806718,77.79245749271672,61.829063726662866,66.72109573974723,20.034044129261957,33.48022765278014
13.002355471553786,77.62781591182684,87.88954100442706,106.15043618325622,29.014082721149453,13.341266701819864
13.044581694173859,77.50381671327044,70.83310840382879,85.1266564744559,27.493741486759042,20.247051388241893
12.807244073528336,77.57479835426625,95.0,110.41713255787947,32.58439696909226,19.384913953465627
13.14884956357766,77.63742437415152,81.58759781569827,101.95308955869736,27.80636658122387,22.193850079389293
13.172847312993444,77.42923262481081,66.16980304908155,82.05823522997761,27.321549300941935,35.19283060706403
13.026053273435684,77.6489373058469,75.03981752383854,94.33847638327632,32.50035795598791,17.279831188685687
13.078660329550758,77.79247113470491,72.82168019951592,86.77033406265777,25.948603960838923,31.39123123548156
13.168999752470917,77.4760430599135,71.09168299871055,88.32292093834435,30.815118590709886,27.813633383452892
13.082895453725358,77.71703804651536,87.89522569658341,103.24601932075011,31.15643525344773,24.70870443415018
12.861015617165705,77.76315951751185,76.7843282823152,102.41028738921122,29.96217440843066,28.75896690332324
13.030515344066725,77.77748063712808,68.07686924709934,77.62951424590928,22.027937365401826,24.19394058435028
13.042686018553143,77.78405424176218,93.78683157936199,120.0,39.274164815985486,23.503504475554696
12.969652268520955,77.60858385548859,84.78714090919408,101.91900882647992,29.015414885168433,9.998658644781587
13.094577694249889,77.7909231631966,81.10540300909322,90.44892916306816,28.60521736887042,29.3519245948445
13.173746805907605,77.70292408285377,67.45066925198566,87.78119985482579,25.216032286329316,35.956506326844305
13.17022740516271,77.4646685744948,76.76365639167679,92.74589461198694,26.903154858447355,32.562021960562944
12.980335748561654,77.59076004258719,87.6339768249422,109.41639268183181,34.885417192488674,8.0
12.845295218336302,77.6873324701488,58.26893483624608,76.04200139620826,22.05252672628377,24.81163420078738
13.193936479584933,77.49893612632764,93.05057290394527,113.35046525545944,33.195548817797246,30.089449288840896
13.135559234578373,77.65624607341955,89.14818151492778,104.01661359384926,33.47059347250439,21.416537097377482
12.849865072481307,77.66664019161865,73.95535608705913,93.62499419281721,31.28229284428841,19.012081299723192
13.168336753046948,77.46507989752342,62.20012053170075,74.64392217531388,23.682556259162627,34.4385217557398
13.147958544824851,77.6260341249811,79.51871369549623,98.85174552763758,28.345984107043375,27.497753406655235
13.007535222850429,77.70865076439144,79.88807301858523,85.09703475334497,24.507893427408334,20.78034505791782
13.036510174297971,77.59955826581438,85.30172591929279,104.5969796882006,31.538924433940256,17.52570882372113
12.959601081548053,77.40484124671045,77.408887182608,89.69773549340445,27.55118077187265,24.6475651323702
12.821904655528813,77.40361538763172,77.92941579454728,101.7818471393494,28.558822321525273,36.4958589157826
12.934078896658361,77.54281173758801,95.0,117.11543673944547,36.58070690099337,9.192435874718889
13.121141379439203,77.77047762737271,79.13811604461436,96.16502798278373,29.020535054114315,27.133963718777274
12.801852809201842,77.49147071184144,64.57246332982332,79.91850596253909,20.544135151485463,23.124840382724457
12.933399668676458,77.65374547554867,95.0,109.00779573561641,30.84448575576346,11.20353203212736
12.959267477436377,77.48883034827733,95.0,120.0,34.99174265269667,14.63745277721964
13.014958241175169,77.52866799586383,95.0,120.0,35.85428462231789,14.96892471995679
13.167942246565104,77.7392168358406,61.572407475117615,75.85145652288222,26.533994547872656,33.959736462322404
12.938538397746385,77.69154457690797,82.30746275883236,106.72097315346701,32.49263455831936,13.433048356400125
12.93878128075849,77.43815971092529,56.18673038138442,64.57833546429863,17.69195685949234,24.187713420035504
13.095000499243898,77.57148080839457,84.2541154729935,97.11937073646729,29.57707282955451,18.014954571034774
12.980887176355923,77.41166790545812,70.35961249127917,84.63615873317961,24.686672125046123,20.952861064092637
12.889841929175994,77.5923560586412,95.0,116.1747051918395,35.50192803661893,10.736045695217765
12.980975806453078,77.66497360468043,73.70407918664274,86.47496161775568,27.10362385939793,12.416693415836313
12.85634280815192,77.44740104943926,58.76047587816737,73.20141200564326,24.378884896140853,32.120214955966134
12.870554794602489,77.51555397556366,73.87284633821807,90.17936301622875,27.005235913528573,21.016100023563713
12.999347109095792,77.55913465020086,62.993626618529504,70.60081806578012,24.4581664749337,15.190134938587788
12.96757017980182,77.76781240986242,83.84803050538451,103.21160169372003,32.77952583318839,19.4452185373911
13.165938360427239,77.79730200616919,50.30855864985773,64.68791159243688,17.991494388106688,41.63300935921434
12.944957559646653,77.41796451959826,76.35290287716587,92.480830040551,32.163960343662225,29.131361770687118
13.032235340111217,77.70440316939816,57.95024316383213,75.30353231290701,23.245048720412296,15.753218057394726
13.052905715167812,77.54868962656094,77.12840821277643,86.46707088784697,24.26987225840962,14.5084364906891
12.805237782635334,77.5569832744918,92.90568015672984,113.82656829873507,37.45379659208136,24.25293150600455
13.065414948806684,77.7017059893388,81.48732559885673,91.9333871866442,31.73557132639015,23.022739431731324
12.871214386747901,77.76737057285816,66.37420034982352,74.07863362862278,22.157539561147715,26.30882297461025
13.18442812698778,77.78037143780102,70.56291300983922,81.52084144311812,23.44895191218424,35.27731451139499
12.859465091101246,77.63084903441533,79.28775192218247,90.43500138874774,26.785750501716993,17.063915221170333
12.96584964949081,77.5428484637202,87.12280195166596,101.80738324829346,31.971678429523436,11.825976959207953
12.834139867231459,77.7150196343435,62.1941059811743,73.56217562385322,24.62436599721699,30.646745768303166
13.198749700738379,77.50040055330493,78.6302953242586,98.54212682076724,30.703612707957316,29.414598824579937
13.000878004132497,77.62562961153341,55.82298832868631,65.38179080089506,19.817983657212057,16.686353371008494
13.038154006928018,77.54343138460995,74.50363644807724,81.47623520384472,27.438894101762273,13.599656194720907
12.826830590955371,77.66265242948315,72.11893128821681,92.24305677833597,27.047244087397747,21.241885808223135
13.09998418815967,77.49615956515741,83.24422953824742,95.7076247778217,30.774126110080324,25.30943834613483
12.883962237238235,77.47663717829393,77.87858698081546,93.1607022414554,27.372085075734063,24.67339352784777
13.159221715776285,77.76729563467018,58.19430176897251,72.06584465747056,22.481799313262954,37.234935018319966
12.882055856192803,77.44072147317982,66.248277530715,80.49598512887191,23.92167040908067,22.23136244450378
12.876275088265468,77.60238316309398,82.20469375387523,104.11653024225765,31.123254707371675,14.945890373593999
12.814619867139239,77.48834111318521,74.73123168574122,92.07249373985326,26.86697508703156,28.95203239866227
12.988826778044,77.41557198533027,70.21601294949139,79.95266764090411,26.675508354632623,26.088516135044838
13.025936453305047,77.41440752731657,70.78132505332619,95.83040093394973,27.283268203967847,23.52146305918302
12.82628345577134,77.47008870884234,82.3935088228953,99.84387790416552,28.47269886615224,27.271945232481972
13.110211046678003,77.7467081418024,69.53352750483768,82.70353187269768,29.053046693499525,26.4813190054822
12.981315533899211,77.51299149759082,80.00984819444464,100.83144494861142,32.205128613892086,20.601068456261423
13.009756107731032,77.78018366823012,95.0,115.24725472965036,29.803949021509034,29.081077232279245
12.976305098775292,77.63264891719568,68.84623723794826,84.61162565023454,24.252970216649555,13.761541341696905
12.960305224350131,77.5746456759075,65.33511399881243,90.86305679157834,23.634938362349395,14.842426085310018
13.023856132523287,77.63203553386778,89.62181723769729,106.1705735439615,29.949790676357935,12.660351147177954
12.862096098372286,77.6066793540905,72.70516325031306,85.65739143028868,19.420188096618524,21.042608431585556
12.87277125219811,77.70351050150293,74.46428896087521,89.94003931311256,26.708032638545884,26.693403513215884
13.144714248405407,77.51299842638915,67.61929835042503,86.50073769841522,23.66633767120194,28.112841946868112
13.178446184853453,77.54122015664012,71.72085260212869,78.53235297160242,23.679516405073603,28.424645205636637
12.949323726511901,77.7576377210133,92.75775527359316,101.48152687092926,27.194215543513728,17.06561029284984
12.908297869257423,77.77858260526015,83.29287788276048,97.01587710621183,29.27058683820763,25.878125041400917
13.057599817295607,77.75702329099458,84.4329350867144,93.14990730876083,27.115139636387596,27.40557610932624
12.963493668439238,77.56777919758292,69.43677614728733,81.1999746391166,27.36389832211217,13.695129257546558
12.810154542264138,77.71214620120276,63.5032554207049,78.71640498549233,26.43763521913895,30.13318408261753
12.862461038946476,77.59053429332045,51.14848021475661,56.92443193994661,18.648020788004548,19.182721074415845
13.08638889153896,77.59901594085844,71.16250173955973,78.26086920356495,22.82503319974706,13.44066521842671
13.06356957676406,77.48187204362291,87.29276296603697,105.0980013678211,35.50016120086691,19.333616205021322
12.810838397001394,77.6364521213034,81.86345933996277,102.54886863103118,27.658590033629714,22.51263108788374
12.888788864773181,77.47445435910134,75.48886518700469,82.11177103182257,21.826414050419448,21.104330946677624
12.892429918635228,77.53262587962688,79.74989725846932,99.8010387016931,29.7727454107298,18.934879153787136
13.06875709743949,77.74201208064797,69.28365581698469,87.22691799907325,30.676151617564212,31.68364116586855
12.807884215101746,77.48283032368434,77.13606538302263,97.33370397041028,28.79543337738291,27.48002794921144
12.84164343279383,77.42846331406938,82.11244364654922,104.6273334502175,31.021709548646687,27.231238564389542
13.119966434149275,77.42760303704513,57.67191276884968,80.21636494591769,21.18108877155169,30.79358199819393
12.871417864821733,77.77631380820124,77.62146262538656,91.3652949073686,29.301447642751334,28.361036544158345
13.06109844314075,77.60276817518474,89.83082826048155,108.34485181296715,34.40980805254885,12.519076791036879
12.89527311241869,77.5637648287268,76.73299129304253,89.9973973854109,28.57736961842309,15.919308181581446
12.839776557103738,77.72435143240317,82.7586475766183,99.32026131572101,28.53763704902158,26.573289340508634
12.897268876399782,77.7343303711642,95.0,120.0,34.58658646325399,21.956152858209844
13.088906772742263,77.53287641324624,77.32884997031553,86.0695475447253,23.234619762607647,21.895185004613893
13.142278587242513,77.67744722298951,79.44691710415898,91.0310521641629,27.47706065277074,27.328857909418204
13.132087945826797,77.70844912634075,67.78098361489401,88.22308502039562,24.30611084756168,22.583102688755424
12.958873411847382,77.66186027474639,83.38982605582639,105.16797380150211,29.195559129952056,15.41699900999182
13.067234054628258,77.46063802992005,81.37294076194632,95.83187068025019,27.902179770253706,21.30921236257141
12.88199371816633,77.75035323340683,77.9639429696523,97.82874156918635,28.37031012038747,21.885049080121085
12.917259092104405,77.61563782109441,71.88949047630732,87.97346778402894,25.31608327756477,10.324808122012504
13.158534327408447,77.51298897054801,76.86499000019158,99.73936104523483,30.85469750725097,29.011381257524253
12.805200769404296,77.57009127417508,91.212235612818,109.82723070451547,33.106264815655194,22.03049920576037
12.834203412341788,77.41502843615957,78.18107471633085,98.94545022895994,29.107323007665745,24.746552034039524
12.883154502058412,77.45114672048898,86.19350708900784,116.64226805927251,35.35870627440471,24.66749234009723
12.81061288154953,77.70621870020635,72.83503643399956,90.3925394960368,25.134707766601775,22.987359695951874
12.87257417403592,77.40000465390216,81.58187560524094,98.14489155526334,29.654024714398357,29.095530093022866
13.033216624387876,77.56662633139292,84.40921324406536,104.90329081898332,31.772192231384263,14.041505728812448
12.968569820236999,77.60900407243423,74.75492515614157,87.87950589635045,23.357758050190174,11.653173823443202
13.15706868443079,77.42185376800039,75.51241501546424,102.55473654618075,32.757808472594945,38.13940292290314
13.126977424695376,77.78923126518893,62.63077719512609,76.05728782263121,21.05431893633537,29.54740564372736
12.93672694067915,77.49045013249987,73.1795387660746,86.45077991816196,26.115853573861457,18.507941525358355
12.903769373372517,77.52167948785451,81.91372611466001,94.11802631249184,30.56423137481809,15.938735419928811
12.951876963266907,77.52157700490201,84.19046045229348,106.51465350078436,33.80574956566304,15.446167575669072
13.036117977005922,77.49216666484695,67.0547509511559,84.80163820552576,25.5091582387954,21.04738001383089
12.90722545632915,77.40058952883453,85.31927250418559,99.89635514795224,29.24390853862153,25.8516044366579
13.049659563139654,77.6917379176352,84.48927823367721,104.26939060602476,33.17584099895856,17.689934709454754
12.963764660876496,77.78673819991971,68.33782089569357,74.46260523376799,23.688171525747638,24.0466548412737
13.020818872340792,77.48971739331402,63.83129898633112,77.52241165896312,22.019993457600673,23.166160946940657
12.974450611654127,77.66521887672137,80.01713483908819,98.28434356728928,27.895515776183405,15.443537801084787
12.917786303816767,77.69675853078348,74.76728837702048,98.25739510022069,25.33250816667421,21.823124724419184
13.179381322784861,77.73937015163621,73.4693080909778,84.30907569552991,25.600786392026148,32.046073740580496
13.105442317663904,77.56905167880545,74.55588932704453,83.07530404844181,24.757195724495745,19.19979278401186
12.856045270306582,77.52117236225618,58.079901183143825,65.21874161514738,21.8380052338293,19.64812510061008
13.147387190359165,77.53011805360921,71.7544985586272,79.42255576877804,24.544876917594145,27.62536701208169
12.994972479299806,77.68504853323941,77.27283202313016,99.41068521655112,32.49166395331071,13.495290856475684
13.157820890757636,77.72671178660225,79.92042170757907,103.64770252421506,29.699582301432173,35.38632411646477
13.119942102378925,77.47264558710265,68.4161469016864,83.70045917176783,27.386438413465587,23.439170270957238
12.970085401787694,77.5483764032631,95.0,120.0,34.94216724179069,10.945820790603516
12.808987723328048,77.76077607869966,54.25848786424754,65.77997733999823,21.28918532558401,37.524928593686376
12.907470943753978,77.7226774078779,90.94990873921921,108.66433224855922,29.68178288950638,22.025810881483565
13.016653685864346,77.793943361105,72.53824749763112,85.38070890188854,26.08448326929894,28.71032197488791
13.05339128793046,77.70169930387283,86.8578824740084,102.67750401192225,26.833875320684854,16.88469331056779
12.90315507417328,77.55727808041117,81.90005590249532,90.54105930144924,26.62804281855126,10.46060472023137
12.85574242962913,77.63625513359786,90.23963813223405,109.60883957671756,33.76335986077109,20.598020969570637
13.13397209471972,77.66440570169893,72.28930884670574,86.54550106497666,24.921713217030806,29.96365385318657
13.19376087228142,77.43138232652686,60.230158518990066,76.00299384317745,20.7000228954413,35.227708635130114
13.010276072921075,77.61779878364155,95.0,114.46761748219305,36.03252218324978,8.0
12.868671714339321,77.68372833138905,77.05746054016377,91.65543414035106,27.28970466241147,13.535211656366188
12.908922930607748,77.46692852160042,80.10425198064436,91.76913722673507,26.551599873959177,18.269945782143434
12.807356270618987,77.71225268697022,87.24576713989188,105.05568675197907,31.600497867902273,26.137956759625844
13.1657195226242,77.63350911220564,64.78141882916329,81.42888874907675,29.702004908614203,33.1172853393786
12.847100433156058,77.78088871427903,79.75182600650618,89.98549625238812,29.302654575279522,31.450384415821063
13.030606590205702,77.41696891928277,69.74228935945182,84.12811599974587,27.563582136299445,27.65855343001361
12.909622088274883,77.50613045502219,78.27735237728531,95.0980376103898,29.400503921101667,16.77381391091001
13.021671201006317,77.64062155171993,82.32238218086069,95.19653469894149,28.891930954836738,11.81907957611047
13.060568155340745,77.51862396488238,64.1480611834764,74.03839189563168,17.41935299202867,24.501577078284722
13.13189672148288,77.6857696656285,67.99114329815313,82.74242620161483,23.464767167558186,27.24407383974491
12.882568508704242,77.70360211300877,91.47367217384092,104.101301517146,30.26924162873885,13.618944207433776
12.804398331463393,77.4410063856266,82.50988603826107,100.76148182216025,26.47866041855301,27.43244414765593
12.854754252027524,77.6055417856827,78.50575719967128,89.73013677130953,24.604209450961992,16.31047023883073
13.160007456739242,77.60355622223642,78.00022407833575,98.91453735916897,25.712688265905424,24.42320657822041
13.149556031025005,77.54771230808622,72.85610704020092,99.1164671751826,29.658292481160036,27.80605708370417
13.038965240868123,77.77316994502786,89.02312709545917,102.52396850604191,32.3947224935102,24.860766170712605
13.040206744173462,77.73100252794929,75.36225275274032,93.10574261516174,30.14527182179718,22.50162144235108
13.066014669818502,77.67888375276385,80.99033257317909,93.5546895634048,28.895975793179925,23.497562922996565
12.870148511449381,77.685730654294,89.6417237522706,112.77483937171365,31.90565912911696,17.583599733712997
13.165764778369983,77.58468645752525,67.50540048451306,74.6801885359896,18.53992624375696,33.283827863266495
12.96750820995683,77.76839780843862,91.89559339119029,112.67764586156692,30.289556359667074,21.181114794325023
12.9532554112998,77.67783817090131,65.43360310965687,74.15537889714149,19.70864851463345,17.24779986469074
13.007567082113136,77.69159242466233,95.0,112.96507705450816,32.111803720281095,15.001031033405946
12.818786386710023,77.74467636151493,70.56402912245112,79.52170857120481,23.53701557537827,29.732284564316057
12.866513347502432,77.50962863573687,75.81591675546534,95.09085246103717,26.498927302057215,22.26637584223654
13.095213446570547,77.72282836154668,57.194450955499086,64.44843937440096,20.01248359965681,28.392955290059678
12.833119467170052,77.4780962411826,71.4035745299224,88.44411073256602,26.06868621417086,23.697247147747362
13.041260843786555,77.53813678089796,70.11842928981807,82.42162500647001,24.747578925423053,13.586423838501666
12.898139643872529,77.53424418170793,74.16978836086464,88.43138417404326,28.809916357555387,24.600032907431903
12.95571824561679,77.79141018735565,73.7543931948268,89.2440513707928,24.412751942837097,25.91760195628447
12.91547749470828,77.74261488949917,86.6630340998611,100.18651756153906,30.893364425046453,24.26109799576579
12.94226908658598,77.6804679446361,82.53907241715679,100.09872246829258,30.001670283535624,10.997091020413658
13.087618362073698,77.69082270464615,80.54034343885449,104.30008494839744,30.623052922579838,21.17997368671383
12.91884868624927,77.62482911776102,71.00486340524301,81.31536215712804,26.165121288870328,13.597800920131085
13.026561856118759,77.7788362668434,66.57947210091125,85.75441723746272,27.48435348035283,28.986472005815273
12.99042016087964,77.59850350115295,95.0,120.0,34.107018408023144,8.0
13.06546846614506,77.55220708394796,72.49812356968606,82.91697333848305,24.510770833829067,18.54834164762932
13.174731895729902,77.46521413477264,89.52014858292647,100.14890527405899,30.607094947385825,26.682628650896653
13.0930288388841,77.71448226090442,74.0375770380896,90.35489694656633,26.56045558792473,25.63290137597931
12.885976151436303,77.69377757283024,78.47161337779548,91.42889843952021,28.59871219643166,17.146383038985086
12.812473254024514,77.55374201540965,87.48922889137008,114.3300907654591,34.86141126545828,20.113474444944696
12.90490561771993,77.4100773655837,87.90863074267924,105.66439459371425,35.3644408588263,25.008841047966914
13.038031172280101,77.7355989310872,76.09864027743568,87.30737129274692,23.131653115964504,19.81961580299374
12.820570325393701,77.40456719338164,68.98059803417884,77.04092008595605,22.867404046292016,30.9492797175876
12.998546498880495,77.68147991185162,79.89265499219542,101.32071078608865,28.57920821280221,12.526888240315424
13.038737139566756,77.78810284389041,78.13863463913758,90.91044169654415,28.481347419841335,22.168506467357272
12.933697556326784,77.57506453125929,91.78100158796185,110.35634590285636,29.872559990765822,13.139841559963306
13.108364881498328,77.49398936199839,76.55302104554129,96.64263898021194,29.685417114513353,20.43510690577453
12.84263930125351,77.68194840401735,83.40095480384022,97.65985400495411,28.037859338789552,21.699678209574657
12.830055112694325,77.72685125680623,91.69786683280788,109.80779605566863,31.474015084458564,27.46034754100364
13.091275502481441,77.61857212643115,82.7104555589623,99.16970462164215,26.857914979411273,17.089403263926755
12.998196526482479,77.78681411010245,78.41425571506296,97.513729415656,28.323966932294788,24.087622419226722
13.075360958571094,77.42066748866318,59.68433569292657,74.57492450906351,24.541478413300904,29.963392809055126
12.973930935441498,77.60191823932182,58.308674261376424,68.86984045737756,20.610574770154308,13.290982782709701
12.898560813295642,77.68738157892902,82.97970271451443,99.8938885648999,31.223527405218917,15.002193088863642
13.12764092706968,77.74505618845967,73.21364950741922,85.99748435128562,29.128528949318238,28.904407912749903
13.119766351587591,77.47170224476312,70.22705948723384,76.88440935008339,23.592833974670167,22.03003779361208
13.07787858834177,77.72000139270547,79.21632284241434,96.34759169788785,27.78667836524167,22.336723103610208
12.908858054891985,77.62108283028742,80.99085919419701,106.64998983720176,32.92950138152611,13.81373516186233
13.036092266747636,77.55862147279599,92.58534164330412,106.68381426850964,30.916551987924308,10.56251363647414
12.944389558776011,77.45268601143164,78.6361539659522,90.49823621112913,26.1406254967444,20.215318535204208
12.836632829330654,77.74611830356356,67.38508660617204,76.50846506918774,19.91275392151835,24.32817212071304
13.166925430184897,77.46290928327188,83.12303040734643,103.37059538243133,32.86369359689818,30.47619675790274
12.854727452367586,77.52391514368364,75.99942477649763,93.44173700277936,27.26051594953493,24.22566921708036
13.18009494152832,77.51601821278499,79.12476116144632,94.1570249316533,28.61130397112771,26.077303625097496
12.978402309183183,77.74856561367633,72.52010264684395,82.43402786801792,22.658284503192096,21.291555018114547
12.874053171535449,77.66908119768355,72.36519455019683,87.30011741843582,27.061930484961692,21.544192474000464
13.016760378951343,77.71867255887655,79.23989093640103,87.26475848700221,24.655545069830495,23.91586579523999
13.149178334350562,77.500187159517,75.07246109899768,90.80408615308468,26.957808402521753,23.124835126351794
13.092889954563825,77.6499496398428,83.13215534775549,104.11620834774625,32.990514566802126,19.512660264802278
13.12262445914458,77.6286983932575,74.57224288565403,83.23069577961644,26.550727358349988,23.87476734089027
13.063513346684287,77.7331321507153,58.32387846601186,62.326062775065914,18.65375868748589,25.486490374080585
13.076910625807141,77.7624348241925,70.76533730758807,92.81559422757998,24.308416202860556,20.306937781666022
13.139678260626127,77.40486270859095,80.26433941374849,93.25840909897526,33.96314386981386,33.82452660193079
12.899867203543675,77.66960796762352,76.83687766339615,97.88399242579449,32.856915668284614,22.253044375277874
12.995769985457256,77.42073431964789,73.75928398275371,87.7411524533153,27.767695385771184,25.527820839434764
12.888483776727842,77.61954346603095,90.52484725946223,107.82004262664805,30.83960522481247,11.532032713365254
13.195067203198658,77.51505309161747,66.02011368765986,81.41619992267506,24.19767565339859,30.57891497164297
13.177623735874645,77.52271063980886,58.661667655288994,65.97400690261458,18.705361211231338,36.2641727620019
12.815770724547402,77.54118340138095,75.15717010809435,90.85108984719145,29.783038832350208,26.68720800507364
13.082230069006275,77.64851697961984,74.00479543527182,86.89830744820571,26.59449801616538,21.82653041610744
13.170099326966266,77.53361998626751,64.9547933209888,71.3432847681614,19.834657713728753,30.339245381461566
12.872230138050934,77.6930796202361,76.2511091041473,93.18874129860875,27.01511219133306,19.381690426743944
13.027178092221051,77.56181095422956,86.6885855453294,102.7097636200057,33.05530537114152,12.18236975777663
13.166195319035216,77.42734128012398,72.077186718413,85.70749991987206,28.912445669602576,33.218368452940844
12.81357839143432,77.71350393699365,78.18181611138618,87.76737461659263,29.38687551195028,28.606530568007088
13.078968106898735,77.51430332983709,95.0,120.0,37.514064130107954,23.43401800578127
12.91893960294902,77.5731067518397,78.7273244606671,98.8563602847311,29.151658347814056,16.17005581182717
13.169758478150612,77.67417755328876,77.10648191514767,97.34855771903709,22.721539665052884,24.385207603695147
13.188423298066146,77.5329824628595,68.63743343339559,80.83769660786629,24.84562902997633,31.3491074445897
13.177706595645374,77.42263426245869,63.115137617041505,67.09225069293271,20.12401769019161,37.74130664197706
12.989685686662986,77.54956841880512,76.7245396508713,101.8340344934931,30.83017454069064,14.036894655248789
13.144817060395726,77.77777943307773,67.60697352346766,80.82288068813185,24.354658900505967,31.56248288012188
13.137819759414027,77.65669375891942,79.72280169227199,91.92336305062611,24.92448459128952,33.51396004447642
12.927640189297303,77.66859165946688,95.0,116.08400787241557,35.94001947542704,10.275273270891745
13.131566189660271,77.65291286145505,69.32640352708806,89.02728817252215,27.972619079820344,21.844118527600113
12.814803053886198,77.47959685558378,71.11122083996773,85.21821222753394,26.9301412323795,28.034715367543225
13.038507951392821,77.56733354564092,80.75624530395378,103.30037020444139,32.88326506847919,20.499833764363643
12.892003534915082,77.70037591934533,82.33904930332996,104.2218588565803,32.47466094681733,17.495388885089515
12.848226754310913,77.44054915902127,77.76729914348324,87.9388530351696,25.561597087473057,26.162202940839915
12.830781280651685,77.51114111043589,89.6563232551818,104.21863737792079,31.12391751754405,25.635518062127638
13.078515510351256,77.51052764338634,53.935511763139274,69.51029993216596,21.035339714156542,23.15399742204017
12.935949985507227,77.5728075710378,59.04154267947962,57.286788396323345,17.40143541711024,12.270351405588464
13.089906708611505,77.79214749637687,68.52802035021179,81.4863459544292,26.44233909827222,32.87049253001241
12.826142536319578,77.42700101867354,84.8771363974753,94.69840766884698,29.696859806699074,29.521571286864827
12.926116135132244,77.60748039775224,66.97989608364074,77.99310629320127,27.552618767100284,16.120573949152913
13.015796516950134,77.47174587280489,48.39557031574677,56.5805839337501,21.387113139894375,27.091062210252737
13.116289265935585,77.78827061816389,78.6242703272658,92.55790250318142,27.926669916182277,32.23362961714207
12.927501001172828,77.445321401891,79.65376722357776,92.82321440773026,20.17365322540034,23.47543148067594
13.050356550574804,77.56144040094463,69.82528405342246,78.30462261596288,25.965051717043398,17.205068298682633
13.154391099294473,77.69515399393384,64.71343774958841,89.11568163359952,25.65395181210575,30.858380381393626
13.046345275272921,77.68182177121098,69.55919846974479,92.80834818450049,26.23953661168813,19.696320734456876
12.893183789901453,77.56909145475757,81.98231185594187,92.56844512584884,26.973642987775918,15.046026005033996
12.809760312622616,77.53860966718109,70.17428311000401,92.11972348852265,26.74263095292758,28.697581307813145
13.148039549560371,77.55904495142116,80.9413230867796,95.13226025177126,29.76421769574216,29.45284843833838
12.808507764340156,77.50571050526347,47.16658908341503,57.24584426675659,14.054881721774525,24.33497083284034
13.14988066907368,77.48213317548273,65.89193871367883,78.75395665693001,21.4707455054958,29.519954853940163
13.011574853610885,77.59321587902356,71.73951994672058,82.78868072979486,25.52292132733329,9.759845593330086
13.175627079405158,77.50741350242704,71.34284109068227,90.53067102684946,28.405089368881452,29.120305742659188
13.119513294309465,77.5149846659589,71.22057247359503,86.09411962119732,27.11131917623122,25.88339126485365
13.199173644213335,77.66270242538982,81.1011797100179,94.93865853592528,26.907525002910987,32.652713321505146
12.940284726180684,77.78741493267995,56.63956457620693,61.444530272445945,16.476827783201305,28.53379962593025
13.10687531557245,77.64145488022375,78.29691385453283,89.48832155684379,25.8332267994773,15.746289427927678
12.960772365443697,77.43079178682599,82.37508055443114,90.64319608730688,27.672704330761512,20.283922558200178
12.991950248121563,77.43023344554163,95.0,114.06111774207585,37.18929006116785,24.751653708321726
13.051002185287349,77.78056928833823,70.07179094278425,78.10282116991911,19.33597197943423,19.992640332178805
13.149470845674536,77.51891631612294,78.57943501700507,92.96751945781337,27.448798323427276,30.0346400063857
13.193633387679718,77.43682679443299,53.34234038711771,70.8613177325931,18.59303843772752,38.46751930773915
13.107309365545808,77.63961783486015,53.93137554415769,70.71414851759715,17.909759200572164,27.85351551559843
12.967106712866933,77.64945951131611,90.69558296532023,108.67331508787119,34.53590781705098,10.839055727818637
12.968542800910829,77.65940192804747,81.7006968828072,97.60541262865289,30.370872937594545,8.0
13.095032920635557,77.50696081114302,89.21605936622487,116.45864398657488,35.836460227866986,22.507617051415718
12.895510858307322,77.4060442736858,61.099504244989085,75.92318569578046,24.619007388196124,33.046942678242964
12.844189645252559,77.78600614778179,78.70231405084172,92.80374456162744,26.88168557495596,32.897348700347706
12.941848863056311,77.50035721827645,95.0,106.86990941439774,31.195697791652265,13.394653946307235
12.914895596661633,77.67041051522102,84.46349939329288,103.32556536277517,35.3691308422777,16.281046667618227
12.918523248182396,77.68265194795148,82.62521997324775,103.29688283081161,30.495922740724335,15.420159361660925
12.893443100419965,77.64400296683179,80.46247902123527,93.3967172029141,29.48927938698241,13.742116279324808
12.816837275854546,77.52516295768547,60.80988192775821,74.42787208900002,22.341124708626634,28.747784522729056
12.807149573893366,77.50843850150562,89.27298374098183,105.30971401460305,27.896397144224082,21.04559592434963
13.195088955894413,77.63906731308109,67.49793255010029,80.07735706412532,19.93394911163506,28.35573955694325
12.971109253494346,77.74643825344468,82.4528802389562,86.50434599893578,24.793335359800924,18.626539725435162
12.953730658863872,77.77869349156936,60.12172108475379,71.03715828312386,23.423349988277135,23.012957020694845
13.071858913077227,77.44236232176151,64.09110684794021,81.75617472956853,26.103435732142565,27.25872520469776
12.887301555146026,77.4619314450391,91.49161619008032,106.6329266502636,33.81803232352714,25.05386313072197
13.17998447358009,77.77789450351322,67.65065160189714,81.44341376335315,22.45893177113331,35.43295558812335
13.11453800576622,77.69461409133392,90.810069973364,105.19233043457719,34.78944411061778,18.84711917509401
12.835764400924905,77.75319752993191,73.77684975617093,90.33442808886899,25.170541826287927,31.023835950096753
12.967032310313972,77.48105305365414,60.89908316182077,71.99628380650405,22.024533939291153,25.331075163124144
13.151647323024866,77.63503434844377,84.69408737224938,96.93669714328922,29.060304563171293,23.0450415404709
13.177892808916564,77.68045583776698,67.92879551004441,88.17731195037892,26.105445944484504,29.116020273641446
12.986960604499949,77.67204475417878,88.03921853133569,110.2917223052639,35.76470096817038,15.63839924478608
13.045364555684284,77.56326067634669,81.24481442542778,94.46924349087244,26.93055200692981,19.75572830075847
12.866813578436831,77.40615795667652,58.787978486548134,73.03451573094664,19.211144207860134,29.123378182215827
13.19646745045479,77.6331704227217,75.23537913725922,92.96951497881295,27.930845466056724,26.2942497761724
12.892668680553378,77.50124061567185,95.0,117.21150617505587,34.3637983839437,19.619691529546127
13.17709270965405,77.58010169845716,79.62968807347858,87.0843462081989,32.88006970062496,30.03458843541106
13.059858659596948,77.78303240603353,74.02093345700483,93.85815285356892,29.510460808950626,28.424079031486283
13.043094717951544,77.55961412705697,91.77363942670485,107.27987249741716,31.365280598787898,12.107825464085403
13.005075404406604,77.73592064266577,79.84512029859228,94.0250046911044,26.095278268957145,24.52175286999456
12.892267924687104,77.4754162422997,79.9367205300703,109.11347339738536,28.97346519807804,22.907679505752142
12.870611212802205,77.66898419921002,67.81243576989111,82.88428982747439,22.81484877676745,18.456074889336126
12.888194483628071,77.79080278177557,76.6787415488868,90.08287748142828,27.254746787946747,28.79888745704668
12.874575304857702,77.44075724034919,86.26028959686211,92.485875652455,30.600419998926036,20.507137578854515
13.1118337894267,77.40332797689088,64.78078428309817,84.68576180944957,27.64910682761071,34.296781332807136
12.940050103666692,77.57343311705304,95.0,107.27395164595698,32.64037515707985,8.512553024274
12.823137070625359,77.43705019322056,73.25898680517497,82.89358964871245,24.221741563208763,28.014874729075846
13.187641052056325,77.69935373987049,64.11740149157791,75.28412029445424,23.122860801160577,32.499443181458275
13.15351435398537,77.76581946553942,82.48543033201582,106.06457535692044,30.78209661210698,31.854160939162387
13.171100913278085,77.5736083890835,72.101945214576,90.38853419082001,30.553288248773754,30.53482051932169
13.197963129058573,77.50348465686218,80.39450627372015,95.68421997926288,28.326885631228702,33.1351061688855
12.869558099687795,77.57376132760264,76.87501516985577,93.79147852202104,27.964767840112856,17.258067661753735
12.958496807561064,77.68937912714,79.61770872744236,92.5393220085753,23.33015175253125,18.89729325092996
13.103295390281636,77.40362166463215,78.33642099452472,94.7019736412564,28.019722399331393,31.56693175925875
13.078408247221518,77.63578159579387,82.18535163622067,98.98910568735549,31.369699982136527,16.94890380687859
12.861558362535943,77.64531667395495,58.98635260044903,75.6274725989456,20.55279662560659,20.843869455312813
13.126333249996247,77.65507529875838,65.48099284760096,83.41308202931589,23.52248393980914,24.620371551620796
12.889776228734664,77.49680883199235,87.91870925509315,107.97233801714,33.97712344060933,20.47469428964332
12.88952704592905,77.68562108935124,77.5506637094936,91.24905866366181,24.421403152062435,18.399806587867552
13.014789769157366,77.43655659453272,71.57075890687251,89.59402216019765,28.99380866314313,23.05555268087439
13.037175973936682,77.47970813458673,64.79981559717163,77.29993638559071,22.12569313533101,27.65517886909196
13.032034483135124,77.75098801866179,65.81968695845677,73.57405250658246,21.29507931099233,28.00313740696512
12.836594734959103,77.69548926029063,56.355112564004045,65.60969611725017,17.43515202492386,23.93648882307712
13.150984345052152,77.40549822160455,70.95471167525494,85.56828892922755,26.42657919962403,35.68231408976057
12.906240017035483,77.49935050414793,73.23972733023928,92.43875171461086,32.651369484442014,19.582871191842106
12.851805968513123,77.48576259319726,67.2415023700688,79.7721619832968,25.494643073910304,25.635740728929495
13.15549923194759,77.50832253121479,74.16215101568233,82.94858766262077,23.156005774905157,28.309038337403372
13.1822605992919,77.49902390811195,77.0733026502359,92.77167159676718,30.102742650013106,33.994404988015056
13.14485104690618,77.42501051829714,93.81004490981083,113.13933409205576,33.308441135748225,30.899725367550495
13.123806429889951,77.58357620663872,62.25091002229925,75.63028017127286,25.438054014236975,23.84915446726444
13.062096792255609,77.69309338991447,89.90601982896455,112.48658137452959,35.3593272166876,22.511550956133945
13.020342948243655,77.64269268988697,91.30728160177331,114.66335412257746,28.51272310582977,13.416594979841094
12.834794703964565,77.66914866743923,69.41914435876048,80.33191886860423,22.091416394671214,24.002377797056162
12.96338128522828,77.4324596714145,78.91493485783413,91.61720453915623,29.373931807417648,24.285423697727303
12.949075406804926,77.78059628407071,71.0559069702528,80.06609480952599,24.323142987147833,26.349103305617707
12.903901513504131,77.73539673353721,79.04554705071803,98.34873481226401,27.4571085482635,22.745803780853326
13.089368045475434,77.72203612739827,91.41529735435061,116.94245736690931,33.815558179085166,21.450412057669077
12.998350294031509,77.7291935220167,84.19475880591115,99.45830092754876,26.025017038085867,18.049629501341215
12.83241848636306,77.7730842032531,78.76927051602152,93.31597179560086,27.818044963627464,26.760988221576334
12.888073280779924,77.61770158644548,76.36377971947402,98.97044844786372,34.112513986390645,11.85392632962047
13.073303505463839,77.48011280714705,62.50258668405025,77.53089328693532,24.869134767545248,21.424282580854115
12.830452343796122,77.64671344314101,75.39227465933206,92.65190811520374,32.17640643693797,21.984057901193736
13.140482765619508,77.69715259746718,87.18700975892136,98.669829180837,31.36574293383106,26.348795350880334
12.99805861080559,77.69516695734161,64.52885728029128,80.82826908274662,26.303439411529368,18.132152890152447
12.992234630930659,77.60857960966675,73.20289457852033,83.19779179167561,28.907494912992732,8.0
13.036963113863807,77.42738348773344,77.28580448970754,87.07286445797426,26.87638585607673,29.948924369582542
13.129872386370058,77.54844517537205,66.91021005213021,78.55839417872268,23.193063610603044,28.054903562252452
12.939123683160878,77.76830664338534,68.23894226335102,78.95776709877777,25.75264516287735,27.18503185831001
13.071206461023625,77.63377956390298,75.4122655653787,89.38672020652925,29.723696536202542,23.88474269580098
13.026292785598317,77.61533277730229,68.41929657238123,74.89824771423287,21.50954502884544,11.07503676174531
12.906811308067768,77.50754140575287,69.83273937190742,88.59336877862727,25.13487246890812,24.531685756545045
13.151451994542063,77.54737956796663,82.73689927591212,104.92271060367669,31.754525245964764,22.4254276260791
13.11897040864277,77.75813843566127,60.91916162234277,63.366281576107255,20.6728822066955,31.638578724334973
13.06338073386337,77.66658521901073,63.18913178093204,80.7192471654512,25.81195624695848,16.523868594743362
13.140232691637696,77.71495481070093,68.34090553599373,77.95644349408434,20.538597847850102,28.927681070368372
13.14691768038392,77.58173816922707,83.53011309940861,104.52101340420427,35.17951615538792,25.384372035434005
13.083345190686014,77.65209888778246,76.74724992407667,91.75446744555992,26.244010374874275,19.428268006097536
13.134805331345468,77.49935344349728,70.905923940867,85.23098654944539,25.03916597105646,28.947570494137352
13.078988584667712,77.6821843321134,78.51478516574454,93.29225395178736,26.182367465560567,21.303170450710386
13.07205630870412,77.57104053348134,62.38382729545121,80.92123877570889,29.67302930458684,17.512569837226888
13.047444551286073,77.5770182059259,86.05426979730014,97.06718369413503,29.60429644881644,12.47970654776335
13.101086655823057,77.65972892983075,81.58718336116146,100.9438217270688,28.58119635675751,23.76835688748089
12.86344204211723,77.77451224858757,70.41089684189923,89.99972703472682,28.727765210342934,26.989721060676302
13.15234830367957,77.42560253864346,82.68688770031764,102.80596564308323,32.38006125154503,34.22223497671608
13.148737411098093,77.72989729493881,62.58019486302932,86.71972840725226,25.64046447501591,34.699804187073454
12.811698913213824,77.51695324416488,87.39126451695753,102.22478360672555,32.34864850758443,19.030382792422156
13.130326700225904,77.57756778180256,78.56304123235023,99.06217359178792,28.06806815587465,26.50626588587263
12.85154794698938,77.40876533151001,70.5724874526943,84.15653176652606,24.261122980059312,36.24799264711258
12.934047541703658,77.52041843113373,80.64401326789395,102.9398463032361,26.8615205818387,16.006110713662263
13.097403302516643,77.60105249705205,77.62891887746855,93.11625767435541,25.286975133867497,21.63122759698169
12.864303958419324,77.42247043093899,87.0612032212289,102.53406495616231,34.375481098190065,29.688147136881128
13.127186809647624,77.59643829175327,66.45332526650724,86.27435133916681,29.16516265719467,23.087987445377482
13.132853671183096,77.77084425154337,65.43068952973607,76.05901774058863,22.949282619474516,32.89200787523589
13.002987093504334,77.44215728724312,87.5810095312401,98.03358264298534,32.735937687275275,17.86333923697608
12.802554348686733,77.7057762912302,68.92825307298332,80.12966927171084,23.71875180829664,28.75587492864918
12.914815253269966,77.56386842135039,90.77696532486867,112.02752312278507,33.1214363316997,13.873370351341253
13.046770767350298,77.66206948580974,95.0,120.0,36.113021296931116,17.14936812926862
13.192474471210968,77.5040946391941,69.04714793298477,83.41222439606427,24.77382412817215,35.16136297269206
13.052725410806667,77.46379690501655,84.11771819620476,107.53224717161584,31.829281504364392,19.655631785069517
12.903921432425664,77.46418504570849,66.11657311803746,72.549013134257,24.051500154576203,21.483530555303663
13.053602281239844,77.42819677825726,83.27177284464022,97.70981008947875,29.61321433475603,30.910465025585793
13.015994151886343,77.4742586819605,80.58080210208323,95.25408693672937,30.001189609886417,19.31781018406944
13.111938158060457,77.66568775399558,81.86459179718214,97.66471301925597,31.36217495633145,23.145224231058798
12.842792255530783,77.7526762447374,68.34874910884008,82.43897087185907,25.508062852867187,28.35515530555227
13.104411161000812,77.72565027423646,59.06004760305888,74.32661191063161,20.357440921373005,25.28718924331783
13.016506631470444,77.6740537239498,85.4692159788605,100.33902498378015,27.395975717205964,20.450275372058464
13.185196801543597,77.44417274536444,51.30343114828788,62.25926081271108,18.975339513427933,34.411627303244565
12.936748866415474,77.51567497851838,77.5126335452578,92.78954580268909,27.494351131156858,12.49460313898713
13.05304875725358,77.52392275012899,89.0198863325857,102.19441407964709,30.83310708173437,15.529655198061164
13.172811242204006,77.49998277855906,75.80160552649377,90.39359318638535,27.085969877418428,23.64946510664719
12.841003891196273,77.6060022638839,95.0,113.28170235051441,39.15165802548746,16.655430208525672
13.17489139489458,77.61422152595188,85.03928518231709,101.22173939376528,27.706069306846906,24.01529837521259
13.075154288920325,77.54275439006845,72.67062363804119,87.36354564855668,22.229171154924753,21.166008486383923
12.82713482364207,77.54151566349458,77.57765883553307,93.47155830570661,28.706221158751198,20.612941323729714
12.920385426778727,77.73142223916243,77.22162706165149,90.50447657844514,26.39849786435715,24.550580926379705
13.083268835458112,77.71571713932788,60.94122892907138,79.49304838474197,24.480050254882492,29.575335961235535
12.82694024058751,77.5231183326723,67.52816187195255,75.18639110032797,23.72368337466639,26.72640774807536
13.032868184070509,77.7655153775493,70.31413990617155,80.77211734505637,26.799844593874706,25.478923190862325
12.938353222781183,77.781126006801,55.16450364680515,80.09722249728395,21.014715108417306,28.853475774707213
13.04836620710699,77.53069701681201,80.48077764305586,91.38697639672087,26.302657123301934,12.365281494183382
12.818296813525006,77.54176997951723,74.4017421536891,82.51331721087811,25.61151768102496,23.37356646662836
13.14861472246095,77.60225366136879,59.41205561095814,74.96685045815585,24.030982328821207,24.19548978655592
13.189395587670958,77.77644832501346,74.85553891817364,79.44104743293899,28.219213330458466,37.97060472082989
13.187551142114277,77.75052777325692,78.8406601834774,93.43242267031067,29.941134743320934,41.47032567625009
13.09986073269717,77.44102718503343,77.265917637536,103.44822579042564,30.92089054535514,28.7817274463936
12.852034496052253,77.55709229730857,75.493790038839,82.8678684358398,23.079489024866614,14.008256967394724
13.103305278371609,77.62134847589991,84.19471889874313,91.12384024979818,26.208572369501415,18.936242768933386
12.80983476658352,77.60125298902062,83.70710431488838,92.95261916807758,26.70038010450906,23.18696092439158
12.8088494206116,77.47754522717476,78.05036734019939,98.15223864997418,30.756138852019774,27.50437225575586
12.929444087659817,77.74352670846726,69.01496842522702,88.44184571020149,27.046548604232107,21.383881921501754
12.995457276161867,77.67077631319873,83.77476714669388,97.9667765911401,26.742733835657674,15.340879530077267
13.108162967123118,77.73516334994072,87.15589083660686,108.00313102393356,31.5291363689992,22.15473974887701
13.073318150642601,77.74350571173979,70.0171284156768,90.9718307363721,29.046644327814473,23.196722986788924
12.9783610825507,77.69934234146629,95.0,120.0,36.70332470994812,17.933425667280357
12.909450666512667,77.57568424049988,76.4954813032904,90.56290115804924,28.306159579440312,10.799880890742976
13.198849800063083,77.64421870200617,73.69388449241863,76.92530280255242,23.84343426088025,32.50561764920037
12.97047252089439,77.4641461624479,71.75220855405256,81.99825565281463,27.85233816506211,16.76225879239473
12.98055480973187,77.66945816698997,83.46311495193966,98.0217169676513,29.87860121794413,19.487352970707143
12.865449528476669,77.47170130229571,59.45805208948969,70.05496852449566,20.244444961607304,22.97084699215398
13.117923819499971,77.67757983620406,71.12882797763456,84.41529656811787,23.493078888168238,24.037625555222682
13.077472890312595,77.49183926430159,66.70165479580191,85.63645874461564,26.190156539804114,24.07594070511586
12.888307845115504,77.4470205200601,77.88029579428333,99.8284970865779,25.0671410964232,22.46209593234753
12.832952418246338,77.46611379605719,85.4930378152738,101.73327710870463,30.151405128945964,25.783785981317116
13.072199720829884,77.40079685408763,80.54219083364676,102.1430533806352,30.23123629434787,30.507593165193196
13.061804485712454,77.6874958471414,54.80913275285367,67.55926613657985,17.538838133739393,25.349473699339896
12.909303810799283,77.69296041962335,95.0,114.32252986431286,32.44022728198186,19.51733875430495
13.180345424900164,77.6059733399653,77.50004794083888,97.53277831455647,30.87914855466342,27.640066745247676
12.860423156712361,77.46454512042216,68.68010324997543,82.7773841411601,25.294638740497955,24.80190504306079
12.972933920417042,77.43342173500429,78.51208995483324,104.5035638312887,31.554645816801266,30.31449514874409
13.17744636806704,77.40765158657491,72.85844213233655,80.23807472483105,24.68411748531336,38.37073517689497
12.96789092677045,77.4662992707861,71.9137962698528,83.72070102836327,25.301465484406826,17.878582525317206
13.055410379065634,77.75634221399325,77.87082936267029,92.81240075043459,30.329445350847006,25.729556176530526
12.959037759185119,77.49661473668067,73.9859143809804,90.98036070946644,27.54096657624723,16.474704631200424
12.90968608093947,77.5417085308869,76.8848813077872,98.60166000486007,26.664071773820517,15.04850669807709
13.19359105918393,77.44213819379254,64.6720097291725,77.48441883882622,26.505585581396684,31.774711380511786
12.963733602526018,77.48894452189927,65.37589145428902,71.33992149761579,22.142656983942427,17.82143244804214
13.157639681471654,77.60768982831209,77.13338391298942,96.77263017786231,27.853281591768557,31.371290506611658
12.891981842356435,77.64310107323826,86.19160907433556,107.20472471991249,29.654613979383708,17.44083857684859
12.885241881610034,77.49814092566649,83.67541383001769,90.70120329912419,28.00218943165335,12.105818654035922
12.812453633153805,77.42309286369006,81.50072015199223,97.78184351403667,29.10020904426225,33.89716321101485
13.060666730150354,77.55641314765096,83.39801302598667,92.12690647778251,30.786365515399574,19.61986541445284
12.947410537489505,77.49368134837054,74.48388571562054,86.05740737123435,25.12540765003665,16.85147411993952
13.145743299935853,77.48782156929192,83.18298085473575,95.30553239086889,26.916898137895732,29.260808125028355
12.989283962676623,77.78394512108538,61.91636817916567,78.34596530620874,25.295382028334476,25.247078394461784
13.187277371165887,77.6465201943703,64.90134822241653,78.46576873776075,25.39029440676189,29.28297393387659
12.87421020628125,77.62275137726884,70.28915524528024,77.91903129055615,23.713012122387234,22.604411638456156
13.147449267182244,77.56631004140934,86.89504453032265,108.6743832511739,33.95502907070198,23.306337549499528
13.110638741116697,77.57157773337207,87.38129087679262,97.68851993250907,29.231181738268244,14.745864455672038
13.10836873785762,77.61636200153524,82.94858987037348,101.18887679680289,30.824393241059358,20.364156344771576
13.137913291246754,77.67857192281444,86.40380152817417,99.61450848735122,32.21433431133321,24.7548489163271
13.104409596377199,77.68085843847273,68.28901154704288,80.11842844379885,25.286165201182662,27.602525811090583
13.050488128652566,77.46867756308218,81.05631511034383,99.78893187260452,29.598130685116104,21.796649932024845
12.852497951072955,77.60004510083066,77.7869330479855,95.95156665288025,31.490195087716373,17.879205097246285
12.8130104717965,77.56478323801365,85.40041386159918,109.1653420016988,28.019891854926616,25.731941404033623
13.168339139126275,77.74821078650776,71.36751703219886,85.22975194028137,29.673072204928282,33.18610027884177
13.046660125808295,77.65256756848736,76.40866709886834,93.22265483345869,24.554878260256135,14.592873279477704
13.11861491639047,77.61300162656639,83.00098058632379,97.41249009156692,27.969561377925483,24.98110382156468
12.99260894060502,77.44615785687157,86.26561845957177,104.42869156460011,31.246772398989894,21.946569872274353
12.846923275584958,77.64225515572936,71.64284977425461,88.1688499691481,26.157693649288106,21.19188947716758
12.85007431688102,77.4468815622721,74.82508774321118,89.29855605458154,28.80238889642757,27.179527486443977
13.074226114891589,77.5348826302263,68.47878397520083,73.15578834977852,19.831063267713084,16.813735864995397
12.972122357959785,77.45713678592574,53.14617949774471,65.43276987894812,20.151364598650563,21.848841376342303
12.880209890680135,77.67682945880975,80.85767920520348,98.85202243302146,28.49918253346693,19.21881410284561
12.996637818696575,77.48250084553446,85.34598974673959,99.01432031434774,30.294578052979155,17.367537571865476
12.825683574830054,77.55674374927521,80.08331131721732,89.67803840029822,26.773867000493713,25.883667564027927
13.03278856076576,77.7582699110475,56.76769584298814,75.5006307641056,22.836060534597635,27.448821932818575
12.90759736177404,77.4817265533596,75.00368005107545,92.46164361576255,26.638643419800076,23.039995059121267
13.119023640254875,77.60312202558352,55.43303497381342,65.37423681396754,18.592143143998097,24.251857417697735
12.92414478356943,77.56770866446641,95.0,108.31483558426257,33.06899570333363,14.123351213665915
12.982088059632721,77.4072496164183,64.75726818313157,73.59964767765115,23.967325314807432,28.481228442781436
12.80464821596324,77.71710324542913,87.20029965144394,111.15331156566388,32.14943480130347,27.027704377331016
12.828978755117824,77.42761836252585,83.47875031387588,100.86281008099128,28.521307935151565,28.572167947666532
12.956997422562674,77.58970200839079,75.22399000534921,87.51585267141552,27.481676132768328,8.0
12.99197553388685,77.62427131797558,71.87246336758317,88.79540219722307,26.57361287305154,12.932875063129403
13.04000821924772,77.65137058264584,84.0588783443537,96.79866307599282,30.700595190769747,15.363145600974844
12.916665031483722,77.67545265172315,71.66927508687681,93.50734525565406,26.240609149953922,16.10206569335368
13.077992754450618,77.5013089534091,78.94977794600958,101.5037362096951,26.89224301206167,24.574544468980257
13.14404895887568,77.40399151066339,67.31965814667407,78.450719419995,22.46920766234583,30.22151799816166
13.11194039555734,77.68937746494197,58.72109714071844,67.32196533370782,18.663884381582314,24.79504002888129
12.815847530139344,77.61426263973904,54.84588491361774,52.72439590287988,15.659741970703363,28.29743754525218
12.992202778903131,77.7344470812829,80.19901385058523,88.83091276294545,25.375583400342855,22.062324706423716
12.841972071367271,77.72855534516027,70.06409067851669,77.37955993943125,24.695901884502273,26.490677865544164
12.896818006345011,77.73733046711516,71.41237594221045,86.37080283558947,25.33494032583181,24.725224812525866
13.194665037306859,77.59403786399182,80.80535111031945,95.33525281017654,28.901524840600764,29.76428196335138
12.856998217160605,77.53345135833474,90.23967007521415,101.56092665318077,30.783547112836118,14.415550735841407
12.999555261380543,77.71662328103655,76.01532404919338,89.81256864670928,27.333680778837156,18.86913941341383
13.047262293727247,77.5805176452117,77.74593048361297,95.8218023185723,28.69828247466174,19.77113680975678
13.080985988217641,77.47337687856138,81.83743321121165,100.8441166030319,31.2744363617302,21.166278514401696
13.023859473394765,77.74198960782459,63.61163716427727,66.83561319283831,18.45937369019988,23.321947518713234
12.803908338967673,77.75302395070894,75.69694761851845,90.19501973980299,29.857341775248663,28.874608806137605
12.930584523297597,77.58652390245607,88.42870859888556,99.19774643380462,29.286249163404314,10.076385708828965
13.007084657353884,77.43027989092391,83.39690810853487,104.58493321594321,28.752381688985597,21.721728646456448
12.835146599657934,77.55513043596677,58.530118268632314,74.15687400412627,22.623208915221422,24.811922092297014
12.940250772483672,77.72141506378505,70.85482528500782,80.5356542103871,22.458335298221154,21.569701742175567
12.813281243516547,77.76070961141849,64.74378567922238,73.86231680306486,23.489364109937206,33.793427862484705
12.831431398862009,77.48138909699904,76.9899926297267,90.0816559031805,31.443707923038907,22.165931067191323
12.958769310480639,77.42678944481011,81.39242811696747,86.40694676670427,24.34893984689558,22.669771101079288
12.853086301617225,77.75094018125313,90.15795668813917,109.86938889296988,33.62556133433893,24.925331208990986
13.027016339304623,77.55576197559155,76.6667957279812,90.63593214187678,23.679768465153778,15.467360094143807
13.075785987654905,77.61670438570702,74.69902293575883,94.4897029357499,29.254721339607663,15.800938277101082
13.120234679643632,77.7872263248203,84.33148601445495,95.70573712753318,26.940293538660573,33.644281159994556
12.880060097697925,77.4266258911657,78.40087851397693,90.98543947552265,26.04596260578783,29.848940662807372
12.866993032903629,77.65932720298083,91.52585897394954,102.29840447854386,28.486948363883503,15.182109335558682
12.84182713613376,77.42964216902995,77.39298608119569,87.85013047996355,27.819341596098536,26.77667060500511
13.054572099817454,77.5501875713866,68.72329633999087,76.55804562764794,24.982022403240908,15.942950786877491
13.08259029059476,77.72152581807738,63.238264521731814,80.8657858203104,24.306506175410135,33.43423602283957
12.812634457930258,77.57338889310226,61.46615650457548,70.26807856173362,19.351570157848645,23.60112604358924
13.174484898497475,77.79887294156117,77.22523121147796,93.29115587749662,31.166392835456712,41.100927477534164
12.82078851346059,77.62362371397865,89.20702291830582,105.14461048265797,30.042562889288078,17.637292347978107
13.016518534120427,77.52846486105439,95.0,107.65267366993594,27.9717375011259,10.525752418704855
13.083624207780366,77.4880445303619,85.70067635334705,101.99930950815823,31.516570872361605,19.830872708891413
13.148387649498433,77.54020821371446,87.38009682137138,107.85163284496363,30.145940506206056,22.221500291480233
13.085634772852972,77.54901330950382,73.05938152542583,81.63246086779424,26.46695584733662,19.17127594105655
13.120691233227916,77.4274854710896,62.23813429950286,78.73132511306032,22.85712214057126,29.045267028002364
12.935780077017123,77.54782967977071,90.55523321748564,104.41767525359427,32.53272905716667,9.377572113427497
13.125930045498604,77.58569540789568,81.4474714085765,95.32204605992759,31.399614511082593,25.789341076197328
12.83204593855387,77.68909510089553,77.64760267463255,95.83053882460929,26.331443918141346,27.76030273762899
13.157926662424211,77.66269179388864,78.95477868329748,91.42855363385954,26.29669182837305,29.79028387286104
13.019036950461494,77.68350626209165,83.19335611261532,100.0199016318177,29.85462834423118,18.32965867942494
13.126919107984998,77.40334547275074,85.51924824216998,101.0496437466635,33.389995762067734,31.364145085852936
12.980927313807321,77.48706695983222,92.55301568225171,111.71045885222115,32.19637221978545,15.047286691612804
13.05743107807861,77.66467371535994,84.90205471031143,89.97877012475622,25.804623645528853,14.730619640887662
13.010561064374444,77.5935957472719,91.50932847884204,100.66278509857003,31.155116680682625,10.835454755988334
13.092635808702132,77.40212539026734,78.77223267610104,97.60651424155544,28.12749682104549,26.33867125104294
12.832651992812236,77.72179785697273,70.96945939612031,90.34925830358962,27.40982925687212,23.75897783992877
12.824140833596227,77.70912382931614,83.23024193228916,95.32385680108939,25.494082198390565,28.806525209069996
12.89884129360406,77.61936766519743,67.2121120897816,79.43439274688225,28.25897770917787,21.666610359439673
12.863817872045276,77.42658533031052,85.5581945648673,104.14342974235228,28.547610462086876,27.585507874195745
13.14871342663688,77.70660601981304,62.576875492942,78.55833859982393,22.92399617196676,33.01747412638503
12.887685594943218,77.63348543509255,83.2337209087552,89.742078732152,26.85766154796141,15.18770687517679
13.190346102327652,77.71278399086319,64.11691656753825,72.51009864615402,25.578405862559794,29.43837348138345
12.934758316708443,77.70069879695833,84.91822772735846,100.23897637358077,27.42200135020875,19.57601628989154
12.87284716627548,77.72120082878314,76.63268881947467,95.47492756954985,32.609886541822455,25.100716930355198
13.115879402856992,77.60720322656185,61.81099936555485,86.66535165727329,27.51395913938603,23.516787830708886
13.06348311020035,77.4561298072774,80.89788982802895,95.93743915958615,29.615422396722334,22.801297607193455
12.999278286581255,77.66846298935188,75.27686375106181,83.29734919075422,23.019937383190353,18.24680232185926
13.022145420375052,77.64818951402079,90.12816857312096,110.16514267375165,34.19182528620164,10.39658131243095
13.087680711308906,77.69690127487964,77.27693308660055,99.3372986516242,28.354216350647658,20.42361255615502
12.89138189653252,77.4679524024203,81.45845137047287,98.29021224946496,32.02038618123631,18.821352309486453
13.198533566422697,77.47799007996012,62.66728130695661,70.66749484257647,19.258124394557477,34.50224904299436
13.189917264858712,77.75616380688773,65.52679441750168,83.4221230084021,24.80031991360846,32.34340805837148
13.060130274538775,77.69999111938083,73.53159039828182,91.55563657043035,26.35614479510276,19.35816090004074
12.87981698037166,77.76329139548012,83.9648232838768,95.62738371967403,26.713169191048216,23.690654022028262
13.072091296972516,77.70348612846557,94.3652133701052,115.14538413179794,36.02625487335521,19.598768681886998
12.828879363591671,77.63886212239612,69.47695135354749,88.35866946255135,27.578518333584668,18.53284378348079
12.812261000882323,77.66165309481114,87.12483722617193,110.45925488420079,35.555796863062234,23.836419694304354
12.903073155404487,77.755651169576,54.55202481202242,65.13018489787962,15.97930525294755,30.78911049223291
12.985049182695727,77.63152270180478,71.09331183716958,83.5215769737069,27.184814496794154,12.226731237048387
13.147309002163352,77.65295652973136,66.15490238256271,85.52225196948157,30.667573401558258,31.52309930728677
13.090867627906523,77.46259068640144,62.579517394438156,69.04461835842136,19.810103329172513,30.53483424049621
13.097082608479992,77.58956848804644,62.884943954563326,77.65482920008102,27.08674598424225,23.60305504140898
12.97019733377923,77.68655884478324,84.53151203477799,94.58768130491143,27.849981847353774,15.967860497632842
12.938373997018786,77.50837707932655,78.23916087092203,99.21387440640444,27.01934284679872,16.483909381242807
12.948415505193841,77.48090167220982,82.99215115419626,98.30035380697971,28.878841257280325,20.595989845379837
13.195059825494422,77.52553072328976,80.2101919628884,102.59514653370343,32.87495189546158,29.1930387718525
12.816043676564993,77.49660025119714,78.46354781857926,96.61332116407274,27.30764338455876,19.89132719003184
13.146812598448978,77.48596505481456,81.2697457063168,91.40759369727051,26.22160079116818,28.964809702051067
13.031470163428958,77.56994033714723,81.06718758507587,104.40376376247725,32.508207993329556,9.975054456690357
12.975446167675836,77.76313540555341,64.70110177800326,85.39754846574256,25.62538477319991,22.50139481550712
13.090103064166055,77.60282385869549,89.6387377832684,111.97791780291814,34.76262124584892,17.91560611553965
12.994667576569881,77.47516815232613,73.02692188847166,83.8243669409849,25.62296916381214,19.57584674592655
13.149369295232663,77.43078866775235,63.55725963994653,74.7386417961488,23.380843177947785,28.581601961916867
13.160280745604503,77.67846245805517,72.89690051956023,88.20341671050107,25.59642264153124,28.85462608523498
12.968688370749382,77.55311950577456,73.79276299345548,85.03276359548941,25.97329096270761,14.677398310396363
12.91073111889402,77.72873237863415,73.4608275992774,96.6147259814489,27.129671783042802,18.998629690931494
13.036940131437344,77.6638043074563,83.6817134816022,101.13968853655282,32.91877380597262,19.966930112450996
13.164945338246676,77.71849658021655,77.00160760359543,78.88518888877773,22.39700723299869,25.582946341982286
12.884264875602266,77.50877841576738,69.89945132668603,85.57612065580435,27.930531171840084,26.606523318559585
13.049186633425393,77.67694356898443,74.46605908775486,87.61848392121925,25.818331254400047,17.63338716528947
13.052624088037009,77.50562479387749,89.72637688460311,107.2970194809315,32.59310386579409,18.498119628219026
13.093245208966112,77.77562739178012,79.05890220494102,93.02758581700073,26.918346643318813,23.228207006845672
12.852627074050904,77.65454971261335,95.0,118.03523208303343,33.37857876257397,18.6359508827186
13.086329985872835,77.52980472007015,90.21314885328776,113.85421751671223,30.66674447980306,19.840397416080826
13.163613008266255,77.50780474491691,85.90699080721227,104.50365477994798,29.240448116799474,27.222694363754545
12.871873243548098,77.47637063402865,63.387685184050824,74.36866628517019,21.662782179119212,22.439246873220092
12.895017329969551,77.6778563835575,86.98251592152415,104.17233308178314,31.675458282192707,14.77423004188428
13.188558037616655,77.48748624519918,72.37098313270918,86.94317784213916,28.103711979208274,35.35037924598443
12.872390781083796,77.63812130637099,74.07340865705676,84.87594018914393,24.571267137149484,18.518627154409657
13.14175403734783,77.50585401077015,77.08480986924602,95.39641508595139,26.85500299725107,31.10446321478424
12.996911142579213,77.66478757791755,90.7215155174688,111.16603024026489,30.464379500074042,11.809601041160413
12.898892429761272,77.72597589141621,82.5006505579796,106.70298686845888,32.97102329634587,20.46088156821043
13.148299960509004,77.71121009725786,65.62980134162265,85.03251051138956,28.276142184075553,32.05472388953972
12.978122102001066,77.70434053237231,86.92788051624497,100.8850820315433,32.79818514537557,12.431704301727258
13.005926941571875,77.4750889622769,72.40696544999749,90.98985041254181,28.716820620057018,16.553231633027234
12.943693347759906,77.43535397879381,79.08319393447567,90.14506580589844,28.32060637630473,26.551410030946315
13.03718034057397,77.67957953139495,76.59940005609288,95.39894057201569,32.014929731023386,14.558456744992693
12.865409549034009,77.54733888551775,76.99970586612129,89.816576045545,27.609135736497123,13.466139600525125
12.956432614660704,77.57293849056134,91.34024352185048,104.49202610934265,32.639867184851134,14.115929669143444
13.187764928934115,77.41245963711737,60.46455754906415,73.95769577236399,21.5457410080052,33.03910180702472
12.903253373080451,77.50383057971003,95.0,100.6271643592293,27.464062566059276,17.414729897695995
13.062694665816517,77.41347056154979,56.65181820955688,59.22730397944211,16.40049339283348,29.81671595221343
12.930076025689878,77.7516743090405,70.89981114938668,84.1923139603926,25.23937611104847,15.725157971336571
13.10938925027464,77.49735867328742,80.26977742268784,96.73594174039962,29.142353267122495,23.035754141686933
12.852349464287341,77.6229348678292,84.71461104872945,99.8109394076844,33.7958535320161,20.13083987481167
13.187928418031417,77.41559172826446,69.95583880072607,76.0498250672833,22.977501855367123,37.14615225159772
12.981515816553456,77.66673895652227,80.7852302748108,92.85281711908043,30.213532023775414,16.91376441427699
12.894420185338586,77.52921093830165,84.0477214045058,102.81331232159391,29.97383921332554,15.54831281237386
12.829398698932005,77.75916767478306,71.81459492940462,89.08642276842735,26.102575058997736,31.705474425373176
12.867903162035017,77.75524727557361,89.37140184638899,107.16456662768708,29.491354713859224,23.11569407704103
13.007909579422407,77.53011624734471,89.69330874331834,113.41613939716694,32.54018579339694,9.199631674425202
12.934801270572514,77.76038435827618,85.23727773216577,104.27171839589509,32.33547830149603,19.565018655520877
13.131553346353042,77.7984630693995,62.38223501439705,71.12140374748539,21.35154148503388,30.28784063677162
12.972355009464723,77.73016626564957,77.42769735238778,91.51072655580724,29.339095206536637,23.84282497554518
12.899485709035051,77.73794853910209,73.97205025503689,81.75212952000498,24.888146752691597,19.10565496283279
13.046857994641611,77.49960349444363,68.88426227550634,82.12041977865053,23.931218470319674,21.053138229595262
13.082710886754178,77.6306809595431,82.76052362526904,104.87313144642954,35.75853316150278,17.608411483633056
12.866816763160381,77.42690236558695,69.73642665086601,87.11016240459405,25.945241583952118,27.492643157233175
12.867047686515328,77.43796717472867,82.13795787623053,105.57559608107223,33.998680763732274,29.709186942519736
12.814668570773417,77.79955704481331,61.391219560256935,72.15503725331335,20.844092762904648,33.35932556392798
13.094560806026255,77.53065569977036,95.0,120.0,37.41919895876713,21.19418178121585
13.065521811048722,77.69927356481953,69.00498411443361,81.83945980508048,26.407869259827518,22.275570241991527
12.989852350299925,77.72266602121073,80.72501477580225,104.22794314381217,31.68536688429481,19.407458997925897
13.137668179587678,77.7432093084029,81.77595351360044,98.0218604791099,24.697592298339764,36.007591202359855
13.122268061180021,77.79905131896086,66.59505183614375,83.45021907239388,25.071570643430388,29.413557302949734
13.034141745758701,77.49659859410275,87.71182450573025,112.62975122842558,36.249845464047624,21.72193691293783
13.147308512205303,77.41614033074389,60.1860501017743,71.25612197922314,22.431798259822404,35.99484252673556
12.882336484014708,77.56447660719783,94.81071149466658,114.86479873132076,35.35111736985472,13.501284860956043
12.844767847759092,77.45203226793159,75.60053448640268,97.16495850971472,25.704973684999377,31.409818430194367
12.907899844606796,77.40897035566483,69.22312959842101,82.4027396984549,23.279911768186352,22.158869346772683
12.822834742435727,77.54417073085659,74.1541684858691,82.38054077051211,25.53687749345651,21.727310759228967
13.012467811200413,77.7134953004301,86.80304314577859,114.87868704785886,35.28437266793144,15.26654816891212
13.174642276917984,77.62647227649003,68.87901674009103,80.30599776642354,26.521132890192867,29.90120940341445
12.815737416267405,77.52511119568415,68.97386209909797,83.56241477360528,24.778990921789397,21.8285434998772
12.848843965604011,77.66173680219708,75.788850617374,96.72665408810442,29.829644399778953,22.71187359206379
12.980879611313375,77.49280727212353,68.1196375770818,78.70109557384215,23.64307715601523,17.850209585264178
13.173550007011162,77.40575257842885,89.38089984967515,102.21774025349951,28.69143660304674,32.27292664655023
12.9264624419907,77.70574135457457,73.33817949769309,89.27450188110586,22.27076790214226,20.82787296865
13.002893923475357,77.64949723394561,90.15665209931744,99.22260052961897,30.628799543145846,11.49750144322725
12.816629143620158,77.70492104980039,77.58329973619787,91.66042929909784,27.846023206554975,22.99856769776279
12.859337280384835,77.41557520667507,64.58905553227004,78.73205996030107,22.383267903889983,38.0764213414985
13.194652049183539,77.73484785113226,71.7664561346653,84.76998787747253,22.19265025021003,32.70984638386084
13.186047478574418,77.64781048001453,81.79250813366563,90.43375504447003,28.389605542158485,22.26296126506107
12.801975992373764,77.62535814028506,74.49787866477656,97.36834417875194,28.678663105234477,22.262932033078908
13.180724714169294,77.64984561924581,86.1161832586624,103.85711068014076,32.27088264877852,24.216444008711342
13.0556479751262,77.74577329874734,86.56682628934334,111.03595213602071,37.038882701629724,26.1184094961378
13.147167317808009,77.63477460262357,85.18388872547602,100.920485219669,25.99328380526129,25.45708874844171
12.981895942253544,77.63238015195527,78.44553397254889,89.73458085860483,25.52117264017672,12.267381617558415
13.006238411431701,77.7962716628263,63.97033914361918,78.11031157361882,23.01434224546182,27.955371445258244
12.995538632102768,77.70269206682742,73.32856773719668,86.91534565299492,28.984256044191774,17.900204903460345
13.06674570301844,77.57691752218045,82.12366607169064,92.65959199607197,24.52507156040862,15.352326751961069
12.855860501902526,77.68295880001317,83.17725779275781,107.16163064524686,36.02021124493527,20.999913353449287
12.811989435949071,77.55569218867672,55.07006810487283,62.972730611377415,19.163530986545805,28.427429190652592
12.923171976636477,77.4915501849934,79.22577176570024,85.86959419486244,25.568876934991014,19.471841497310507
13.081872305094658,77.6387407507551,80.6419556590019,103.41117706058893,30.627233591738865,20.31401611142231
12.88074138084918,77.77127283924558,72.29120694455217,84.2279582543995,24.39586141195979,29.136257014876993
13.069372973329967,77.77165580800619,87.79983654863646,102.32068439528562,32.792438837123996,29.099147340326233
13.187964818442907,77.5367621112422,78.0197031322233,84.79670582351808,23.301970238890547,30.458675031969264
12.837560286315767,77.61107098648868,91.34952353543738,118.32413567550981,36.188069065940645,20.446382955236185
13.06904084729005,77.48465435942795,75.49485829440994,84.14642701724348,24.475564773759093,25.708005898313964
12.977500087721829,77.79825244379956,84.18788029266823,101.31770375473012,28.87104422939084,24.959863481525886
13.147256901751001,77.79244716314717,88.1220163293863,110.30952120796576,38.264806713757515,30.077865858984616
12.870859915778954,77.65980357188297,92.11691983541914,112.64888846751845,34.63276800976245,14.230572533512452
13.077050380890466,77.721765623871,65.81860847185598,78.68405860626622,24.831748671202153,25.48683403138854
13.135246115859244,77.68604006451348,73.09022788429097,79.19994416971208,26.03553681225095,20.875803168483955
13.177845687789608,77.63726328761578,71.01774994258773,81.17267575226884,21.509102835043556,30.34589329974887
13.073299211315858,77.42133919879556,79.84739293575853,96.75587321312284,32.531345782180914,26.77798625293196
12.998869905603371,77.58190573702106,90.35954746492389,104.49558660797368,26.33076162540195,12.375940523413654
13.047138896080485,77.66991452086697,71.2775936557507,86.54990968689468,24.427440085991364,16.52344791101381
13.147561993791486,77.67101264555347,76.0865245715376,94.71254652992083,27.495700612618446,25.965113821857287
13.028243898655532,77.54924904736896,61.17262794789086,78.21966796646953,24.62934711988187,19.505544666186566
12.812154823878735,77.7766767946632,87.31834232533927,98.65111400134371,30.03277073268609,34.619788173159776
13.17237947820279,77.46694281289471,67.97996023995772,92.55918256284403,27.43412528745642,29.95414158529947
13.075810700412624,77.60014377848623,80.34073666832579,100.24628072476159,30.049889528173026,17.947075491167244
13.070605354310898,77.67635359062032,75.48366840712497,90.57183132020464,25.215503349016252,21.174558998328493
12.886270060959088,77.67885432235673,90.46444608850324,114.00501822158708,31.207040677507774,19.06617493127493
13.063554188093063,77.65945558270752,50.998698096329704,73.02547657559552,23.360666217350776,20.36487819181319
12.957545762261663,77.51011528538075,80.5516107961379,89.46833245008112,28.227911960096705,19.35356067596316
13.060493190816597,77.46248262747466,75.97987178587037,90.04953293058767,30.18384862949042,17.656783648853615
12.842637212123197,77.65437613073068,73.3564942122298,76.13563475530913,21.26065623296232,20.61524369808048
13.063138121841215,77.63972084645577,95.0,114.96325766324013,35.87460771957388,17.04924100525649
13.199765490308266,77.4717424041157,63.16971117723804,77.63062462231136,22.72177392996394,35.968691786532716
12.819284815544224,77.68205565822822,83.93610439878113,100.52751470132355,32.53920438078403,28.228381399117165
13.190869673688526,77.58206879669346,77.58115492465508,89.82471805459454,28.991340969734644,32.79930661194985
12.962763184289148,77.66710423664126,93.96315417573445,102.5082124299397,31.17488252743082,12.051136405746304
13.148301380134903,77.73494683190806,67.04531129794594,82.32204197459397,24.017552279046217,34.760678309355214
13.11295419362331,77.46789137143077,68.17872465441786,89.09164200487807,28.649356958679945,25.02317501191493
13.026806504394667,77.40765794719874,86.21453454288937,100.50234917280007,31.44451379835315,28.6635377578558
13.09537968370053,77.71164103455831,80.73558227017543,99.08299836932623,28.356018706625502,29.393270834496807
13.151406224520539,77.64387897006105,60.22878453894175,64.43381987962985,16.674548616930096,31.26563785525206
12.961656128660414,77.67985582784885,75.31526115527156,92.66437870478845,27.222247810072943,16.369162435236678
12.930813264625296,77.73526198999545,81.54102768626461,95.88232173479425,31.795524151134693,20.496158620489172
13.067037354225434,77.7211243739298,85.45351674638762,98.73213034265056,31.912613420261245,17.717125374739933
13.123138376776502,77.78436805877153,66.06522710349138,75.476454318109,20.41828135609154,33.61002893255159
13.104914053910646,77.61437403154085,49.11881092122775,56.97451519530824,14.75683972679263,20.21972558517016
13.119125459543453,77.59539825306396,82.85585089827853,101.33918765639692,32.95112399627805,19.087772837513945
12.974233325925173,77.56075487995629,71.09942266647612,78.75849119379374,21.356275548622467,8.0
13.127133686470009,77.46147641713769,54.59032656688353,63.52281522242097,20.075435214010305,28.632361249126408
12.848083622148243,77.62904289315281,50.26530399886129,60.11100590863781,16.80115934191869,22.712434859247526
13.01779563918434,77.51080500973039,88.35555383400839,100.53146847815077,33.39353039248859,16.553797896034308
12.80230346419925,77.76852300488518,74.15042888805785,97.9638406740445,27.84830260393759,30.054928436935985
12.929834331960109,77.63327632171084,79.897285771739,91.6092655257801,29.769502718145688,15.910423384288592
12.94658461394856,77.63713607220325,95.0,110.65281543183255,33.56556193767049,9.810044272864703
12.958469076643702,77.5419698643508,88.66107411880465,101.5017491934531,30.954914466504498,9.195070711175132
13.078186882675945,77.42079574079109,90.96880059622058,118.15496115115528,31.50587118264378,26.970396404105426
12.95542324050814,77.4126975061492,61.94162605581199,77.09447740997179,18.7225165165801,32.95853434008634
12.979477449049012,77.56933405766128,83.33121936924051,95.3145032118704,28.153219083026492,10.318908545121
12.89501765234973,77.4338261512389,59.92878201671421,77.44569621435689,23.72752099114029,25.726723383819046
12.949300716651736,77.64273878221606,80.0535363029304,97.06773703496086,26.869925455012808,8.0
12.890907850905261,77.75238920225586,73.65259785970231,89.66938453720029,24.7234285402074,24.6989904563754
12.829278369507378,77.7531659266075,80.61266280916657,95.01280932723762,29.62678805782355,28.950465221275984
13.041379437352552,77.66361816405289,80.54832874212681,92.9109145557673,28.99898332764445,15.59704459060494
13.067285119422007,77.48449273258917,83.940366491682,102.41727028529141,30.449698964811567,16.197219218343115
13.047796138403845,77.74519873254354,83.59552851693982,97.58919807034984,30.837162863477097,20.96649660869394
12.98539761752023,77.75443737412529,95.0,120.0,33.65159540855971,25.906794748519026
12.951914312071692,77.47866143398119,75.96713604163303,84.8141077237441,24.732362482949288,23.46508421803955
13.145333459828729,77.69497043430827,65.55763225128968,86.34994256582233,29.200737981314045,25.84860075135031
13.007632714054488,77.51460781957086,83.0741787092949,99.13242020716488,29.8763703220291,17.484167378407175
12.991672751051892,77.72105612494117,70.57523384500124,86.185709284107,26.1083378144061,17.210690028395998
12.810256826322576,77.79889515996143,86.80345117831766,108.32993024712836,37.11087224607398,36.56491674024848
12.936499131050462,77.41201040213176,72.87117609652881,84.2941648408124,22.489565120546178,27.04187696206757
12.952078247514343,77.75894634631636,71.0691501634534,89.60422211963726,28.4741273691754,27.292181795117642
12.95952911235876,77.64905221343946,77.49813794712246,79.46004625964106,27.16598643750852,8.0
13.032068947690933,77.78935304766593,81.98794414585325,94.7855853089142,27.785959739677164,29.226577068915667
13.01344101869075,77.58600380701057,81.28678358920773,92.92382627034395,29.596409454812875,11.119792606980571
13.043162037117378,77.73895517222854,70.52734940895603,78.36528922888843,21.545547774244717,26.61501705095723
13.10595330461685,77.42495762743931,90.83347469510132,107.92539544372681,31.004153841983335,30.301344887051393
13.125194295486438,77.53411162003133,68.18450675143106,83.75015794262575,25.89498021488299,24.88649307718403
13.087249230490597,77.42680661510049,75.1662833637305,93.71284002897312,29.710985354913117,26.0596374995381
13.182209478381973,77.79013725339162,77.15372177411476,93.78884991493975,30.378527999294416,38.362395853102115
12.807293033070545,77.72678956290873,58.14259133676316,66.44264227964806,23.0720498577734,30.093392486240504
12.878311194273419,77.74101896849838,81.12197778873421,99.19145553560689,29.6225435435717,21.63070181119373
12.803025149991258,77.77518609257355,62.09691765030807,75.13772965462394,24.928542406732358,30.733862730371005
13.058989885661841,77.43404139444792,84.08779800357202,105.5856384439665,30.99108184629165,20.43978656024167
13.159212219579993,77.55423903700533,65.77826290725869,82.818599003368,26.649762324186938,26.08175417768804
12.897392918630521,77.4284139556176,82.82762269884347,99.54552930821531,30.278636388168955,28.225449107629036
13.170813817918521,77.48431724062002,84.67320525014017,97.12158126936193,30.027830194972424,29.8364196997162
12.824106956115825,77.49174631081507,84.62366459214613,98.28364673141495,30.33210976746856,22.92973175138012
13.173774410722205,77.58764288441904,77.39846260534175,90.12920832821993,23.829352478870355,29.904129308084606
12.940649074895854,77.50742486698147,78.0616625873051,92.09766343518483,25.3810553128339,13.94705984289513
12.840568331379687,77.4403912427271,69.11779566269358,84.28160693318107,25.489564959589366,28.610288404644944
12.99434870367453,77.46699643563765,93.22957281149729,115.45135932443704,31.260849638048775,18.099699794021205
12.902710627088204,77.45891022542084,70.39626001288684,84.21991855038732,26.92839777151571,25.515341446349844
12.91394916078477,77.78923071916492,64.47986438812119,77.45646120524778,24.980050294150615,24.11927820078708
12.922915985970516,77.70371700276739,85.67944180043511,103.53186168552216,31.713899611412227,15.829957682298906
13.121210359133064,77.78710458610782,64.84834123816619,75.23848292013773,20.329276850525474,27.981010358837494
13.015664510670101,77.57589619460316,73.10587727891186,83.10009144647944,27.69030531168086,11.697597599534753
12.924523079662402,77.51134739266507,65.78189896781211,70.16108927482098,25.12274806188301,21.620209435096562
13.044133513324367,77.71931727888368,72.95711095703847,84.07278635806179,25.515989562310484,20.61552857204827
13.086460269689278,77.53050156721646,77.59609322030785,95.48103913070835,29.665382496114976,18.861851944836697
12.909049600293415,77.51975334948214,82.55378348789571,95.54998299527702,29.068472208175194,19.114062501185387
12.96541964061014,77.49300239688314,89.42379191538521,106.11951511133255,32.89659291139736,19.441810539046628
12.84875443733478,77.4518715912897,80.85324361490373,99.35604877494606,29.567697119231024,25.480433680211682
12.872459739813873,77.50258522440672,76.32823298034211,94.19732705852387,28.190069637869552,22.947410912367648
13.072447141585993,77.54212789938956,77.33397178421131,87.40310188022337,28.03236576506174,15.403882102927996
12.872575339078251,77.66959768325829,83.89058926718012,105.65400390288434,36.387449494658185,23.166834919001648
13.010065353466825,77.42502593688779,89.03160215065786,112.47467302756685,30.942259439466575,29.931157624001045
13.083618504688973,77.48420277586614,78.39934957494711,88.42997020384374,26.321366092347187,24.451297255841226
12.842750769237899,77.72360945611666,71.19200839393257,81.31122572451332,22.032446746889832,19.861170424505026
13.02692488785156,77.45876876943352,67.73803132030477,87.24109100009667,29.356377097181166,21.21812341845572
12.902625113480546,77.537058058609,66.0566752673108,78.53374271449644,22.384646875709137,19.215352615410765
13.18517075009503,77.74586356874326,78.57710039039537,83.1936307312152,22.07168763179297,32.04903362954109
12.99341825868797,77.46197012445738,84.05916020991442,93.87258472823387,29.438149416167306,23.851929694721147
13.122397019910062,77.43309473424728,79.72559333410084,94.4238638750586,31.8157813920038,30.8879962938291
13.020090616862504,77.593815198032,81.2885571712022,91.73105535401963,28.84651234332741,9.60141451113686
12.817365013141929,77.52096780451141,90.52386160620283,106.56151507426118,32.37805027684219,23.13537997712284
13.053260550237608,77.62536334579355,75.79566570147028,91.11677991018223,28.153315818606654,13.465232473298757
13.180561336882661,77.72152195619338,82.32832906802382,106.10526790180222,34.66126169619177,30.66813906605677
13.040644728058533,77.4548593952611,76.81920671153561,90.73077847270379,25.470835001782834,21.24102828468669
13.127675543770716,77.63227963382171,70.88852091450204,90.42893409526623,26.90498602040724,27.49137618665807
13.153682585339363,77.60220350415595,81.81323948152675,105.31968818801595,30.690526159385715,31.390839405642044
12.891231908779574,77.45763151440528,81.15605323743927,104.5588122316875,29.031913054922825,18.471445575350167
12.88481793596329,77.64959939421159,83.43259317693864,101.54288477925421,29.806114914942658,11.16136065513815
13.044392395540397,77.50945616714431,80.21184565594007,86.4377690479332,28.146772906344857,17.445175298095684
12.964411387922683,77.5951337274176,84.26064925915077,103.41690343800025,32.158275328185525,8.0
13.135944521146687,77.43290892971083,95.0,119.24199943906771,37.061220831936716,28.693596064979253
13.160009249359204,77.58383362288545,87.40673578896877,104.48274741958544,31.637775449182268,27.377796088506813
12.941368551721087,77.52258538721713,88.32312973360858,114.71067503070654,35.45985007466914,18.460391150932704
12.894748223589794,77.72895248447414,78.37900172195246,98.35396987368024,27.90501027740786,23.244263224113425
13.112210206097544,77.42279149079896,83.97096460223892,103.60652440845062,30.462937550680728,28.224652672682915
12.909922414219254,77.56744290996734,86.81036614048436,109.60434292461042,33.265311351320484,8.0
13.12904572740547,77.58337256965258,77.36977088052953,94.51057431293982,28.90820401164573,23.12613165392609
12.969495301459505,77.69000243051964,77.19307455462751,80.16763696857625,24.69066680041662,17.0371187116123
13.067019959716587,77.62971503003608,79.10702045900425,92.43272979345326,27.453148374003224,19.173780725475538
12.838214125533868,77.66688493487767,45.71008127958393,60.83793767173999,17.496534499261337,23.47485029072537
13.04954372987063,77.71081971426071,80.10917928812715,92.09305844526111,33.94346009966693,19.67758248017824
12.980707071494892,77.74488118946327,72.58739510883504,85.98751160441735,27.60982802719,18.362941903326682
13.03464338527019,77.52555019868899,95.0,108.77581843048465,33.45904048105064,8.0
12.867205683097946,77.61520908214557,79.87298309896181,104.76719269476303,30.963740812016116,14.328125636024952
13.094749497977672,77.73604323137567,63.73326783217709,84.88738368570259,24.563777451823025,22.669891718969843
13.14511883101729,77.79578045238603,71.2175281131542,81.04168926008138,24.0509055905705,35.45572476607565
12.88669592003631,77.75580772441751,65.42881752395921,79.25107103069648,24.36097899638231,25.12265932843502
12.838285822208066,77.54858690504976,82.68250076758257,95.81653068227884,24.984088116557487,19.220185312101574
12.809455434418535,77.47806660688747,77.92562520480134,96.58547344091849,25.836862841526177,24.221895218181256
13.056788600177306,77.59575701496264,90.3185734615405,110.93070354006024,32.005446284140156,8.0
13.042837614435513,77.69665658073441,70.8681716817971,89.10033387622283,27.144379036423988,24.884135880577453
13.018678965085629,77.59702762830132,82.98300526732427,101.23919855932856,29.893213273494865,8.415039294851592
12.892778838446391,77.59327234532547,67.40816493609611,95.56682895525766,31.626291138776267,14.905157516115743
12.956362398362206,77.73529216843272,84.93920214087984,96.78742374400213,26.071433549209097,16.292894646778684
13.03779053407447,77.54456151162688,86.03990561474554,94.69486996551207,26.90577005044688,17.60941284815873
12.998706743543668,77.74391786992466,82.3701318817123,96.87870725454744,32.103795658346435,22.36911028006755
13.195114208085954,77.5627219203807,73.72738909549209,80.63292558678916,24.452116325387042,27.725767670807834
12.854575901022693,77.53129324227133,82.49521334692024,91.53194466627431,29.229268565484613,18.87882095321126
13.078057821619037,77.58159596447989,95.0,108.99342672901017,36.80052190524198,21.259451292200335
12.961727507241717,77.70497878346994,76.60808685720575,87.31875970148876,24.808019074642985,18.202224163383804
12.971279845970246,77.4504008111456,79.17647462408728,90.23867903915442,26.87297503616226,20.957106350770694
13.087039106263271,77.47856768634881,65.95495960008904,81.73704627233391,23.97626007983843,21.94791439776701
13.076974460529748,77.78057793026524,65.62959740818707,76.2245715843978,18.958185466352788,24.12888275942361
13.196502397480874,77.47019665095254,73.12732734851261,86.85521994385273,25.43577237564388,32.90876240925165
12.851357715781651,77.62709092717242,89.81160167723452,112.2450858851861,35.43565014031716,19.45076274881951
12.841643859753667,77.63172578666477,75.67943280513863,86.98370674225922,27.176291106302244,24.24632801716042
13.089735526851497,77.5958497848201,76.73372782902028,90.75774390130073,28.46548950916624,12.395351369315957
13.031354766802563,77.65789809943072,76.5787684506127,93.72332207119982,27.365978660080945,12.671592382556742
12.909664266623922,77.49193069031905,73.65722224039372,78.68082768537136,22.292053833600125,17.8824766066174
12.831767747595595,77.6210649071107,80.833983723072,85.07625292293349,28.06138722067729,21.137620750005617
12.834263299838574,77.54886930209877,62.78990568264603,77.07847346316385,22.128907746233814,22.760944088285182
13.157676349865646,77.66466690385168,87.86784420331925,107.90148444681759,32.958609411631706,25.73125264930232
12.876746929887497,77.45648941734926,69.96848062459736,94.28327742377888,28.61165258848874,25.982032901466148
12.929348624846208,77.6283509667358,89.51519200669811,108.20870478737177,35.38604546872577,8.746287162359472
12.890662560890796,77.47410814215333,65.0424047680309,82.14958430792755,26.587700007722987,25.813402365958677
12.941998522332774,77.51145722524602,87.27564466310288,103.75341037779359,28.53550587200383,16.398306143506748
12.827769537098439,77.48748392012943,82.75269407068502,100.78936899274746,27.861704364274157,23.698737815467148
13.007623916363308,77.47313511194753,82.50730652371394,107.3450520372044,33.361335247299586,24.221421715985414
12.827045025436886,77.73028438062427,65.14279495276733,67.55138985269262,20.136741661049452,32.98080826990806
13.120142603128944,77.51428302706437,79.0521826169865,96.9307004282422,28.16886656056513,26.780066361871327
12.893484832764173,77.77084951274578,63.53021228962547,86.9141883979374,28.10551228737016,18.869760185395354
13.016004765841805,77.78797061013807,72.55218901129862,88.47279790960505,26.916758137059336,32.32197325250311
13.152031635024583,77.62850418797484,86.11466086146226,111.59045784991893,33.58205212875457,27.13174977745159
13.060350947618877,77.45720044906629,84.78848527920975,98.60012158740449,31.139693757731443,28.89744536821319
13.013183114620533,77.54981929735183,82.09631524968528,98.35534082880376,28.756384258753997,16.613790601670196
12.929733501246151,77.71909290533928,68.68472646316144,82.58929526773666,27.913826551266105,26.00097094139599
12.93320076522328,77.54695629147884,88.396292103685,94.98759512762814,26.920183291822426,14.915505376286513
13.067794782079275,77.43480688732112,75.86813881432462,85.20087743793854,26.874121364065736,30.110612839815307
13.197655744488467,77.62271396437127,50.40698069444823,55.004001436417944,19.368866108245072,38.72139979925359
13.064735675939751,77.73804834059841,84.27473692134112,105.24001469577196,28.817413430187386,24.325313206648655
13.02311336694801,77.7183705548574,78.05454231300067,98.02621630402108,28.721194539501425,15.884112833070375
13.092260204095698,77.47004925605215,88.35390513801516,107.64486837915086,34.57787529951638,22.58344146978418
12.986082244913487,77.66910584576499,70.2522795049854,88.423249890261,28.84146406254035,16.734639460824894
12.824056937040314,77.48820170537427,44.13769489466445,52.144486809988464,15.300354842220061,29.001427210399324
13.024918726351164,77.48728301382087,81.79921482559593,104.16871613841283,29.78127265417013,15.063640134674008
13.183050113802151,77.74962870932207,74.80599800930541,89.81113982432686,28.85521359195958,28.845474838513166
12.870121176943064,77.4998675810961,61.15206936324803,73.67180347303142,24.468639247072634,20.5437337791456
13.076001956328266,77.50529893860721,68.34578914744657,80.68698381062381,21.876768446162355,24.32707054098253
12.880373475463623,77.40026135630453,95.0,117.42225238818214,32.81884841852188,31.709551449618544
13.014331073789233,77.7482676136502,73.96898317681044,86.65678572910795,26.447549082699584,26.302625886955106
12.838670579858688,77.71703792528365,83.27337425520025,104.81020599223064,32.70178306452697,27.917375452946207
12.980148374503274,77.65093157403628,75.64457699493441,85.11274669034125,24.935685836642264,12.890745043779383
13.102465331558099,77.70010630557553,55.692014806941195,61.33583649468846,19.759338588371236,21.014463555242465
12.939028609695592,77.4608194269698,76.41298996203754,95.13272173007756,27.119543305348504,19.76189440115491
13.065964689794887,77.58332943783503,77.59218623896888,92.66790241384759,23.570983526006803,15.9680244568261
13.11817998431589,77.54048775493952,73.18875531460212,85.55704929675689,24.819312644361872,21.814891605461067
13.17087112779178,77.43751061050281,71.16638759282051,89.84995377376191,27.081450425154774,33.42185394107296
12.893856832742182,77.59445219408597,83.75551732832798,97.47031372356315,28.68941419727603,15.723038323102818
12.959726366323723,77.76829586013706,74.79376945875123,88.75151707899963,24.308248596380917,27.489790676276773
12.860966405332167,77.41602364762028,61.85645010251364,81.22387987337216,20.73586601025401,28.98697183267509
13.196993400863349,77.51658436539752,77.93617975874307,101.21912743954493,29.337560623127683,25.346440120944568
13.170800387169718,77.48301637448229,54.09009878801287,72.77010959696707,23.626344422389607,30.974724280851117
13.015982852112224,77.49525866146628,59.05617288171342,69.45677857338654,23.349428450843327,20.106018993693763
13.136813317750567,77.76337382075175,80.5829054498891,102.85300106478927,33.23132708771369,34.22793221566446
13.008383190908816,77.58722762169371,88.19446613581886,101.08859522413923,28.694759496944663,8.228603030935233
13.049434275201104,77.58651976517594,80.51341788782442,92.08158709177899,25.317063480272964,16.311546019286208
12.835649772846407,77.70423025698211,62.31321034411734,63.023573149819,19.90034117490549,27.103551881158435
13.102108168198722,77.46179688160197,68.61107719249404,90.69763364048549,28.4794901153415,26.890220681651176
12.851085393454094,77.59490614164002,76.34678275368334,87.2962400590396,26.989211228112875,22.20842122150868
13.13042705210101,77.57199408564843,61.01967330159584,72.5909450631797,17.749156970478385,22.958283104908734
13.112811235068154,77.63876427621867,70.21189343625362,79.70265041386291,22.17702595439194,21.0488912744722
13.083497879097191,77.79982308130018,79.83595461859686,99.27897178396694,29.724313954618122,30.35539959519751
12.814464152209906,77.70777955763282,89.59042913728003,105.63034666114932,32.66354038760565,23.48576658221516
12.921251342378131,77.55914628120698,77.72671048769159,86.74796813306516,27.55900516512452,14.909249795840443
12.905245027964337,77.73102122090961,84.97974481201004,104.18400659534235,31.543709023166787,19.5327260680025
12.944054562988608,77.46828334532499,59.395142115525076,64.10552041457895,19.893223737450153,22.667912768883397
12.835057098705535,77.4121854745236,80.20163931008173,92.05493854552061,27.786212480378392,29.465063964740338
13.174783129212425,77.48177934898571,65.34028744577887,67.87389936180423,21.733408556978237,32.35120596364487
13.021520896284951,77.53616462244571,84.23067422042791,93.95701850352546,28.81283685403946,12.883272286071643
12.92220972426321,77.60423230298383,80.00643696748129,96.90037020957993,29.20158638296855,11.014169119914635
12.958792606829714,77.64605165621649,95.0,104.17731980948538,30.716458344570853,11.090199290502811
12.978881016201935,77.76424228688576,67.7657202694855,73.91313570027403,22.33652356016717,25.80949798576603
13.040237733344247,77.60394160382019,87.81253731504884,105.36320019739456,32.57814281689692,13.13319184346058
13.006271771078598,77.60051025785029,80.44633014812868,93.81756169728915,28.68021928698287,15.588644492538343
13.167756789285766,77.4200972039292,70.28980617331113,94.30795058776991,29.05403801302148,31.2530867196295
12.998785393162333,77.41396462106249,74.02798066315052,98.0030595259025,32.086361580473124,25.67155135934157
13.196863205929324,77.62046398476654,65.2061112806723,73.907721223051,22.702644212408476,26.432817154354936
13.140569983098038,77.57527144529934,76.35541577525584,94.4121870223244,27.025659065751007,25.487891989831468
12.883404205742934,77.73567215799211,76.05488629800527,95.01227634200357,30.27089647458941,20.686034722622068
13.172238085857567,77.46427183388474,75.44984920523552,87.55242475616062,23.53333075151035,30.545190869510257
12.846546559154191,77.40998866484682,74.69609319455996,82.15760415098094,22.48445448381571,28.712114229287355
13.126979883396476,77.57961550717205,85.17490815002124,102.1483975334852,31.316213789485694,22.935257257003634
12.952249317390633,77.4949914227009,89.16154755586102,106.12962869296267,32.87168194346196,14.572549701003691
13.151189728178027,77.41984574933554,61.96464883667538,72.17875611915736,19.16352438873922,32.075853913343714
13.14722267604298,77.68983931473905,83.69849938371104,102.64978360127567,30.0293001184092,30.916170698279945
13.122370160047048,77.4446371999829,62.50408164373701,71.25124993745642,20.16320731679761,30.868400377378762
13.116012174522824,77.6433278000031,83.25798235404798,94.14959108696186,27.271524680325367,20.232202263187116
12.921871655639217,77.51241990006676,86.39466022152725,104.21900711758185,33.15289768782045,15.213488213416477
12.832367713220501,77.46939842014201,56.52453098126537,69.75928764036283,22.340797219203353,33.00821196290488
12.961192071506066,77.55190060916773,83.73231496086903,94.59555323354257,28.340421610355357,10.316228878009937
12.869409805994604,77.72057831048917,72.20434061276798,91.28566179027698,26.293774682853236,21.93313257652377
13.077980435560985,77.55683743076183,71.768144929237,77.269368226204,20.481511127420916,17.056602039515642
12.938439890615115,77.70030785968441,92.9691766728017,108.67244471378382,35.44210329169904,15.134396158127808
13.190244080343966,77.45019451871967,65.36185590647341,77.14418440678004,24.327483122603848,32.8830266163773
13.056388830938133,77.70910856786602,69.81208901199327,80.59338825113227,22.764678267193396,18.4281309474054
13.128992225453745,77.49477332996267,76.43792629083713,88.90020918124858,28.109261749624356,22.621653298502963
12.85300986909674,77.67095725195554,84.80358417693137,111.1196734238582,33.195454786008206,18.136307031328354
13.144805792909048,77.62631262193639,74.77926273967556,85.48069484241617,25.069989443000164,26.90528958183807
13.169102876205358,77.77165788688467,83.4012696493594,112.28763219159086,34.55671271405646,32.041032787911675
12.994824767527575,77.55492900719013,88.01129110041346,107.7991832191514,30.85675846591997,10.174316861131423
13.04250117510039,77.42646607553378,54.09429195374756,65.37342603105702,18.924514770296884,31.648024578266217
13.105923920361198,77.4076621942205,68.19569757204152,84.21603885338816,25.507733784415535,35.08471727838789
12.869935450904165,77.7307434243891,70.88588707656183,97.71270323813394,28.31490858566975,24.056420322772965
13.001026430585377,77.60989425506457,88.13542599878298,100.79454617888233,31.576534274199744,8.0
12.959465211108926,77.71009762073398,52.94516225605984,57.93210511258985,21.117764541133475,18.725527193771477
12.8585495968649,77.49377024000461,95.0,110.22566901714039,31.55910443992783,22.72660580859024
12.947013768916612,77.5380334982053,87.22633006280985,104.83231181019462,28.1194429504503,11.831107065416653
12.827268923754199,77.41204154888453,74.85271977914135,81.19440811090675,20.3548420983195,29.627339871188582
12.810324762779796,77.78459692982965,84.3548851061876,101.33755832401816,30.10033121421548,29.04510187997632
12.85406651566193,77.66714716268032,95.0,120.0,34.673670819747635,17.003028413255493
13.185246044635669,77.77328203510372,79.78160004040744,96.49495700161282,29.364208102618008,35.8337473813922
13.019811814358007,77.50619856297163,89.45345294314144,105.88071623689335,32.02941021512021,12.177695951173595
13.186328864461288,77.64458544449026,75.28339922480865,87.24927682635223,22.968349354677475,32.50326819855332
12.972999151332052,77.67139998731706,79.74410590569681,100.185485609594,26.425878023915384,13.10532859925295
12.924726453234104,77.52701988010304,76.12980712094297,87.22660467894133,26.759847884374587,15.162588333166383
13.002456745136097,77.73924369400625,69.34396004674748,92.44473165909321,28.004277167167874,18.844510193117763
12.975804675453164,77.7788645851601,68.91423142807994,92.36387645226772,26.857526938947213,26.502734192315064
12.842265873704697,77.7539420470784,61.23320210384166,74.76359651791893,19.114791785111066,28.414193467001162
13.056330525876083,77.69562679037575,77.64854812752077,93.12068231264169,28.87898721932249,20.270378121936506
12.88641527300384,77.51098587188999,62.18512514153595,79.77544921105094,26.47643385416317,25.133012353332457
13.047835181959131,77.51264641684226,81.31269475533281,103.049226217536,31.470732745698644,18.594765634046034
13.060080436959261,77.78534412817841,74.12335594357641,84.91806847699462,23.780472761968255,26.230362805205278
12.86080994125146,77.40411379837428,75.45125081887288,87.90872531696394,26.461721926231483,27.35711951646102
12.824539850844268,77.68641998929685,71.11012070711352,78.72040767511976,20.88389414066856,27.011508672403057
13.112304634427376,77.6824984650221,95.0,116.04532469167029,36.92951883517867,25.9864187190027
12.983920169507728,77.64907581637992,95.0,117.33313941728446,35.36363049424441,11.930913994571938
12.823265518202192,77.79604353843474,60.046315960887775,65.30595096375896,16.055471465621224,36.07802471410551
13.197946526867906,77.5247517743055,75.4847452047129,88.30569972157467,25.890361195585033,32.96860998865099
12.823112224398548,77.5359887455173,70.93810002065862,78.38945043688359,24.443438151533538,28.127060337942996
13.078014091543421,77.43157576117862,65.12113095870139,73.65135809922246,21.429312187815693,22.10725993440073
13.193471570105364,77.5771192546175,60.47132236934512,75.32067214434564,22.044410200423343,33.21043841981013
12.895672041686371,77.50441941049394,83.42776414366958,96.4459066390121,26.484967577609083,21.39723724518967
12.856899747474879,77.53735468087106,71.77660045222926,84.62779076251361,26.521419202917393,16.625363230520357
12.848553975768972,77.73382871610225,85.38781360586675,94.32881768730353,27.001706906152783,22.385107356164657
12.92131005902704,77.774193805411,85.61271985296077,103.67021487217623,26.7881737076428,22.536584353506708
12.84041832440426,77.47429322880208,89.83937542701288,107.5858839131922,31.53325043261687,21.629228718369777
13.076864536677652,77.54900357262139,70.74035495697377,81.24362969820271,26.33538834060152,17.952368116066424
12.824916719252025,77.77145222484616,78.26532569253597,92.97331934263079,27.118136909589342,30.877936698679488
13.003768851259917,77.4247233842757,82.6797605669079,100.11718708280671,33.511126095089054,26.618611095841544
13.19867874154119,77.43694421124455,66.43612519218769,75.64900948607851,23.552638742920585,39.244524467632154
13.125588107802407,77.4651163956825,67.22266548169881,73.28588585802967,22.663282081969633,25.88349415707165
13.046087775292404,77.63808513365075,95.0,120.0,35.74320346816478,11.591078257878685
12.922501448314645,77.4601889084024,80.1200636983316,92.97771291444656,27.756741458805386,25.245249268193373
13.049558334516655,77.7872305525803,80.96929352624336,96.67935171555759,28.476958244428268,29.624070415379638
13.01081658556466,77.57868581090341,74.66311016100869,94.649930868312,27.790440476328545,12.014542950930203
12.97043335355615,77.60060718414007,72.50118423639739,104.64669702152929,32.45574343059308,9.781833799786494
12.85228415069608,77.49866344632217,71.65042318515822,79.75807557274554,22.05576021224253,23.0557044757712
13.154641686096186,77.5883841009739,74.60242621048609,91.77204752121585,25.379826598916235,27.428231259322114
12.97991385952853,77.6647654530548,70.82498552166949,81.45222119953286,22.1892762581091,13.974930178629869
12.877849004728306,77.70047085478161,77.83085763948338,90.7030776444965,31.30223238870326,22.164717587394907
12.947103740350917,77.70154723308397,62.629107846140656,71.55386931033483,22.526846596441608,15.177131610626155
12.96565190101157,77.63115644507764,71.94766619754546,80.70892459805162,24.821661782775774,9.445599651280803
13.131015158226749,77.76174390999753,80.16027278761722,95.98587053621735,26.680731820278343,28.050618581170305
13.09344575222456,77.72696313892244,82.04257476407757,91.0785762816519,28.57025748584523,23.66323330137423
13.107721957456535,77.70281924587945,72.38632112166844,91.59762317856148,27.246144260661787,22.371650572419696
12.80441250577146,77.42224220867219,62.81622655242733,75.65448654307967,23.1246838451874,31.130007180894314
12.966461599271904,77.40275118488786,65.13008372501103,80.26827533452044,22.12724196862902,23.13551095976226
12.99253766065413,77.4849789108782,75.68718115920747,88.49367433131785,26.868640014230508,20.237656076022727
12.807676910729223,77.66540943756539,82.51703342182623,97.18442043513274,28.30765905412685,24.35705909033656
12.903925283498014,77.56447899555302,90.5786945822051,110.13225302448276,31.508453593284454,8.234032380927722
13.104115929248854,77.56096250371972,73.19875683723504,82.01825504265291,26.07368918441037,18.847486200527015
12.8548438822916,77.75383475529185,63.59242433397047,74.52095702869788,19.280871491549355,29.395864661652844
13.014124052581037,77.75822513925273,79.22540715190237,90.77242101289058,28.361278832495476,22.35445189917432
12.886080748806895,77.76367010562143,67.29123447109988,76.29663731236478,24.257963460815425,25.126883817758983
12.804848309857558,77.52555123060601,70.79335887361658,74.4028394452117,20.561564482461026,25.745115557156897
12.896480583039818,77.6764223250957,92.69897397820363,117.93540172124435,33.73996359410837,17.868469060047786
13.19034950196402,77.50865327250975,81.51975175491796,94.3910083401327,27.871251139507002,26.041772514870154
13.120614844753195,77.47624393322978,77.06480979403881,98.29465202866432,30.052468029523734,27.973771121201153
13.183830657728413,77.47385298293895,60.07203300170329,77.4304012090154,22.92341037907617,31.009470829346512
12.995141617570544,77.53684304834545,83.99544309892484,94.36453318612733,29.17648487622196,12.783716936921637
12.843894479471002,77.57198304791193,89.1419321130169,101.52826235725605,33.984438012251616,18.948827956340516
13.019183795589477,77.73237966842203,73.95541001366828,101.54900681318037,29.449268505654683,20.59976730126657
12.981750933823985,77.4479564373891,91.1614171103773,118.14833024208848,32.0141391312197,17.512326629549825
13.137742833095846,77.69397033895795,88.24784736942166,105.73982427666547,33.373794449060945,24.677366670301858
12.839233032313699,77.61258196567573,94.95818817766816,115.23669134528855,37.93763655544162,23.73845239699191
12.995296454808711,77.51517813707041,83.90835287509566,97.53579143537885,30.046274156715903,10.812296401535269
12.860019465877594,77.59712783381313,85.29345878684924,104.51391411522079,29.1786768838589,22.708509601051475
12.929870370756024,77.51997682791081,94.86695189880938,110.25443277495889,32.828545106017266,13.283983265892493
13.09494283095512,77.63843278209532,82.9289476338273,89.35296833910084,24.568843533306985,19.903202961608063
12.990407251747506,77.5735375691421,78.57579958779995,87.68318057280469,27.5906651597673,8.0
12.950355314058308,77.46576221163156,73.9856911042566,88.88829306436087,23.96390711391139,18.345383700471487
12.957790511428014,77.44663322982228,79.95506048057479,90.29073639917681,26.48696334609664,20.35674311615367
12.983778707362395,77.61867827282886,70.74523406979526,84.55789355918664,23.35869241516818,8.0
13.114006617534823,77.76096521331444,72.61786417550603,81.76813181344292,24.7840889143028,29.01055305204087
13.156833875576094,77.53758307462307,86.27494508198451,99.61816448587145,29.152765991485918,24.53251001701727
13.18213387460157,77.69320004288905,51.46351198608342,66.02204091536606,20.160136481110346,38.653891233226396
13.114761354502118,77.66346454197591,92.40166381119901,112.11939931163934,33.68052090342453,18.148225475330978
12.926162758299206,77.77262196572379,87.03728976872323,104.39642561590114,29.34560962932212,24.977247409990156
13.075253882434616,77.72839240691965,71.94000554274133,90.72282651664285,28.4706020820509,25.474234889339137
12.975041249622157,77.62664210356219,88.82259002985155,108.99015100255859,32.599513997081345,8.0
12.90186824881842,77.66281219929364,80.15412623204402,103.41776793470966,29.048272364681097,18.799771937192602
13.13634863177037,77.7593545866336,85.65020567467228,100.48095049803104,34.6261382618209,28.539394413317005
12.815370539584931,77.55980751383477,86.82399421282034,102.04061816274687,31.565045782258306,14.846106053726936
13.16070479685417,77.53071788234311,61.019118778005094,66.7173962016494,19.708697753696203,30.83798493884283
12.984590985849893,77.40432443345408,81.33669773264451,95.45913369231131,31.46814916109704,22.587360378422975
13.054880590723313,77.73062042967659,74.96919732719607,94.78688626414751,32.11969709801747,20.30880370160602
13.063741568882312,77.72039228016135,78.03188958598444,100.138204364492,29.750762464719827,24.853389528471872
13.158047096282614,77.44178180724006,65.66465915383382,83.59911682503393,25.774530020379704,31.49929331029732
13.054667872866883,77.63074295245308,95.0,105.02904066725281,29.53270656416996,17.312336550237955
13.045573433904025,77.58559267926675,91.67462814591751,115.42527983840468,34.33319844998538,16.915015577720695
12.826660816224276,77.44748363820365,67.27627861524203,71.53894122193009,21.063557259059287,26.989606247565483
13.00736320877808,77.79222729082429,61.61203738185113,78.42503147883309,23.897163510893233,31.30229684777306
12.860067600326817,77.48587835498535,73.35548320261348,86.1876572102809,26.52181812035829,20.973650250776082
13.094973507488595,77.42689367203623,78.93512314854627,98.2348143479248,30.59010120203356,34.62564206127549
13.00488876832507,77.63793895180076,84.6696570964175,94.94134677622816,28.957689345468367,9.918965962854047
13.07209111168334,77.69554667085322,90.40940893409471,114.34712888444439,31.882653412074983,23.28116005664599
12.816669160240954,77.41297737841889,80.96287222430202,89.83057293863797,25.07223767010922,33.30773285022753
12.833916806418323,77.6634870554908,86.99794899644425,101.05526424146721,29.223764033512815,22.643951088851992
13.086529355225073,77.61291675038058,82.44956353589492,93.94900310422874,27.620219747422162,16.381395102579333
12.82883373439947,77.44130600355003,60.633086029595404,63.98827897140198,21.298032272364818,29.43035225780562
12.828502691106104,77.46900955077855,73.52332446926435,88.70062720105956,24.284310186612043,20.22628365277318
12.804843390093955,77.62718971892643,87.10533138982913,113.55684325697976,33.35222288075253,23.953858994678875
13.182600559319791,77.51854304540532,73.27028272204058,101.25886537804872,32.28367860984272,31.150793706307013
13.095003343783603,77.77532629146053,79.08896856464557,95.39254121300593,28.018007414908553,29.375471643903335
12.941300563400826,77.72749609179363,74.99719824305525,95.58004426700391,29.594844579786823,12.210998870783655
12.918614232515063,77.79342688260546,64.41358466785164,78.45677479106465,23.257948351463586,25.3383258914052
12.93988129189834,77.50386833558017,78.96075261872215,97.24731911630764,29.687762249541734,14.471265271215266
13.109861412472473,77.78788945311919,76.20802614872234,89.73888812283062,26.4647213492301,32.01907074790329
13.064548244428165,77.57249354791662,73.6660757661592,89.37467554650405,28.14653360940792,18.055503218765747
12.874078227146988,77.5390075181255,77.03017425451512,95.12360262845029,25.446967973722217,18.011737792471347
12.869643734133634,77.42013981078775,65.50197238726207,75.71006822033283,21.986396449322758,30.562329756841866
12.83935825988536,77.42110610314384,85.28511104082511,101.9546617495252,31.179543878246175,25.207438039640486
13.064121087880535,77.67680450237866,75.86720117277844,90.74849081234667,28.29193773971639,21.62046740248659
13.105749064888695,77.58317159777361,92.795806052339,115.48698384945942,37.632000400345476,20.608144507131435
12.906018571330002,77.49060865041444,94.14029936066646,107.63819837466136,31.509410178667252,19.01299255193232
12.808377984412365,77.6455881225301,75.63950891839082,90.50969965903072,30.11187342143096,23.98999068368745
12.83286866699057,77.50114324730005,66.55181920456465,89.42221039074107,25.50861546390298,30.564436493960997
13.187144013938012,77.63105270173777,53.210785474009086,69.6732433317406,23.559265822611465,33.01898001538382
12.918177910990968,77.54368349879307,66.58963953761763,86.65346268958469,27.630973060272147,12.816007920706463
13.107689259135253,77.72942089064473,61.68342657535837,74.14227109132021,20.415764168131616,28.733024120982172
13.049865427541706,77.72827846430671,91.03947049228843,110.85235240917623,33.869784197256514,23.64395464664704
12.952775855861159,77.59094015924896,85.1994147650315,107.25047855155243,32.072671894401346,8.0
12.882274904878223,77.540327643734,83.67003785641066,108.20532307534745,33.71276610995424,20.35282772417067
12.848554567263763,77.54502391862364,56.16292356911072,57.63749371851842,16.844704938688906,23.795541443313006
13.046005187215547,77.72228581026728,65.6311885939528,72.18021977749413,21.039573481924773,16.187740355357864
13.109853512255114,77.53127179311905,86.26742755158494,110.06813356891517,35.75862923620026,22.47901360261113
13.057561701416452,77.48362374948275,80.84899082742704,95.63434221406843,28.492860875309184,19.734514046816805
13.012120853299663,77.43387533675013,75.24025197729655,86.92969842646548,27.731754176323175,25.662904717590497
12.816780489372656,77.58667724835377,82.89731868661134,93.2059774889556,27.511090276598278,25.04512245087409
13.187395511037753,77.59285283956794,90.56784887380668,105.90633514084746,35.10522706070928,28.10895962914774
13.11948567666183,77.73636348416116,72.54664380144426,80.04412614461398,22.656568584713206,33.22695544806015
12.917128814680385,77.48849547857843,79.73020922047388,106.13172242823104,30.611229665974943,18.417836036475734
13.191988131743539,77.55239650946736,75.70633648091997,90.7354235172011,30.269661417392136,31.743085233855798
13.04075263585453,77.72336229555748,95.0,113.7102472911864,33.22318140556541,22.53050964234857
13.032969063282899,77.72944944429959,56.59858095936675,70.85868052707926,24.45975277045256,23.86381679027112
13.099229271771813,77.5538444303915,85.1333034676064,106.97169000746052,33.87518816142778,22.220845937736087
13.124707915236055,77.58364960931468,76.17702722525895,96.14187345308393,28.53326262280351,20.94817889028841
13.0625914429326,77.52131435633972,84.82600769749791,107.15931895653534,28.521208742926284,16.93311310187433
12.85123829854648,77.77302195136772,67.66507890534638,78.04386693246136,23.374523471194735,25.818417147869177
12.9353070023978,77.44745750629664,76.93273543490383,90.82994849710029,27.452244656196935,23.1861823186431
13.17123345613042,77.77349976920058,78.71087444671146,98.29820761326513,31.823897750588284,34.91113027877888
12.88984624473754,77.67354658073414,95.0,111.3630546918019,36.5858107600208,20.402752788096528
12.948866809535005,77.6126288610747,91.62963984934048,109.93003465907245,31.609036039434233,11.11190011749408
12.972830753177679,77.4130636243138,67.44231663587276,82.92459878517137,26.479743163527775,25.55543643411472
12.97576199587778,77.5902384767288,80.46096871371162,100.47908786800583,31.67453067242845,8.0
13.04517583299781,77.5630992420011,76.46407776402849,82.86848850498318,27.007371956315843,16.655705735423034
13.177230335097882,77.46448752479006,54.876698203944386,69.42576609417799,21.825109652524485,37.178329836360405
12.896277084733002,77.66256384140026,76.62646925214293,90.78314281331288,23.349947462070325,19.748165657882936
12.848600550520368,77.7884603629473,80.84888481285796,100.55595032975145,29.855940233869916,33.12735610400505
12.878988195943975,77.62487552442582,67.38593537649416,84.74778091356713,23.112919124236306,17.369224734231626
13.154769960083707,77.68590131057758,85.2516496344999,110.34155486699566,32.69725491426255,25.54133188403513
13.058324325062083,77.42738018102641,80.45920580569455,103.31831520493947,32.95550303374963,23.58046017303281
12.914362715695665,77.5670667983268,74.4819054900979,96.11114490116896,29.443645142100628,13.735642631532867
13.126378775587446,77.4465433940658,72.87521858611842,94.6686138991733,30.69676590254685,28.895675834487935
13.144547998545374,77.6451183342146,91.97445674470265,111.82624301772292,34.23138074674395,24.44010987456243
13.13860573547611,77.77539286328566,80.0292830389959,96.19606508197927,26.262167645255975,31.22156951711943
13.16757061345582,77.66471109298865,74.68110234723568,93.9814082325745,23.15272845662688,27.944474979587696
12.900896408069345,77.43072121932578,73.69914690280608,92.0993810405324,27.927431835518902,23.14804300597114
13.10201677149851,77.54186648199403,78.73235801671491,92.93349843636659,27.452196598207646,24.019086614586357
12.984215798909656,77.62026535177634,78.45244426202603,96.16705015847259,26.896223568778012,10.24415007763037
13.136799421156024,77.5612831024533,55.52622693700826,66.45598999048694,16.535542497843327,25.77660151504652
13.091396270864646,77.73345760419006,95.0,109.73033545769972,31.449614210364498,21.59689999611557
13.11057897859989,77.725868401884,76.99467402249837,98.8459125338798,29.264790790434386,22.421945205568175
13.062464735072428,77.64473240804129,83.79262441298378,100.82714550823098,31.579899299882076,20.922326612832833
12.870971507787884,77.54938317805309,78.90488804886786,104.92940694713569,31.856084247276666,19.80549622423475
13.018010767558776,77.5021345495053,72.47586889589597,78.84358132407601,26.86920889156826,13.226585776416801
13.193867895809802,77.44234972728526,69.67012389039971,80.82025480426282,22.174868329188058,37.26367711331417
13.174955226598847,77.54195907339462,58.503146192274194,70.36696961418338,22.87220866836988,32.9229412630373
12.817269494318806,77.56526900688309,95.0,119.68690548814457,36.00066913270083,21.582428841792726
12.865925926291775,77.67032917004163,66.15451136290622,81.38276049849839,25.804166397786684,26.179618856704295
12.852691509381826,77.66326392971902,67.81485021857371,82.9301840331922,24.006025483426573,22.59964779042026
13.090391963994119,77.42804325585651,70.36844420983446,78.80581408903062,25.785104974490366,24.170612487772047
13.127114131942777,77.55810372617246,89.8937954924475,102.08784760478963,31.216803798127373,23.080050966052777
12.885404546524269,77.47271154688696,77.68076631224902,94.82944287614835,27.089942893009006,22.89526263466831
13.002341077180732,77.46272508212672,65.8681162494936,72.22120953030051,21.642314801263776,20.144349409119737
13.13628121120448,77.7309208598949,86.85422108585801,101.56567655158297,29.990591247600687,29.413579445477218
13.0931206179065,77.41676608668651,81.5405864482025,100.35329038327228,31.08434381625727,23.381785195911803
13.01689488219674,77.56767315036085,87.74963821002919,100.38794449065115,27.75682984844633,14.466159385596132
13.03613907618351,77.46728146230662,85.02023823792013,110.05106569731318,32.956616304962566,18.13781941296818
13.003344218766513,77.75173208627139,95.0,120.0,36.79061450529866,18.5758159971614
12.919019380527528,77.62281620531002,95.0,106.1429000083085,31.908916616878617,11.125833104524814
13.026008797143607,77.49255225455074,72.3505331147205,82.15878352175467,27.34151754530439,20.62849238315194
13.075554120820035,77.60097091486655,95.0,102.57111377752526,32.31937968139968,16.406688317040366
13.149329166344323,77.69259454388124,78.68394973715772,90.5077828718486,27.137373268073087,25.19909184982967
13.054516541591699,77.78324720356777,79.68769165464929,99.45717236844114,30.270529905527685,26.119495974415834
13.104448614817263,77.48817840169818,59.566370604743966,69.41017001431847,21.414382107259538,22.66607805503872
12.86402865398183,77.75447270885174,73.66145533514656,90.6977326202557,28.01591899441036,26.229188783538717
12.984622989767916,77.773721645667,67.89204218989526,73.85877903646559,18.50631771961046,29.39530323802139
12.803732647930838,77.76656821781282,81.26471158619026,101.50753017633784,29.849206461362655,30.89249315393501
12.89867154580865,77.65416574274477,91.00266387947698,106.42765051573063,28.959417018332335,17.894258625432776
13.0905846860452,77.65192826177389,57.65137144418101,69.24249414443173,23.329310138248495,26.808596960072226
13.196723980539744,77.56128425327353,73.40086126676184,87.61666101314894,26.16329926393883,28.653438502603848
12.839671239834887,77.70095915292151,87.7455006310227,98.93685815276581,29.294375546470494,22.61195901157128
12.960597726344515,77.61251760734038,82.0819127520297,92.73287364373672,29.61345675718749,15.407982557656235
13.120028387479664,77.67097522849132,83.94435558114053,105.57219904238576,32.51630930761547,27.631156415592024
12.88161425385156,77.57138316153952,83.8650279164611,102.6329942872618,28.532629257420123,10.889537150536293
13.022033979720915,77.69259858561726,82.90586074205382,104.73727809823171,31.279372704414772,18.89234202892222
13.09322851841187,77.72978860704181,73.19434561868968,89.45650591994021,26.166617829529294,25.86725461640483
13.046394180104071,77.45857450264113,65.07257078308157,78.80203811374398,20.151545656911082,26.495344605390788
12.875209893846167,77.73317188622968,65.34473107652343,69.78362419849428,19.554534793073874,23.110525488345104
12.942153827474296,77.61611861271612,90.26997930633031,106.97214168379053,31.724561861104227,8.0
13.113516713794159,77.73786636363609,75.11172524641462,89.99714869367882,26.76924274511996,25.62632994702611
13.021690605652807,77.5725206825364,80.87783305560336,106.8189356580869,29.081217850071454,10.670520052493158
12.802091845417166,77.55161619415321,72.01744158438675,89.85571306175747,29.260045084622192,27.731544326767832
13.104396304011237,77.7660242930069,71.10593157620585,93.00742379999465,27.698021022215517,26.030163260906043
12.814124541976096,77.50046770701937,86.29586764010526,106.54272969759995,32.03792506260111,22.84907214566377
13.098293513092493,77.73768493011445,72.09186147189318,82.95371763152441,25.687398566136995,21.535172100159464
12.880992224066095,77.59360822900376,67.05869268622757,81.05605230422235,22.74066318345936,20.376804563127838
13.183229392047751,77.60563817702051,81.84066468327526,99.38991585125147,30.729686701640833,31.82072997421884
12.947176300520834,77.5233873125958,79.18700570365971,90.32862899553824,26.364439406625102,13.628534452428916
12.930772646535232,77.62921688024761,82.63757995033541,97.24315905743788,27.37977663593698,11.195151320511512
12.859555220132979,77.53008447851049,94.61120937184167,112.50461627782413,34.89827987005803,19.827692153971395
12.922241686196086,77.41570776569667,75.51556440385679,98.64677644745373,32.57738065183973,30.42954962702538
13.15066030473128,77.50879944213774,77.96405645814367,83.15316512281751,26.395608283816916,28.284987142964546
13.198533735050898,77.40255161736265,58.34625186106701,76.04459433686063,24.65933343133905,36.80177543836744
12.94732381220274,77.79134191482274,72.89160603314501,82.7859510649771,23.79452410636853,22.677770567416953
12.979444252381818,77.7862988839279,81.50229500929518,90.94235807480615,24.08746796410493,22.690322596661666
13.088828375281095,77.55806211898893,63.30673728908844,81.86779539709845,27.540613663329218,21.168035367026807
13.15447831218603,77.69134834173586,76.66380029705526,95.65605070263821,32.805844989600985,26.05693866889578
13.037217733674714,77.53832243936418,81.68562811082583,104.29534724489694,34.37421772100845,16.06090553813414
12.956610279271132,77.66843726283439,81.64570283480698,101.97835313949626,29.921934063889378,12.71100110994542
12.96504873633945,77.72217201721838,88.98458291317101,117.08072450449222,32.81494867388998,15.701114561622479
13.078247258598722,77.77870249787689,77.70632053466402,96.04120382631925,26.68099575225664,24.974402279816786
12.801287305441711,77.56008491033987,91.091975498176,108.52798371719541,29.190929979930527,27.95535294907898
13.047835734983936,77.71331919318241,68.00964984767184,83.32621170381292,24.78310627432378,24.974908255559342
12.942197204176543,77.50637138025284,81.70929574107558,104.2685005310205,34.491906075471064,21.320524143592124
13.117678932510833,77.79613292151745,73.39933008434676,84.18231947491553,24.97137057873017,34.170595252936046
12.837196255929253,77.41030783950575,62.9026351559498,72.22371927448285,22.271761583041403,30.229402071559292
13.035280906779356,77.64141152260045,90.61118568823451,107.18862275289189,34.90778075447598,17.81243286400425
12.992389155954449,77.66380239266053,95.0,103.47708600617334,30.2349351781872,12.626555578989942
13.05693021036209,77.67521822282966,78.96041145203932,95.44288578453492,32.70392864879967,19.505539771911845
12.825941437793189,77.44815503151564,79.72275408803975,86.23666138589256,29.855187230762674,27.554165043365302
13.031993514971253,77.77541191338925,76.31361554394931,91.84163521740226,27.29026788785971,17.591064216160923
13.02459383518381,77.47247331162004,71.20771382810464,89.77570537440181,25.777643084282115,26.006312599721287
13.024264037766468,77.64910136129593,63.00297138915971,73.21918336377247,23.360231101912365,17.751566364597537
13.041395066638582,77.48907043164924,71.61616030045185,94.32497171147656,27.602441628405252,21.480062889749334
13.070587174890544,77.52288656680851,64.96869031047925,70.65992387548265,18.884866728510122,20.541254542147275
13.121995599872307,77.61858341669125,94.42622584948224,119.26777442753784,38.34280963530731,21.27725073842806
12.907928288051286,77.56687736742583,80.37664469648854,99.82765891782086,32.38119244990041,12.115015451370544
13.130019764072024,77.4640902403906,71.27805622513841,76.95350122861265,23.397073576110916,30.24743340318775
12.999302272905382,77.46837456096834,87.43006059511572,118.47004420934152,33.015283755346104,15.258654212815697
12.830823311653733,77.56725791526512,66.61212189935344,79.61581985170429,21.425693453076512,23.237727251651666
12.823420371697592,77.7029131913102,68.15408474452983,77.39748158265763,23.433703051635593,28.22386168810966
12.933695327478425,77.75918585873912,77.23600998336163,85.64777600611386,24.694590732824093,23.569817018444304
13.113958790844586,77.43365106490376,84.54401909843035,100.35273277981806,29.4236339696622,29.14554309917895
13.083072373896366,77.55724156302377,84.13855500245297,100.32923164099377,32.14269580241813,15.368732221521775
13.115445985868963,77.44009822548915,76.92833953807816,92.82723508839211,29.31452916136275,25.519509507665603
13.006907622576644,77.40663699225304,76.21865669966378,89.97340725847673,29.748307538538242,27.213326998505565
12.976079599182196,77.66468747305758,85.490834424484,105.75512785995627,29.745291911232368,15.509613782982228
12.858981010682514,77.64097977678664,80.92675884838869,95.1739614547502,27.865805299051637,13.462267554463716
12.931277101443724,77.46520764552596,67.9237889388942,71.83372614047069,23.06808123306143,23.326659638115753
12.97360774646955,77.49352513323723,80.40605193195533,95.7404548400982,29.61829313405524,15.439270874427825
12.835440171871847,77.40948310145781,62.77314333669172,63.49038373716366,22.11187588632434,31.124207552670097
12.888244781084484,77.73397888227775,77.69070145436204,94.9976948996914,29.340381881715558,19.452624033161065
13.039290117625495,77.78987623841942,69.8597457042484,78.9351936936849,27.376776316316572,26.12672347075339
13.094265245695675,77.45418381471788,95.0,114.816801774579,35.52507613581999,27.043339798160304
13.19933900455718,77.49259008550612,72.1239694781099,93.11913828135489,30.060076379583787,32.84036654287559
13.173245332537423,77.74736380957877,58.308728730126845,65.2267309998122,18.920989406374748,33.31854313637316
13.057026079814076,77.77058551918248,73.87702745274585,93.9587142358556,28.216188694524657,26.82517307780211
12.968499221317629,77.56785095312273,88.8471789584858,104.4496669167522,33.15678888270461,10.275734573930473
13.054470945883294,77.42024898890763,92.0814546388383,119.26371957693388,39.00507221426628,26.417707669980057
13.114260647232092,77.41575673347714,67.66683816111829,79.37444272735088,25.27080671682677,30.88551086168681
12.847334476369355,77.62957994642761,62.720970648958165,71.06269985121634,21.152466411495663,24.91627948940506
12.963961955878515,77.55715804355728,91.25771589372181,112.9454513244426,36.63830545638947,12.606924762523814
13.135920914254246,77.41146097103106,58.89144544545235,68.49078588642463,16.163278453367628,34.95610653394826
12.953533180773217,77.63330095692503,78.50292806925943,89.99626611246627,24.154410830726135,11.58457757313572
13.028748908490874,77.40452101463562,72.4995800098214,84.61029675826673,26.746357474816797,29.57043555451382
13.035107744344879,77.71494878325971,77.49979465255288,92.77672092214844,27.861232989150782,21.80056442904035
12.873790501253456,77.52257312908135,85.81822539794993,109.69277113376418,34.11885864237759,21.747416021209695
12.944894176660915,77.4161032012037,69.13948018131728,73.29693749028286,22.117896291948743,28.83309010372085
12.933804515496773,77.63534088839326,79.48407533467532,95.49629369636249,29.790779498116493,9.554095049593421
12.810478683412827,77.55907376577322,76.60772193948934,95.05378430065741,26.88732964821084,20.580487355859507
12.809676705556543,77.78952016534285,73.82583512645458,89.55824502670447,28.008445680170723,30.853956751608905
13.132678817470309,77.61767946500149,77.84207989486917,99.95982172101067,31.97677557271837,26.416591785133956
12.909228323989126,77.5100956724148,84.108580019951,100.5585693751486,32.60867202040704,12.363170472240755
13.007231506495526,77.68377554585359,88.63686350914577,105.44147900004519,35.65955228931096,16.923648990952632
12.91949022943551,77.50859680101709,83.89842448467195,103.63975711667305,31.580124022006686,17.753620168487142
13.176271698046136,77.76169731656303,76.32487332763598,92.08641706791992,28.173747294070335,37.27742065820739
12.90371870354631,77.54988878820295,65.11360702034717,76.18428473301425,19.808940491556577,17.15797799433305
12.971862725095574,77.61994742511048,84.2348376595709,103.66252538941697,30.03593481454824,8.0
13.14909210019384,77.4202292415297,77.35435534001525,89.56258494193507,26.482611334567295,29.267939864055762
13.136773426716722,77.5704484951809,83.94292225267017,97.67562094310757,31.40332538748498,19.75270059510818
12.874440567138512,77.73294541586439,69.62376939981058,80.90855317094463,23.050563703104128,23.329236876722458
13.121057323918283,77.72225952214534,68.58178383145572,89.0634863985789,28.311725959071335,27.248763753898313
12.983274754695158,77.48972742354141,73.98297268469109,72.67448544170074,21.799102198583462,14.65741927781356
12.993187548834142,77.49043162840422,85.04505263338456,104.03205733387617,30.855280969933325,21.545653439676165
12.853391988966377,77.72692212488529,86.46718744426802,103.93198400412273,31.677383139503327,20.120683349664006
12.83224060550285,77.77215936806773,69.63952611821082,75.16307904566239,21.76661096919303,34.646103277512694
13.091175722789506,77.4381443685092,84.23372067562501,102.62909870643001,29.930655115743672,29.82392194804647
12.99858446094212,77.58002345577049,84.70130797591999,104.02032953026165,27.796527047498266,12.291757082927019
12.974740281046072,77.5349817115857,80.77209546220142,99.8747107114287,29.46650479877283,10.811584163638042
13.091803291460959,77.74827538218297,73.13103669191872,74.49810371507772,21.389494822225863,28.224490988142005
13.106205159596444,77.43340996587202,81.96602125450372,105.19117256467665,30.525389790704832,23.97146925693348
12.863563267067741,77.48445037702322,80.54136388281275,92.96095313595109,28.722032065965408,25.10741328693589
13.044090059791056,77.7009873350346,95.0,117.43283873376588,36.54711552571079,18.151690758575636
12.854141632911075,77.4205175395925,65.97761416372278,82.87850589987876,25.327940779248284,28.174556752475638
13.100550034411619,77.59701415228572,83.7323854782561,96.09537714581086,30.819443524642203,15.852789996292902
13.062782062506855,77.57684281387189,75.06323851397609,93.37818597852906,29.164579645219447,9.350660568532906
13.182645848433383,77.5337604715955,65.32512230396352,76.46268056019443,22.348691788447045,27.315880850796457
12.827583206542569,77.55782892612757,77.45948015980574,82.5944902950761,23.852634517094067,25.45614351054724
12.822821888460503,77.6119762347721,78.88405551912932,100.49957625059407,30.775517348711915,20.88203271254475
12.91287482987728,77.46454694335536,95.0,110.1247751849188,34.18496677527944,19.261716701167806
