latitude,longitude,signal_strength,download_mbps,upload_mbps,latency_ms
28.583965013172246,76.93258961796354,69.73973004426684,46.56348213814514,21.76258682914149,16.918604960311
28.859847527695152,77.1132631146388,41.63174486599219,42.145849856404254,24.757144413664292,16.103838754611278
28.75512030203086,77.28090997325079,86.85655569215614,70.45274350331607,34.67862529431202,1.0
28.69127689822041,77.20964644996835,77.97313799239673,49.835616162224895,26.385597741945595,1.0
28.479333017777503,77.2472916187849,61.97174739920028,46.42474947694477,21.078589154060616,8.699300841896706
28.47932146863889,77.17245439385455,69.28299778056832,56.043196722934375,30.165680863120052,12.680628702145224
28.432439973202793,77.18941592865642,81.134161288329,56.61715983407958,21.97687738891127,5.3698318763401325
28.81936914315005,77.26888246903745,35.31397045987974,18.153869320804418,12.172705965428198,29.69328621059457
28.69245312758136,76.96527129894284,78.52269105948986,62.22933474856464,27.972243054802085,9.455578729350453
28.74366632474789,77.08668836864076,74.67541485236286,75.9871164665859,39.6089545988731,6.335608033659705
28.41448472433128,76.9508593882608,51.307750959555506,40.727015821210784,20.058290783255416,10.928382465519174
28.869038698601518,77.33900726590605,50.05233247205528,32.52395547669238,14.130189757318472,20.72652880436719
28.80321693713851,77.31692308184388,44.642173201752826,37.72025660095913,20.67298237561199,23.44945781183753
28.50630026706284,76.85880151936085,59.663646784665104,56.25865417895428,30.552991175949515,7.8691226896461
28.491689548965674,77.19615057381243,51.77642087272831,46.25539157932868,20.395158817120567,11.888488388516496
28.492445862258553,77.30739685473519,59.468227963907204,36.899253228583035,18.57072389765531,19.220634387904987
28.550305131865176,76.93028157872595,52.032304096487714,55.94926358936519,22.029575382782422,13.114049060542419
28.655891272605643,77.12645239020435,86.60395108301813,72.54112403223617,37.24248352400476,2.2529832110411188
28.61145150674168,77.30245421184614,85.89283258537073,72.22211782584468,34.59275129355236,1.0
28.544074225328433,76.85602593082127,58.47680634255506,46.55276445105523,18.27987106405306,9.933083491092395
28.69759461815989,77.19202078870443,53.46262652103798,38.66301462580622,16.01793845358846,3.812842704990693
28.471420657420303,76.98941778147129,59.83756208177819,43.55384653824207,23.795573720804082,11.927753343511965
28.54451258710787,77.30696532539287,65.31499890044722,41.03819273960993,18.508762647221612,13.026823718081678
28.580049108446016,77.33059579465939,52.01988578820881,61.005198621149894,25.500942687547074,11.0053094109131
28.623002972095836,77.31702798589731,86.51703023729728,75.88823200623095,31.883666543424148,8.216054257511624
28.780584804964683,77.0789853832213,47.9747860644186,28.634535804828467,19.8526712488491,15.005658360906429
28.500235881058124,77.27538841179886,61.833719168364325,40.04132142026081,18.91135619115387,13.558306590812927
28.650853153908887,77.26652952612275,54.24705867391197,49.551321779260114,20.09846737940708,19.15579297870157
28.68828719979193,77.00043310008857,53.385301556627404,36.25052773893624,13.57174475414446,14.443733261254247
28.426869789072725,77.25861223634762,78.71747144196377,46.810871069205135,18.1370234388708,1.0457439595149047
28.695531850143258,76.857576406452,57.20839142208863,54.75807027454582,31.89138124978183,13.909736743231615
28.48627850280329,77.14079648193221,77.2853177780403,73.44703724851414,32.0867529533042,8.006249580261837
28.435776367144868,76.95531555435538,83.78721030117212,93.9051118979073,37.902393932590755,1.4241675754624739
28.858971880288014,76.89989225676473,66.47659576120003,62.71002208098942,39.41640233043793,16.631593539560228
28.866990402249492,76.87780553259542,56.17798130844675,45.244000772108656,21.33906073514346,1.1328359329675397
28.79170362059069,77.19144778190052,58.85082125767975,64.03116741045133,28.902336896553408,13.317790898882288
28.55048302526668,77.01095366148903,73.1268768959598,37.82295425240791,21.1716438491328,1.8616354688591414
28.4513956565171,77.20586953156732,71.6511725665245,49.799373997313765,26.495559550752784,15.206900460158373
28.732251520865194,76.87193268164528,60.20766688286698,46.222818052090304,18.680307307998124,13.28100706855877
28.61538139273216,76.99850358160026,80.1732062309387,63.531956846604764,28.22394458875007,1.0
28.463062591328086,77.11204282365823,71.52444321129492,72.53279201483063,40.87263443196704,5.830805429417543
28.64172806822797,77.2392709901852,44.346322691371235,36.944988272952486,26.533597277753366,21.18029977191629
28.421094339464496,77.0002568819031,75.27134510917963,57.148264600469986,36.1811247893946,4.9639092178892845
28.840027385350517,77.15579732094852,82.25977291013001,70.2272248237981,29.661617024684816,12.376730025692346
28.52853698735176,77.28750955912186,61.96211722085026,57.15907977789969,30.487232701896502,14.59434646285407
28.721856028897577,77.15071887292868,73.75547904037202,60.089980290062854,29.87884019180912,6.832772001525697
28.553881342859874,76.95680980821415,62.83745312950336,57.59645611089352,33.075528098859984,17.58538601190969
28.653646377757514,76.85119207791375,45.08412481201325,45.25884158571061,27.6323323830702,13.121661511012798
28.666403167863564,77.27946822245396,57.603815313734366,39.1511839786233,10.397303825001465,18.57508435248741
28.493140122200376,76.84960629761544,55.18306051035488,40.03830552873806,14.49062942193935,12.37047669544986
28.868882975338508,77.28179915938622,49.556088823218246,38.031428942056664,11.952372380173196,21.199755398962736
28.775775970702842,77.1066980152838,86.21315212265938,85.12634993360983,36.391430607405304,1.1737330674377167
28.854477410251988,77.31439522839813,45.239140087115075,24.724664924483026,12.389795213458479,14.049731655209493
28.833087852794332,77.24335274954576,45.968702844959395,33.07485197714624,15.243445675237608,24.202624999035763
28.69091371226437,77.3442061978342,72.39443458408695,60.20537191788034,31.300568660756216,12.801283378458194
28.846038385277875,77.01644163065916,51.25656077811255,45.48241788059282,14.886828179953913,8.98919442201721
28.447000293998247,77.22735252187212,70.84089499656056,59.177240074526225,28.492839938697802,14.886335886727725
28.498468602619525,77.04237986805653,71.5078175324975,52.48534824902673,16.346175072634423,12.287206020838422
28.42628413549884,77.08185241597013,60.41923458360661,71.67702346815568,37.297820544077915,16.37155448065925
28.560402485782372,77.1566147224183,59.55385515775424,46.58360058316204,36.51351702666619,4.618991810697961
28.59073414362681,77.28128030523804,76.60164183505086,78.97248047067355,37.677424891152704,8.420114394331991
28.53455527356101,77.33719199344655,54.95244399757424,43.669327061209614,27.46491478446565,13.257298182785297
28.801442853783357,77.22790204791106,64.32066099142995,44.20383901353325,23.30427575341766,1.0
28.57544837870544,77.05039942585488,64.62637118087224,54.55663769327437,29.883930988533876,13.838166575488614
28.539144971966042,77.05221757542925,67.54669519898346,51.99280636233453,25.320131554198802,14.753824241221391
28.66448109887606,77.21235953769843,64.0975026488046,47.392817588154834,29.316972394007486,15.508381515972909
28.472105541461545,76.95975597746168,62.77967462648213,44.90817032875514,17.982335601000557,7.746300103059879
28.788734773710992,76.8947811020919,51.43366288058706,46.27778450544258,26.764371186961277,17.150792571398675
28.4403246826504,77.01842189559262,58.65884990696341,58.75161819162377,32.29832517640843,14.650624561040232
28.877167630520493,76.98429789460818,59.33138390217281,40.016080673673756,16.63214896196497,11.47799147577057
28.77439311872061,76.9888906583294,70.67718900444717,62.62782562712514,28.997568035258407,7.699624240441533
28.499777125329263,76.95713810654577,56.53772936979475,37.60293571017366,14.95575610615034,8.339165683517255
28.407272588524677,76.86015181944403,51.31152060870723,47.38282963540231,15.987449605546821,13.94396041967835
28.795086028703743,76.84788676976807,65.89663212590017,39.62910170952902,4.716990075660382,11.150258085998423
28.743084448980696,77.33903480575968,55.70733370485809,52.387693043444074,30.41070963250733,16.08504526851776
28.753690181286334,77.05546681539906,54.64690633983504,38.62788881479305,19.186072846436556,4.760548573603899
28.773926547732437,77.03346476297266,69.92550539613352,56.09419413062787,32.82257896252132,3.858002238224678
28.440082404649548,77.18302024185377,85.86805815576102,60.02314436749982,26.720989738373625,2.720952409388372
28.576268307363538,76.94936264460713,75.2159380597171,53.53554667797657,25.969800529863306,12.160076909028525
28.4601086797568,77.31991187788088,49.85704050790597,34.05804583020896,4.8349371237223355,14.371492036696688
28.81789786986056,77.23705381906879,62.008912759294894,41.4430903464255,21.6790798671764,11.739179318762837
28.703074800161506,76.88411437838127,51.279059144997554,37.86251875572755,22.010115126719484,20.635704442344817
28.563068397374096,77.0503052290049,68.14851046030175,54.68771553066624,20.136447457284234,8.508184033664099
28.43506137581142,77.2840358196962,67.48043685698497,68.50902483029543,35.888236238159315,11.258240740958652
28.55353240222102,77.31726373995237,74.52473425218251,63.271041521576116,36.490227417672365,15.653845852379796
28.560332095367873,77.07553531134307,68.27586667281068,65.87504118239625,26.990461126861483,17.730604764436613
28.753976998138857,77.14947723951335,51.84987599258103,27.354543159854803,4.958030996762913,15.040129232495564
28.709902429563613,76.9234239799883,50.30617557420589,30.30144671327959,2.339055062663242,13.95300851473739
28.829441842253637,77.340780039493,66.07755160715497,52.445233261825045,36.31215645007872,11.258318925696011
28.630733458814703,76.95615765750101,74.16731546370681,59.530018947905354,33.129315653786776,10.708876029594848
28.46189236569226,77.31625077968172,84.39214386416079,60.09141988941229,19.23790827811018,5.96022510931361
28.74614287120406,77.16782740193676,70.45162384585444,56.870176095243735,29.30179636947391,10.084278835786169
28.76890599933014,77.1466035267732,51.63011205235925,39.50784963953503,16.038253495927595,10.525952366381315
28.673378069058113,77.09846943149,65.32861130883991,54.56989810425876,20.984125226266478,7.319609567150642
28.773781386074766,76.95565028324161,78.48968921928773,76.92169893169849,40.08938625491524,4.6051655896279975
28.641066670480445,76.92823194934255,55.21628792313015,31.597251749357966,14.628526579144076,15.766905495292626
28.654922335625745,76.95049313068455,60.33105930746986,46.70663270268486,23.542625926387178,14.823545347506883
28.609342792574303,76.93325066133178,73.76758769576728,55.439615928509554,26.817849555442738,14.73396606465247
28.416799632887443,77.2336301642256,61.77043021456972,37.094920873507455,20.786769175512696,13.324341192198695
28.45628884650094,77.01614458840902,66.72387473215308,58.00082644654189,39.12196133970521,3.1669675573900236
28.419677356689235,76.86812763209001,84.07874410846617,61.45153483227277,30.859172701689065,7.636840659484757
28.70935319665946,77.32960543737882,54.91127055566677,42.01997852726043,24.608778974371123,7.060254043944152
28.555147770711407,77.28639956164129,58.037503437508185,62.05255406951077,34.11871893703776,11.551361355328183
28.64814125034503,77.30866490632457,79.64753555115558,59.19712511259367,27.248351817499326,7.435130482913568
28.839187573155698,77.34267363329349,63.41402725386307,54.12115865618292,23.270618215498093,3.144043159020619
28.523994081647384,76.92689866259256,44.907518641875726,49.1390552362307,31.667542640683536,13.525626578743758
28.601127189403783,77.03949891335924,54.157478140485566,37.4033172041373,20.734045988260743,5.854679020824945
28.766399909499793,77.22282018162218,70.21508964740714,46.63267752395927,21.281157197345735,12.367065390561363
28.51418115712455,77.19131198213914,49.688154495956645,66.0927440332649,29.020825817200993,19.88296479209789
28.441487858766415,76.91677064936968,69.41482269538297,64.74835927555097,31.73643403588781,16.731327842621845
28.54336668220612,77.25198710840831,61.94283181739524,39.29206906646592,17.814876836641652,13.636551605868606
28.48182413819826,76.95249568839998,68.38952593806576,56.70110221841755,30.534243867876324,11.50461599338876
28.849784377529602,76.95218021219091,66.41721746817156,57.36032462955329,29.22751533501309,15.33747946629685
28.791571003090237,77.11076823741074,74.86546330398754,55.020085002054515,24.131502105219198,7.7111230962438615
28.707913556544433,77.13911014086472,40.90566265695581,25.23421541601369,18.703975556764995,21.831078297945123
28.821899429726443,77.13260079114046,56.91227215488829,35.71816241251382,15.537059894709971,15.236622819792997
28.789441076149473,76.8851656171805,76.9577718554053,44.365191974846056,19.190466310705226,8.055551080967899
28.49396158379869,77.28319646090895,64.94771030757191,65.97415417552183,36.239327550441615,3.0002853989293365
28.832001725283074,76.97333955644766,72.74149106985652,48.63142402438875,12.769793355770048,8.962820706050296
28.662875219655344,76.90442369674575,46.026007259482896,54.772919366709544,28.536813479311782,18.6809132676121
28.79124529947133,77.28891250298744,52.94414665604553,47.75555964100565,17.38219659899749,8.005696959821734
28.83369305443764,77.32279355147448,48.130665969905124,55.24945710939948,27.596748460554508,18.904508486991027
28.55689425607873,77.27543144019101,65.72123480905896,67.02119172878409,33.20915090743399,12.557605405494217
28.4573233313933,77.24878804486877,77.4923711310647,62.49163377666137,31.281132681471565,3.4506829633133558
28.513767935864493,77.17066097468187,57.25479050009364,59.67141306138645,24.85374808485789,11.424197419141798
28.609135354423668,77.11779880230898,53.7478008103406,39.07811424908119,24.838739044773703,16.96068950478131
28.796308612388,76.88288670009008,74.73039261153929,53.3866688147901,21.680974749365575,2.071916226938746
28.81676171034058,77.04568287333959,67.21770969620367,69.11144485612793,31.876715112802476,1.2978973031741656
28.407957304541473,77.02757101252638,60.03588359516465,46.493864086573154,30.183219098549557,17.722354504260245
28.649183450850856,76.97037890983668,57.347213771788134,48.48057608325937,19.42149341057663,8.010081293988344
28.604492359964592,77.20518756073987,60.62328328097011,49.27336381214838,32.204671779338085,8.746210953117556
28.510977695383193,77.08995515089411,49.098820145873745,32.778816772630016,15.972218537363204,8.022127857745225
28.462022183469443,76.87987830583516,74.11136785691774,63.24845104180192,31.207304144529495,8.695052591629976
28.566284687379625,76.95033968263678,74.09306796092898,67.57177854753493,37.84287204622542,2.0307631679582148
28.856110544317016,77.18484915829383,59.77811623850212,32.457256841363865,15.154076644931541,13.450532375075808
28.559383849184023,76.87738908430975,60.01968013217131,47.58097460759843,16.134949791020603,14.565369740437784
28.653034736042855,77.26990100715392,64.62311691357262,55.90301830333368,23.629553797095937,9.908425354540118
28.741246561558377,77.0895858673148,52.679512306500634,26.077838837813715,21.78683893993396,21.103416701502244
28.57874086258909,77.082212456906,60.998535967639725,54.4782462048631,23.746098924451278,7.347853680469639
28.869935156106077,77.13884065080626,77.90591733359155,77.1971954202325,35.69833150326604,7.825247302599424
28.865465492624864,77.25646780812521,39.8994663594161,33.98732088587705,24.078762507846655,21.436857608103214
28.52518637014428,77.01497169998096,58.69028314457754,44.85908831986842,27.794434398764267,24.212277529723544
28.64271998536953,77.18219420933535,79.19576606773121,69.76847947829567,45.59115533170322,2.488255691774561
28.548694420462017,77.12533155373045,84.42593930310686,59.87418556465201,27.189307102783104,8.970157643966953
28.541015227352784,76.97406283560287,63.3464242526566,50.71806947887984,29.32488157340541,10.913393972964892
28.42229063066971,77.28378852538903,73.78605137877776,67.16089297050198,32.18563183359195,6.4653837438875
28.696498814311152,77.24266543281193,82.11530868352872,67.34134838108855,30.198884336877377,7.015304699725666
28.645320214276495,77.17228650028777,87.60932423174239,82.53425519276178,34.51175576534078,1.0
28.429277447568143,77.26958440267724,45.99292947208701,23.16061733045803,15.118490783771453,16.247312090935434
28.5380494148482,77.27804788755573,50.724335315363945,70.43205827832526,37.05343746653415,13.215050974528827
28.839522464160193,77.197562366088,55.71691359137298,60.48257992214356,24.72617268371929,15.080026685367804
28.51933502140919,77.26271312981395,55.706265566958194,41.614113311187495,25.686140252317294,17.88039254962461
28.474006758375488,77.19204671444561,62.6095144470423,54.3372727201093,23.2703549577511,9.77768063368084
28.63898724282531,77.18327015325477,68.59534935010053,49.228539438371,29.721186196332493,19.863609059319465
28.876575580571284,77.15211060390502,73.33124942349977,69.21718805211025,34.61082149699285,1.5147820635256881
28.520528896789067,77.22002382826986,62.98176291320051,51.242281944594005,20.994017841999067,12.382389904411435
28.726459031324232,76.91915546918874,68.61724512607431,42.049492356783446,20.364311150796006,10.298600428687955
28.769305604810505,77.28492329152247,77.39800694796574,50.798735300630966,32.72025384407767,11.76489178293932
28.5184136097756,77.28035174534322,80.49421294601485,65.71557958298746,34.664999976230355,7.543469450803498
28.753311522788,76.85364643010669,58.588053355808185,44.84063631068998,18.420125333356758,12.105961120180769
28.580729647264054,77.25704298911579,67.61870631065196,63.501926486748395,34.23178777136388,9.935727973549984
28.707387849962576,76.90409703033725,87.59105744789677,65.15382148325537,23.194147211418315,6.8212399954616485
28.70797386569414,77.008545085353,74.63777645355722,53.534129344837915,35.575509326379915,6.194434333043868
28.661167009101842,77.21536054367891,61.71381415561049,37.994194620240236,17.989639640382528,11.45324917716956
28.447860858088937,76.92024669250506,59.64679447457888,51.86391543071094,29.68761195438472,15.226318733223714
28.8045862868028,77.25306775184342,70.91093364756466,63.70777964344201,29.638669716078592,6.329255068734384
28.558223737071632,77.26024224363908,52.00298476936527,56.019555424992745,31.930415666819876,15.952060863553934
28.49393690146079,77.09582553956828,70.55730697179749,54.26538662351425,22.8945236686617,5.572363465495451
28.424152367651455,76.84206901591298,76.15122745651416,59.35356120738857,22.81490760219726,7.3098562518575365
28.687558618182216,76.98419617639948,83.73667100290771,77.29514265856675,35.358398560022685,9.151624834460767
28.729058444852164,77.15125756430116,49.94949761498886,51.01020539002018,21.418098210473342,11.96731157132343
28.412571049412797,77.33572475507397,61.210945474699216,36.64352323207429,21.08326130443476,14.764871025820238
28.64982782277944,77.15879640045526,49.62750619388453,54.04935475175107,24.72429610520804,14.779810053884782
28.51307873143915,76.97040412805285,75.77285342491653,44.97025502631268,22.96184851036288,5.950902892113796
28.713548780640995,77.1599065563483,74.89103277619053,56.99022860193473,26.149369150838314,10.755831398731326
28.48811826736667,77.11229303803518,65.37720936471086,58.426455431904714,24.12981207306987,9.166434822215736
28.735461856788973,77.23376229942988,74.26071063919935,65.81390442766981,26.900435464995738,11.181192532515633
28.5898043063714,76.89301194626702,85.57028991742028,79.36603618579589,49.744370321401775,9.447460755308821
28.85315158607395,77.22423279560975,59.15807563905723,42.40502535928576,14.432420887150858,9.486616391108397
28.470475989682004,77.1129418593534,62.641652890956934,29.113057236249308,17.68406870227983,15.633661547657875
28.56793717397055,77.32651091051586,66.89577302697805,65.22782473192171,35.405370739739844,9.129413088994344
28.458961653146027,77.01196507927047,82.69691951335997,79.5722947659968,36.07372622030648,2.7643949691526686
28.847388356447542,77.15920577104178,57.28261861885835,64.02558340058339,36.775783673536225,15.183680098003633
28.82471428677324,77.3108302567165,85.31744770335848,76.79371792820902,40.47118646591406,6.7212083395829865
28.528135568505153,76.89074779967277,41.016016453848906,29.68738579207748,6.570051513988753,20.38918585769164
28.72064067495559,77.31346381998938,45.75571767566055,35.09619702486149,17.17836068438878,14.014987316503722
28.795929117733728,77.18719233019613,82.54474996192259,74.02758816859208,39.15774728398966,3.531035498679637
28.67046858668835,76.87318896031198,53.941914489535236,36.83775429997488,19.684703340177347,17.91914571620171
28.658234677662207,76.99124825697157,45.131296342976924,31.258749434341897,17.344709761800626,18.002861638764497
28.520431706039144,77.1974656970671,46.54789211221244,21.752130701132486,8.420296614855719,14.611254899487916
28.44920777176501,76.87294260974919,69.12328297711092,50.67046951829362,22.27176152975877,14.522490393194746
28.834231465070122,77.13365629258223,68.61419141976306,41.9301864933115,18.68448910928481,10.322875674640938
28.835764783253026,77.01399626381786,80.3540446803286,60.48082018496085,20.64991208996146,5.143265487973897
28.707768810258525,77.15327746003591,63.03356469384544,77.35718839488132,40.4275943202802,6.069657607636317
28.56696203258738,76.86199965725984,64.04446102608654,47.29755013643417,17.71947233256607,1.0
28.571836295175927,77.28019641622231,58.190095445751474,50.23940782977638,27.088690405969448,2.904608469546506
28.752229073649723,77.3318267553506,45.34596246362325,31.282926984984897,24.15494593423213,16.022490420162196
28.834180950738947,77.32949160750357,69.64853881176116,52.053760845728405,17.507522488730608,4.483108415823883
28.829381358785135,77.2184717565713,67.71334722767837,41.61960028957634,19.053819135769345,23.10936702201686
28.7780468711289,76.90471302249411,66.31065838638008,41.370731196424714,21.769243417025503,4.6202898459217545
28.71204474454514,77.22283270037175,79.14733210094886,59.014010916788926,31.40891269947602,5.301593776498588
28.444916221345004,76.85128633984839,52.268675967996316,36.6829771292631,14.751894110893542,13.166774083699853
28.482019221462483,76.85003884923172,64.97402687060408,42.2008494927704,17.688469774955728,7.123645856883718
28.83487232958674,77.00271691343411,52.610473168166294,54.378183559423654,24.002553044567854,16.508791567307533
28.69499758884518,77.08629246514812,70.37936422884762,56.03017204201716,24.734106246566366,5.221726302709584
28.409032212941266,77.2289827444262,45.555039677042615,41.02089760216961,6.772924587458633,13.834837216129063
28.453214891064874,77.18486769972355,66.65941248947384,49.674170461454366,21.840252761525587,4.452158393728215
28.722325023730605,77.064647944626,66.72657750595819,92.64363906912982,35.90125483707197,18.605509997018085
28.40705207694792,76.97740437754636,43.538468249928144,31.81580096473378,17.153793840936377,12.470993355583515
28.48162627348282,77.34379619713373,70.93278550347888,69.31772057140884,31.982184850623305,10.512432440004435
28.66737206068355,77.05466068438882,57.62165774701505,47.23602020070888,20.418051016467196,11.882395252344734
28.735920305579302,77.06742529811606,79.85494302834724,71.3340075514506,34.69351729514189,5.722576205953341
28.71679922115639,76.92169703374357,49.98460435213592,25.365436084810312,6.8214157779476565,20.739014690618724
28.512012659790358,77.24134040569216,46.50791384624568,46.75933665937407,27.759902292336008,23.410979224881203
28.745632659189262,77.19012777983825,44.844768379832644,27.88233017010606,9.840280689822901,10.289678253913246
28.518227609852136,76.95063665123052,54.68718479798351,41.844716778408696,22.54264353031215,7.855387611526609
28.560435700133254,76.88055428669195,70.05631979981837,56.14386193815233,38.45011867990535,7.121741638626495
28.76206194696666,77.18345171920856,50.00927362727734,57.48105088097745,33.401483261790645,13.814441475722068
28.7156843604927,77.17029090195598,43.571879965674,44.09720855838324,19.537228406652186,14.464659954327407
28.811251870043662,76.97721845186172,72.55190610393151,52.33801121900841,17.06598910676162,9.584714960777657
28.719505324104176,77.32036885786324,58.836300301367345,44.685658517958174,22.95704645168008,7.305789903755654
28.676744832001024,76.91533342969937,51.542805988535214,43.23234912801531,22.936274970676003,20.898925703973276
28.449481655614434,77.05777692264003,60.7779856392489,53.68605828666167,27.729123068689262,7.2063337974558
28.580697408617734,77.3166985265283,73.59388770812588,64.89629337042554,32.80833099163149,6.860788838056479
28.53161214076839,77.05139227457397,54.612504866311696,49.512448668686964,24.42635122988943,15.869526316779767
28.521455108664522,77.16219568639599,68.50923555659259,73.68426501867597,39.62489813200678,2.7698214875227682
28.8705233705044,77.04018378151144,76.43577676561303,65.48250756982938,21.919704445675492,5.426269779858312
28.592850727019716,76.97770242239237,62.39092559749928,21.59118449689374,8.539797956401875,14.041426320304819
28.83175635825214,77.33713840374017,65.30409754127527,29.879987749878765,16.993804822818802,9.474753781312408
28.706828971508894,77.04612892227625,77.00013091697565,61.94451485063894,18.53062065825452,3.608718663238064
28.785198379258077,77.29162240465935,86.49754927091071,74.188895071388,36.42044317815795,1.0
28.645300137382733,76.95528809063792,76.7060910337321,63.607036869893605,35.37656738812989,1.0
28.680860406538635,76.94675500882968,60.58749428069001,62.26838242195258,28.80810687788589,10.379775202295567
28.640454787867192,76.85460193819235,67.51027690989275,56.05211184394397,22.01530829159154,7.768513368250855
28.498114337407188,77.16885045420644,72.05364334068322,54.72036251810818,28.125691223725717,13.474693236038792
28.75055150468007,77.02546321596746,76.25619964026531,67.93218726338084,27.619441148956923,15.635713398568438
28.53906733296197,77.27656107111652,62.83790504203468,45.24412789531015,21.129080259606944,12.518765250750025
28.41627141998318,77.07847678328,41.7138066315545,22.199180688173573,10.17036158312305,19.035852926361425
28.71369218923445,77.32914500164233,54.471592871258395,25.931315204236245,11.83737408602778,13.230481691266254
28.489432263581257,76.93278843074349,73.06536109829122,62.648388598874156,27.004779496488247,14.477716328801392
28.854936904396837,77.27872089943354,64.62649686100407,46.95774306976853,23.84604413108986,8.930157626146759
28.861386577990366,77.2321171813793,51.881657800474734,47.22922935213654,25.867631740380965,5.08642096219676
28.842681946110137,77.22924325907566,75.3265291593964,55.50133730365344,23.548313973397068,6.278313149606159
28.581867111523042,77.26664794146825,81.13176733996947,58.78374470042738,31.84791067727367,3.870322899274229
28.412029404667457,77.22423081472859,48.300024747716805,33.440268914098226,14.92630477657338,15.102378441588215
28.849124044669274,77.15596390448572,60.89033545024053,48.33656191039761,15.51227443797418,19.207590502194023
28.609650734710584,76.90529977659475,40.9294927844788,42.08787205989612,19.835187835480827,21.62150365161168
28.867480130479372,76.85530691999728,64.80646709234352,56.54561554755685,24.734678299668296,6.997190551416726
28.866026993827923,77.30516838080163,42.23432665915231,27.68723155233829,17.230413384601256,13.454531055135687
28.813064696147027,77.15111748732375,76.99656201571649,45.28449145796374,16.455112537869006,7.4480737544499025
28.545615900158086,77.24221536424547,60.918021896726785,47.03773592956921,19.487054479103097,4.996676430457136
28.589020185703944,77.08268634914263,67.70542285871304,50.004669007496844,20.273604200264515,12.729604100810933
28.812167973668693,76.89824199632223,57.49044353137658,52.09258652294577,23.700586436077394,5.612124463361538
28.55637642897272,76.90223135088557,79.66327242107835,68.95204339620204,28.957672555449175,4.447072152038711
28.485784661033467,77.18601722173223,53.38882071249656,40.647908533803964,23.35007277199326,19.560520273156705
28.671234911207655,77.05674944946907,72.95822281285169,52.19016148094438,18.419879502810392,1.0
28.85287616303864,76.94038429067882,75.89306638894675,66.14273662386417,40.41928099873652,8.7092165161404
28.73790002558134,77.08778708305553,78.80336252059891,56.272738631893816,24.273072089592787,10.509950303133378
28.677583992333734,76.87135161654946,48.00442523974607,47.350775338268235,28.183504549430936,24.040883206806836
28.451158344676685,77.13355548603471,52.273399252791606,36.57423803960677,14.610601716393623,17.925376842949234
28.69910496877292,76.97505801359183,53.01861915481378,49.514186615856296,30.121527022892614,15.72159855072492
28.87868400539384,77.24273282633511,86.33286962709802,68.67610050790297,32.248502525122035,1.0
28.471703233999122,76.99600776526079,84.04303629118037,64.5074832114197,39.47018937386956,1.0
28.652814015652535,77.0693664588036,78.2773826867693,72.001061524522,36.063027371797254,20.858800472303052
28.824730431817095,76.8447199424448,84.62166201274412,65.30225592254585,27.312953708268036,3.2156598748440466
28.75932177393897,76.87552345731032,59.19925922957715,50.340992043566985,28.363796864999003,17.530813856562606
28.7383721133703,77.03760062710288,60.821611285995765,37.280414463289276,24.70324841874692,20.42767607033741
28.740990453878133,77.0818844288426,86.89034114464832,88.92444728035615,40.07060825427938,2.0428581615144186
28.576759298095627,77.1426958859231,76.69783196689872,64.22959911474884,39.79054315741216,3.7058745279383354
28.545205530327852,76.986538075621,49.049650843986704,52.79414868624433,32.24806788910518,15.956587233042955
28.792165108807797,77.19078595032111,47.15653116320517,29.308105470184046,21.745254508879846,7.908948274437342
28.792525294402157,77.27441596205409,65.82325763281683,49.77821736703271,31.98176540925654,1.0
28.819798246730656,77.2337651321977,47.14442243502565,47.861991812414644,19.842418527556667,7.693659541055689
28.84190442356993,76.85889875856208,59.53047968462252,38.24512798233403,20.205688868190112,7.012092676411858
28.649468393603556,77.08217213086155,57.01725683739721,56.447209849030926,31.94875773907946,20.09205152454652
28.644763479037906,76.89197355764306,87.31394960761642,59.70356475423462,28.04446854364738,5.888045308222337
28.786866521172996,76.96141088341156,92.05187986549028,67.21955736704952,29.34326214939309,2.810857207819675
28.715842864410757,77.33849810649335,74.21974234579073,61.955553688844404,36.49716356100349,10.109916028739686
28.740742806038092,76.91099730809822,78.38155761453868,51.91132152063741,30.137304356995983,7.679679646570465
28.78566827481479,77.09148069167283,59.44893594985531,34.1378712750331,10.239814860439356,11.420472666206923
28.83077898875787,77.1518798579529,54.8209582840606,42.30110968203013,24.9815348868856,18.605781646035098
28.566466631213824,77.19457551372753,69.78906977750383,71.73707654818156,39.263194724387176,8.37830161953656
28.584464340658858,77.12225087524,73.92531693840434,62.52277842601526,30.3544621974612,5.3506332291951155
28.449628735072533,76.84378322616874,58.60081713464458,30.007210236608564,6.0341426289648314,5.642517344045181
28.681519382723494,77.00416075427539,59.20277521574085,52.47085006407586,38.458338794950464,9.527755746464425
28.421838304060582,77.10101323262145,59.99687170920445,38.35211941826165,21.70588747641015,8.359577475205601
28.62756516528635,76.88333221525738,80.9931872119067,67.34451727627135,24.442017385915396,10.300560406849499
28.66445646443695,77.01639864381023,57.030114866657954,47.01469587986054,15.622365528975283,8.876843320248403
28.541829580607438,76.85564972870573,74.79438016175075,61.561006047442504,36.79289176198629,9.147420875027152
28.687530041075807,76.8786286103673,83.51382639656616,72.5086646892394,37.23174100238615,4.451626074833623
28.419232565625293,77.03984391384117,82.12352832346221,57.56351916510741,28.274868301232704,2.8990778617466533
28.422511481305705,76.90604465382995,62.84932018755985,70.74807810724346,31.999368959668967,9.129823998406891
28.798504372993882,77.12624760401633,67.61588175781411,48.19703156632728,22.926841227953325,13.752459062697525
28.577094226520195,77.18799208811508,77.84897341002073,66.46123628689631,24.350559373206146,11.965012914798061
28.4654673478409,77.24426605457874,59.05422883311893,52.98025336652068,18.88214247009699,21.017426037606054
28.654687921068597,76.9401946462848,49.51724439591747,26.85075135135062,6.983837588357622,16.608404091934027
28.773315196108214,76.92365117710466,74.14229901701484,60.636567118586086,27.355735733228393,8.932199668976784
28.50796747116188,76.89179006336897,64.49189085874335,39.04215896726073,18.882806076039415,7.849394558140448
28.702879609561656,77.16113438861221,63.15222284957565,52.41289044569993,22.568083448568842,11.101659115240714
28.44549439395864,77.19660662992304,82.19416602921855,75.99063926522828,38.87175352728376,1.0
28.42937463319834,76.85483087018001,56.45360390700869,53.37255196929096,18.49825139736212,13.661920141232914
28.659050608842737,77.31294917796967,75.05000086048854,38.98353126998759,25.25971735157842,14.416746728167656
28.663494273595596,76.86515425714431,68.6490268435537,59.99343075317585,25.41709174027579,15.076765916374953
28.70984134683258,77.11295692862306,71.26962846065119,51.66253564284436,28.388765698231488,18.294881662105787
28.752294027621286,77.19791561379694,61.08901916778664,35.74939055895149,20.38826973834203,9.931826981756725
28.871883943398885,77.27990893203086,53.25446030916212,41.99352852877586,23.49796661157078,11.35566037505553
28.651842348542846,77.2004610761358,77.10471941027355,64.51323737329369,33.95523798352063,8.278597302002217
28.559265840165136,77.24484407116239,88.26059419529017,48.44028696269149,26.733867518799816,1.0
28.785377883888142,77.01073854999201,40.13085762817197,29.26783916575605,21.47441199169709,12.11703756908278
28.53430782980158,77.2514766340757,72.72209885336076,76.75470251806594,37.86019513758155,1.98810683135856
28.61481587382229,76.87940664419604,68.5272785725424,48.58083573477683,16.18344708677757,11.610562532669011
28.442194819755905,77.29198573495721,60.39316670104711,62.979941953623715,25.932069729244102,11.702922096153554
28.41676688972563,77.11614535263236,64.71870377625338,52.970532266987554,26.4765835171153,9.444948959370677
28.865561792354413,77.25272882996043,76.20617592373394,62.195722755548964,30.53222111519578,1.0
28.804910745745403,77.06789690438639,83.51335283526302,41.702332254195895,20.660465699889702,5.195008103935256
28.737873407815954,77.16475397874164,84.43716942504079,76.58991108764579,36.807544539453644,11.228767865357497
28.600442490043257,77.10541451426408,51.94452034203265,33.65548825281536,13.680983627974255,10.670565811945595
28.48760492241825,77.20932469031563,81.79035189616069,53.203331321372914,26.95793441024092,1.0
28.47953335625398,76.88017393509898,82.49601078284968,77.82246589688846,38.374458994874146,10.248291928534652
28.524449278989085,76.86939843942388,57.20115276367306,55.83225557567005,29.596852602966166,11.702272871131044
28.66760805821859,76.96397245258869,74.15822595715214,70.83265627165241,29.753009368027968,11.548424726380663
28.746789819055806,76.91963128613229,47.73693443860265,34.03740987182941,17.188841991275865,16.23578267761947
28.720742821505493,77.280321379978,51.3664717572336,51.637298527980995,25.342100658743746,16.674705989154006
28.538665860674474,76.9498488556001,72.21158365787619,61.28406592982297,20.750906718037434,8.571199412938993
28.861835088470063,77.33303014801574,64.9364657375267,37.768573370332,14.717811893953549,7.327675450256252
28.757946752068744,77.00944495725008,55.598951393845944,47.147345078030774,21.878061142665192,15.170620158190996
28.67006314328,76.9310627631447,46.59823397244373,29.991806508497074,13.535860526683408,13.75036190666966
28.697531343098365,77.23875208580112,75.69021790146543,56.24091862542136,30.16072354689446,10.046922490928686
28.605540520731545,77.17241611315816,72.77756961707243,70.51979793887732,46.36331795235423,8.210869806215246
28.523246532157867,77.09113002959776,66.05238277639964,55.96568832578543,33.94651998997479,3.89494438753567
28.575074590449173,77.12008080998424,58.8127941261594,42.78754973416327,23.40336964295125,8.746345126526533
28.767498783135718,77.20305132270784,54.79102997788916,44.561564962466484,22.646767436241714,12.811476062641951
28.411520359999376,76.9545285332772,67.25580995396945,50.46328347857713,18.508396601941442,10.8812589167517
28.460206157974977,77.34339583166789,62.3379009454064,48.353176420552835,26.843384433803664,15.495972238970104
28.42665538844731,77.33248722123284,75.17665496809896,74.20913253235956,38.91164388503968,10.488147986106872
28.424130179595885,77.16817127820046,85.11231354062751,82.6160182873638,36.726404548314804,1.0
28.814238340368924,76.93988684923492,42.1583910446866,30.69709906700627,15.468025018434632,16.031627637017348
28.74155247854684,77.1833144499158,47.354516564290876,16.557656989884336,13.342015543162526,15.002875808851135
28.631671417078554,76.87539762333952,65.45771749502218,46.748349047717596,15.607035531524835,19.092041432169133
28.451473247351178,76.8543580574053,70.13443238441539,66.80526045737082,27.404142586858868,1.0
28.640022980930105,76.96933017265604,78.62237274948514,46.175400453914925,23.07394902178655,6.518589166976257
28.631335258994433,77.07311536866995,46.2559832774742,23.524315502577693,8.188754366336688,18.729604541826813
28.48756065562639,77.27854331785315,78.88204144443618,70.50970437932132,35.42435611028796,1.1261498394665006
28.612364435599662,77.20708609695457,67.59615086103292,57.36798847592764,34.94820741010124,7.480031660189377
28.595439700064208,77.2149545311585,76.5152951727759,61.49236529180961,29.684037996352473,14.56648286231685
28.699508550664156,77.0543122855992,41.372378919595754,41.33070229245366,21.794158761785603,17.676352583789562
28.70872270821178,77.01402256490115,43.47903447539648,29.611856775829565,12.178984039730054,22.10570235303271
28.426320870820632,77.026735548546,47.85105373445519,30.683811812761284,6.486563140940186,18.002395781754473
28.583999725448958,77.3389979254134,67.7585353076862,63.366931444059865,28.072121303760497,8.112504364454118
28.704301430536468,76.85914708842029,41.61371865486899,21.568637389528792,13.106168012497267,14.763124744996865
28.645539146747176,77.2779148492813,81.82309026854936,60.780250386516826,26.366502331166508,5.87846807933514
28.814731167129125,77.13188633798563,48.03242574740739,36.01928885262379,18.049045349785533,13.962217015035268
28.720022801435157,77.06095753632437,50.84169808027431,31.76446234479887,11.621223015791516,7.4336590403621035
28.482644420212836,77.20611812619175,64.31789214344118,56.59045835706391,28.468797922294765,1.0
28.438418079435905,77.08529267131016,53.79655735839171,31.081008178161248,14.437290338501764,10.149792724651475
28.712230349710264,77.28115173798658,66.07606606456876,51.623563388906646,23.823383226380304,4.257027389516574
28.417322590039788,77.29496610607755,53.62093496758871,37.24163509189451,24.606749969059393,6.533384050864781
28.68510833369664,77.05240187314075,82.58242494299037,70.87502088188126,34.424889305616475,2.583787283787995
28.854827569715592,76.97902548564072,73.39086222350508,47.86897769423284,21.719014477336067,13.891548311255947
28.680175837354756,77.13881155406037,83.90951416092341,53.41018003610367,34.7489942967237,8.968294202646092
28.590491208909363,77.30087168210618,77.04099123043672,60.182027027313055,28.45130391231973,10.893107449809914
28.71264641384931,76.94551807696834,55.56476141863962,42.93881693258648,14.490462455330812,16.287317783200116
28.62404818669408,77.15431615523845,66.35629527844635,50.44465860281307,19.915861642849126,9.865786535821071
28.665879585265,77.15866812144667,73.7366030463792,75.52545512202622,38.46216372520875,12.859610160641886
28.855418702662277,77.21009621740639,62.014067999329114,55.56827690121844,34.41398830298467,8.13173717935225
28.589501354216228,76.90546325186939,75.66819863237419,62.96460612644335,23.81880026377202,6.31813715334806
28.864863747269982,77.20134124588691,56.52589092541118,44.2035124847985,19.222347680107646,1.0
28.838126593145056,77.29918489472769,73.87961292538449,64.92940352839565,28.464999230688157,1.0
28.49837679999843,76.92982973484968,51.73814529031394,47.104600109438955,27.476207974790423,17.58616565598527
28.437839932426314,76.95913114924097,59.41979339238327,38.11025465598785,27.12902128154318,10.563921209824729
28.452882810985738,77.33076638075782,71.69170602228255,73.56563361508832,33.510807331701585,3.839167103513301
28.413353436292642,76.93048495975337,54.417361979706264,49.01708585931,29.256515786477443,13.377715499725651
28.449849480138937,77.27151049214447,58.43851093731863,45.28522339293812,26.406023272899347,6.531119710112219
28.731664368932996,77.0881331229122,54.664947665700495,59.012271726438726,33.94365570028966,17.40474897184724
28.438714899159567,76.96403719317536,43.1070423246716,36.45126933616193,23.26565468954726,14.319864379274351
28.557359741448437,77.2797979139777,58.724251044313746,56.11413815562507,30.745218592561933,14.523655925758758
28.80916992216024,77.06434538491426,78.64514537119334,81.29712337657102,34.81089061172203,9.009221677304135
28.415771519397964,77.09954751437022,81.48373108519493,67.05114656559641,29.867414588255564,15.007084100220434
28.794610588449423,77.02075709300134,38.39040482417382,32.64552710688372,14.487411523533497,14.958767697757942
28.539585611361975,77.13911566921638,61.34116383022128,38.05023365961847,20.762924898826995,12.0311393480056
28.461207934615665,76.92164641804005,49.304394989677085,43.23901903786397,27.200741471522612,22.748919460192642
28.738238726371616,77.03688555587104,61.79761858382653,28.617107835171353,17.07429969948172,8.71971293401818
28.705777593115165,77.32976227086377,73.11608863799076,77.81746588488814,41.12635163475614,1.0
28.824777806825796,76.96955833602824,60.27209322056016,48.50225038827972,13.862066094858875,10.316883011148745
28.756593673544984,77.17141790846802,47.5843957261332,55.114026640187916,39.51084414393258,17.61014175087242
28.78934955177692,77.0035169743115,72.48352730560798,64.32009010519877,32.27319931598373,1.227126539036174
28.539671701765993,77.23053527193278,59.95283607443742,45.836482579664256,20.313922964077847,4.110395091121566
28.489589729729566,76.90511178590211,73.37582306562766,66.53655510048819,29.875062243773577,6.396065441598601
28.764036279089698,77.32996925513186,71.22416753344257,67.14026924322373,28.24902706993433,13.608805852354223
28.790955415503,77.06864197431574,55.4268954238195,53.908548202912186,29.539006680197947,12.26436505809353
28.878900092031966,76.95837513831167,86.63034207060167,91.34656334943774,41.821366981138254,1.0
28.602197229561607,76.87605512434165,50.27798813552158,44.1554610084705,18.387445085928295,15.82285937235378
28.58275741860132,76.92480343994809,58.52596253909703,36.71854601015907,15.853042313912143,19.575176139893223
28.776388923395267,77.10205761963807,44.9558066322583,39.14985535379539,14.616444359696143,13.34885663589855
28.567811335456515,77.00949933869975,44.002594735515785,29.44262767417535,13.905181695933141,24.898344604258508
28.850291768055115,77.25859597616518,73.5334662499175,38.752204392483904,17.43436750473616,6.4118645696831855
28.815651891170692,77.0570439963365,74.40291736313108,60.01904445350751,29.71569866537011,5.154040539223996
28.61003851930025,76.96478831039529,56.485038828214144,45.98604590315865,28.69080063170667,11.1176785287717
28.764159007850683,77.15136799782455,79.79431535117388,68.00940358827827,36.797956369208194,5.190952345901735
28.76591713442919,77.19675930987664,76.37523685687648,55.20124192087228,26.93977418221428,7.4488237698585005
28.454006054315897,76.92342801198605,75.08164630731154,55.133868488307755,32.841229590208314,6.541076955903284
28.836786987415206,76.92372037094084,82.84837510130724,58.50498523258673,37.046438538777835,1.0
28.6465523799455,76.85740614501483,66.04646228680346,49.63157400418092,18.45868311646478,9.694096400202772
28.80035112836103,77.21176182018411,75.08090431783408,62.14075696827352,32.60876175114233,1.9981317604219635
28.557873977861316,77.17499719660601,58.82291186815126,20.85161989771048,9.01679804542162,12.845618179678027
28.83342105166977,77.07919638659386,74.22111422445955,59.41918996950916,32.80402647487035,15.92546439401684
28.590985230487966,77.26633761950677,41.139385368432556,27.762022988474612,10.05196159394375,17.48557539031368
28.409817761522728,77.24684040354755,65.28376701595974,47.452906550839785,20.47731884793271,10.83571104614056
28.83814159664692,77.13526867676102,51.834555491565304,40.48777992604533,15.487542997331154,11.430182774251481
28.448338194876715,77.27854269754508,71.42639102909494,55.534801628021015,25.34653105776682,3.740851092505248
28.557521585392404,76.94307664981555,40.709038916155805,31.955346755134432,15.483216215582589,22.665680052344026
28.859535175933136,76.89551313147243,57.772626507845985,41.12596758028545,16.33118519070786,9.743673780557355
28.859796217821632,76.97544096994048,82.16786025056689,54.65487149130356,20.783544185267136,15.021584564372585
28.679200825371627,76.86774487152624,85.1164134719684,70.72863889712258,41.784798418301875,1.0
28.707163467073,77.10782853821256,63.97142172011043,58.5231186591183,32.64746776318439,11.721219885954065
28.619352243098064,77.31314842585665,47.705592960012595,27.262390300015777,8.70349714640324,10.83960351382285
28.545023065961846,76.85875934963778,64.35629875475857,52.978601018464715,25.463158596453308,4.827327578408564
28.56199896741848,76.90067367295619,62.908259459357026,44.94612998258424,26.46228389077095,1.8308383038926053
28.72664237485005,77.06783651096592,46.94154791965276,37.80087371668024,17.204252022042013,7.704768855938566
28.764878892198837,77.31176556491394,58.66026370959169,28.8895830420497,2.4850104994597313,16.625792766030994
28.78365071540082,76.99894202106084,90.12655174572784,71.69573524075992,37.068922133113716,1.0
28.782711800934788,77.09570758228199,49.10276349600858,52.837940153910345,23.364681877929844,17.791587233112512
28.44829961472896,76.85988831503357,68.70288172941564,70.06341218283661,36.80886571188705,16.220330431003973
28.64136579201505,76.91395866330458,70.91693249912424,41.30236371987069,21.47265568678819,19.70603596102672
28.432188664597774,77.3384816629675,72.02078308660874,59.60457235267553,37.96014486461154,11.503494128778428
28.6677527654236,77.32758790442867,74.6040525263627,56.815299663707464,32.20522426928427,6.159991080798505
28.61604120745355,76.84133679180685,56.06266795271223,47.56120471114012,28.478499417345954,8.680928450865082
28.829677152609545,77.32084905448222,75.3821615248187,49.50836600709648,14.645189803738502,6.8789479490467285
28.57265288938866,77.16249649328469,70.05886306573429,34.81026027933914,18.85339863071836,9.211698304702539
28.460682282965134,77.27836393933144,70.83376626683459,58.69937255932798,27.061520032975917,9.678313022043318
28.473095476918008,77.0691232298925,60.135956538708044,60.15972176546673,27.86774593651551,10.253340135037533
28.769253421506633,77.09994184868383,52.86339980509057,27.019041278175987,8.234073798204518,14.77231873964317
28.70064237481916,77.08639546528795,81.09158146866599,57.688459977333885,25.917895984219243,1.0
28.453047847423495,77.176546696773,65.72591197015697,59.90028460122404,28.96553326062757,7.959321018374817
28.44490034427969,76.9095569113753,74.25008063943031,60.45660276180487,37.20142832195832,2.498903996567355
28.740265067490082,76.85401424445463,71.83753128020902,56.3973773660578,34.300103165117484,3.0653449785822255
28.43946872990499,76.99477614960976,51.834701267198966,23.587106063378844,16.45322574327097,19.93285096367079
28.798149807683284,77.19569762922704,49.26882237570081,41.409297760428316,23.069840291015232,11.991492927112784
28.742789920098396,76.94105718021979,66.22749362846487,34.943103642684946,18.3225620688093,14.908370922081819
28.443579752314516,77.17987293461684,59.19962768887572,31.537934517639307,11.066972676397889,9.436307158437982
28.445250316099074,77.33001533962712,58.939756126550904,46.07185839960204,20.021104699040222,13.907615082513104
28.877049191034818,76.88638804695815,55.32262947338648,36.01198107436157,19.38899436473669,19.380614412111452
28.583836056455276,77.17945244868585,59.344211496760074,44.23604418788588,21.493123442371864,8.17193945045128
28.58209859451006,77.06355788793464,77.70015704898215,68.62018751033123,22.451796950871156,16.90030114994476
28.793811481915146,77.27847735647778,82.14486795850169,76.7963229506337,36.366949230969205,2.2723852268381366
28.85818807460093,76.92854681806752,71.68014219619857,65.5433662833112,34.39338419172994,5.8323298500559115
28.876743458777433,77.18959286463631,75.0205063988052,58.370795422817416,33.00206846607809,10.050481301170219
28.7653594605715,77.26327118207232,48.438505208196744,49.47010281867537,20.338637497277745,17.21142403684588
28.584788324598783,77.31720408256764,56.005118073099176,44.087625600362855,27.452421272156897,10.91653227138287
28.444610137818152,77.18484372171677,51.409032054357226,16.14661546855639,9.07560589134684,17.621817164965993
28.77674035427585,77.09061300161729,71.64251009820099,59.61501981325942,18.852139543806388,6.831749576543531
28.672002450209575,77.15172363119515,52.942588416764636,31.02622122073426,17.264961692298822,9.895603289055256
28.60775359160142,77.27886361619626,82.0092938068232,75.28054737584071,33.62696673675178,5.0111246406132945
28.838607203326852,77.12780174724652,63.773222385795215,48.293130695018085,22.443571812959735,13.368748449830855
28.45787184496312,76.85422363272662,61.55512430252269,61.03358343438483,33.500584948701665,1.4151928191823568
28.640506217923832,77.31028362481717,78.14412548339624,57.53957540362485,34.518147796206165,8.039647047632654
28.410064828344883,77.18802337553518,80.82176270858166,74.58670785982062,42.76671211181169,1.0
28.62903160441228,77.18143318223918,79.39383886176847,82.0086925032786,45.2198729132555,11.996041229144387
28.4315875162251,76.94805672835435,78.0448368486339,54.388276012719736,21.462136472770947,8.915415537863943
28.461520645149854,77.17250610084446,86.5334343824867,74.66895102939284,41.56348987751106,6.610282447377869
28.460902170676697,77.03829484887748,86.48950410396598,55.50797236263257,28.75141267853085,3.64840773759099
28.71548201351758,77.16863074590432,78.66402616839746,68.46511076546224,34.062929253091575,1.0
28.761848142395625,76.89281565460739,48.357873043524414,54.90804762351807,21.271422130025677,18.870188075341602
28.683955907029414,77.17197934297475,74.02913243814136,69.9917873970899,24.147506609916437,1.8203132630961463
28.865333939098228,77.34495550058773,49.96624234811017,20.41604480527819,11.779436178004277,14.07294241901264
28.584123243659324,76.86325051054726,77.23748928785002,64.44616136200536,35.51189656175455,6.481091782433647
28.5414325611581,77.33369301200307,54.801955093622425,41.07666651903042,27.33124760760435,11.788519694234768
28.82052931050151,77.04490033081778,76.21923780997574,71.71872029568303,38.34136073651122,17.50955385374999
28.511690189848625,77.27979971128548,62.519817085022204,48.91049769794095,30.54373956992755,12.517053723847937
28.865836693567623,77.23504864439599,49.040620323882955,32.85662083834673,17.511726013994796,13.771063565449444
28.410448280046584,77.12598194394496,39.90859514917897,12.593975402687445,11.64270902102329,14.160233995908008
28.869023843058617,77.2127985547362,49.3529381343817,45.325492171858464,22.160367483070708,14.907165044677779
28.425294238404362,77.28373057856221,68.89962592046014,63.848884209700984,39.173709703717236,2.1995003800560795
28.831323774300373,77.04349875051165,73.12205681630859,75.68805158146509,33.36236249777224,9.159894641109606
28.657301236880375,77.00445035068932,80.10533400839887,55.65025172214873,28.936304044226986,6.357199397435743
28.88007781845177,77.17691593981498,45.31802051107844,33.26259868458841,20.675895689257803,13.482317387424278
28.43996361615382,77.24794226073385,69.51042206936178,56.650617046773505,22.390902375416395,7.654842019572247
28.669823845363045,77.22486947978372,46.589219964718026,27.426035466954744,13.683244187413726,19.943247907138336
28.868747904569812,77.24286173395814,47.30872518189145,43.320006893282894,28.480413133966536,8.913365922506435
28.655097111240078,77.05942202621262,81.3881269511141,66.69139381412312,31.9579756254838,12.039931109745163
28.705995834174786,77.25300049560298,61.63091066672463,34.534579905235425,11.44800136381859,20.66883822327454
28.73776542618737,76.89971104525634,76.81714436020175,66.34626083892468,36.604898194535004,2.7603933218107946
28.62227089809587,77.11457379886878,70.32725925807155,66.62696324150158,30.495068309092566,10.978185118144903
28.705114542033883,76.84175138530107,89.59227297346928,43.298753964801634,21.566325270771273,2.593224320470727
28.684408651774966,77.00321097959636,59.41021900003255,41.80135879843306,14.120497173492856,14.249906052693316
28.836119086151474,77.02441756104344,67.19587061314596,48.363646345884064,26.113736442182336,14.03005992378916
28.426389040397698,77.0394638048185,59.31156453003368,60.59739807246976,30.263080975193194,13.09740106483707
28.539158704417854,77.19103172505042,64.0250023338059,65.11024549667233,35.74174616345153,18.873999513467815
28.859702530941423,77.03560764453846,66.30880563154261,51.31967625356405,27.495317335451325,9.439369343898372
28.830902735448703,77.06606131289573,61.7277493518567,39.97197247482158,21.216404313992832,7.470275058745272
28.622805109489676,76.95913155738822,65.06513443875966,40.46797582527983,21.222234427137447,12.483918853800636
28.701559088200877,77.02785626453709,71.03972466616874,40.518428628764255,22.660516821411754,3.4125442227471314
28.537443575534542,76.9539283710106,79.74096913024192,79.43177675318887,33.84551771854956,2.1343496051706112
28.494704278644498,76.87590278208582,40.2845223191855,38.8813072056767,15.459969586905872,13.164325816913713
28.626655596486714,77.144431907349,61.726754781361954,36.90847737478803,16.983746318365846,12.836156144761187
28.57381987178376,77.17722962126967,78.57265010222369,58.16681153967487,24.119075764409708,1.0
28.6840934937986,77.15255572840226,53.4112704478128,48.61147081776654,23.8442084398794,21.75815580805753
28.441849235628837,77.07355650222758,45.974978976937614,42.70528625472771,23.400823720783823,17.992370103253347
28.87118617557762,77.03116518937676,73.49737103656538,47.02178675113458,32.87641549869119,12.841148025515885
28.87684385762916,77.27604219581532,87.14894460576127,70.8371472666429,40.454359636304794,6.445290500228879
28.738920825767334,77.10170709610786,79.72995527858906,63.76490789298368,32.05678836038757,16.06526450986754
28.661321036330524,77.08150109267818,48.97555966012593,43.91452188522541,23.411997764310133,20.09653025750356
28.552835863222228,76.85182068573212,79.00437166255897,56.69246835990647,32.18790414140481,3.1766970999644144
28.79428812236654,77.0116489034973,60.16307025774831,45.279513635778514,23.33298273643968,6.520447426768458
28.732490042106786,77.03137273873736,65.71051048446024,48.86615246890465,26.391958846187038,6.982543043527656
28.48249240140155,77.04080585588031,76.90719622051905,68.74479183079666,28.02240292842895,10.272041786575377
28.840796741532255,77.13264442475871,57.53040093687612,56.256330482980765,27.128250748706485,7.5950451652075
28.798474055328263,77.10906066098656,77.97019120808633,52.628087207240654,29.541982164491294,6.7058488260642255
28.85940969990262,77.14668875574871,46.82593918855635,29.281480414990416,20.68415026167172,15.783394336444825
28.75211599099555,77.22618521612536,65.36398028442787,49.235078086004265,28.272333924883213,7.137506777829723
28.698342675946066,77.25054514273911,60.70736021798892,43.35994639758661,12.220453692525187,9.859368614350664
28.6048907523263,77.20250504933031,72.56997010294819,65.44778102937423,35.2589918753639,7.942032143745363
28.851235593669752,77.32272883019152,77.32071453913444,59.28105591985452,32.951778888405954,2.1522571489874434
28.81931539283642,76.848068395291,87.15336869628338,50.58209425115203,28.588303331144072,1.0
28.42628000866104,76.9379804589093,80.44277599077283,73.02615141180766,31.81456271464307,11.654933161144712
28.41725347935813,76.84266507072667,44.45989696513125,35.426927913038284,17.400222845910033,17.868232152494272
28.584885898755477,77.16672749656045,53.040166552642226,55.2534906457151,25.734985909858715,14.814540310836023
28.792735943682963,77.29361330591678,82.68435472377728,72.34487162605052,26.61585135471274,5.659589815513867
28.87735398295871,76.96213874722997,79.5093759543235,79.62048408123468,38.817819748042034,1.7377041059872775
28.47665079992272,77.30830143118249,36.72778105302133,24.087555207346984,9.234567106914998,21.37847045124071
28.68910892145041,76.86935554906849,64.67072348897388,57.90418972290891,25.769568048206807,10.883415057661717
28.587005860101268,77.31204966971758,86.08776016303547,78.35833909514459,39.83261966989421,3.4660431842546195
28.869040875141355,77.01690291189064,71.3066840497484,49.94004644653665,12.102402004777625,7.072493756636346
28.8078501143261,76.89019636210702,46.26115245338384,31.787606262507154,31.278104982156094,22.922233764886414
28.80603528989951,77.08488896443339,66.52881050946056,36.38960146184013,16.61878610010267,8.850592171942543
28.629047174517392,76.96887119612829,42.76451687704959,43.889873741891705,26.913847943598046,24.040216862942373
28.603251502988368,76.98309966585472,51.18191648464164,34.68261896583713,15.21769840222496,17.145258515906757
28.53554070002701,76.99445205435507,82.4946045540446,72.35536115035306,32.067300516036894,1.0
28.431622096917856,77.2455013070105,67.1606200202559,44.06116683476023,28.075244115892964,6.544350274282539
28.818673052281454,77.11187569799844,47.578698186366886,34.33027608968037,20.387730503066642,20.36761900081156
28.793860054099547,76.9964867044758,72.25638163729369,60.83947717233319,37.080119549750464,1.0
28.88331121691575,77.14791868664311,53.78868725825441,39.27461314894818,26.392877024407664,20.327120270114712
28.88183605739037,77.2015061908333,50.710166449054434,31.57800760540054,20.11522855441998,18.83673413204621
28.670579142870068,76.97689661036668,58.17401070013654,48.92475809784663,18.00957193919222,11.831502213138073
28.77283343926316,77.04826351941189,81.69608191189504,74.30363695389735,41.99955881139416,7.847937880570134
28.856999242774272,76.90056032629525,75.769592669323,72.91557781984524,41.37120462377233,1.0
28.811454879344637,76.9305722644881,81.50737859717846,77.19927068702528,32.304307213858905,9.482869269050923
28.523063198645666,77.18376496458674,71.11002526095243,69.41934845644438,38.65927283912645,13.514837550478807
28.620357096726497,76.93071861815648,78.46275783962908,62.07267197941529,25.364933723976478,5.702503856008738
28.466472339928067,77.10478692281553,65.65572194364799,50.16746510635171,20.386416343245944,15.899508004726083
28.861445209364863,77.19790839343658,50.739551578215924,53.67880805179557,16.47794059503559,10.018533825389136
28.69487576550104,76.89295942282594,71.74827442159057,35.19440944792119,11.607372577874287,12.910916555754266
28.51410676798128,77.12613182252147,82.61074984811745,75.796648403866,38.318856641375454,3.5407387792676728
28.726250811135777,76.96876293220252,63.65324092581597,56.590310002494576,25.008292231273664,10.659202567962957
28.700599366026747,77.32647792825526,74.57461779063945,60.21232019130174,26.571636199962885,10.235127290657429
28.576123220506776,77.08371098083866,80.41870345759673,51.59264157530944,31.038734042907684,8.313263068142673
28.459001907826085,77.24700367087726,68.11141337741522,57.33738348816854,25.891467779759264,9.67590469768655
28.726189767210034,77.11747933986712,51.36242815742016,61.511721631283436,31.532485811638725,16.582007878386637
28.653761140700585,76.8608199576745,69.29814870052306,38.680601126053446,10.20937131594317,14.44731410210834
28.774428370462235,77.15947391011962,71.57991940117532,69.80731912851365,38.558662698184236,11.218198965729666
28.653692095259093,77.32064221177127,43.91347982639359,35.42945309369313,16.428761323814406,8.758876788819492
28.812668256401373,77.1435017336066,62.05812619741288,32.72379264149702,15.50996749380753,7.318444189093313
28.66889137353764,77.253686510381,54.72026327622027,25.761180655895455,9.55956860821657,4.0525594071303885
28.673215641560834,77.28661254981145,52.315856068883114,39.13953507442352,13.486863516533212,8.69759244220993
28.824385937052305,76.954338642295,68.82603188387647,51.16539756126964,19.230801424592798,7.157520573117044
28.5978233186858,76.94621827530526,67.70504741947254,70.23982099957314,35.01710771303404,11.134404139751869
28.468797390254757,77.14824644272525,78.05500207679226,71.33941397312407,43.61117774683675,9.839874597555765
28.418410160628735,77.04698702790265,48.97405856109613,53.95996583244135,22.01203533825049,15.987405267762902
28.766201734973407,77.26415539337225,79.68755475120454,59.50900564512265,32.21408051331826,6.299358917848022
28.70164381672901,77.2946223800888,56.11504354856236,37.834300007896246,11.957358099189467,21.68599732572688
28.741754495993757,77.01781380066876,84.1551301366117,68.62242327216968,38.343038759373385,1.75090586809067
28.50659955258896,76.95879044892534,87.17374013313176,74.7558425581933,38.61954699167606,4.238466636240554
28.46992560356036,77.23410672401091,56.58993715676325,35.022669059552925,18.744941473269495,8.04653538401848
28.4115927462713,76.97800163054599,65.08680010855706,38.02704442422976,18.342621158730257,13.070753695622322
28.572496098673902,77.25542122212305,63.890598042645735,34.54555323852068,15.646962957152217,6.147235361012616
28.687091647992595,77.05342348231952,81.81846602814176,65.31206929301952,33.4040244341037,5.943596065097086
28.59244196996216,77.17689391761446,53.305504327683494,46.905434771980765,23.655787820818045,21.17127929282143
28.614099323466068,76.8872158356868,71.60849405377135,50.69640249413063,22.477697870647322,11.19952128332531
28.837555867364237,77.15476825478254,79.46243922491236,74.15017526108801,38.03324744088095,12.15393136813223
28.571379451383617,77.06761806809338,48.234626918322505,36.47385923647832,21.969986441249944,17.1575010084386
28.650735867821574,77.13590377407847,65.97409314078293,35.231387091402475,18.213990068295907,6.020431977132459
28.779855589889387,76.92392040144779,65.85594266708206,31.938353758201966,15.509392966079654,10.323343611351184
28.59450028229123,77.21200071235553,49.40834766449176,33.98972660023868,11.2506062504729,16.45789509398258
28.702494747421042,77.27577046645733,63.72925750229726,32.453221172862115,15.60217615968072,10.959711729099615
28.81754368005833,76.94859588436451,83.42268486385072,69.00320141223345,30.56422418167795,1.0
28.85927597102644,76.88730660677722,60.05358369572981,50.18095489599448,20.50059692494356,20.639773050117554
28.47504991528413,76.8508060889214,64.60838067102598,66.07496833136301,28.586212065438236,3.0054123273585054
28.848295240845815,77.16394057393143,49.05366459751807,34.141323541512286,17.81794221907269,19.137651668838515
28.64026259000813,77.14627802260219,63.81387432232118,64.93310884639857,36.08832697952768,11.161620002982204
28.528280535692094,77.11569212766365,73.56742048098022,53.78384979208362,24.322421762797596,1.9350168657365554
28.624470918616918,76.95629712215789,62.50338937300569,24.535390380782697,18.871445829522152,12.095858444456349
28.873885639629783,77.03679665900029,86.50825729315221,74.2681823891289,31.85393719473111,2.762797186445428
28.64050286126767,77.13988820057888,61.484395925462806,46.49399569310267,19.265364619903746,12.393747445740104
28.562040655659484,77.09040643139295,71.427968393085,57.00932836068164,25.505554063741574,1.0
28.707912166922142,77.33906677612633,46.97042513797574,45.733991760280524,20.132065462863068,12.533434563804825
28.519614520877575,76.90793055110245,65.75323942641594,45.21561655783713,14.472783674584822,20.38697932492262
28.440953219452002,77.1908683281705,66.78331289499765,65.12073263756274,29.268316643189664,12.277276062136337
28.466338417797843,77.04358911888271,72.41222284597832,65.17114386992763,39.03936405557596,21.21587801385993
28.465939139713498,77.05568279285167,64.07280111162962,40.32716528330248,23.2127280299687,1.0
28.4773622287119,77.20223902297064,86.48321162962347,75.18234471615233,45.68511055638051,6.134169658389674
28.471101435270928,77.18949674617608,61.24672663021105,31.748212344750744,12.439424082654117,18.589256452356942
28.71149079946971,77.34082428393948,72.72937745610776,65.7717461265223,36.36748737366277,9.575185825094977
28.491715940063823,76.90385618940077,81.75724627726201,67.98154673070157,29.883349082232407,4.623727689205606
28.570140182699838,76.89155802754507,65.67691600683646,64.8787755888311,28.41391188926301,11.239304003039576
28.834026843175536,77.20565280805553,70.0746199715303,69.77444379863346,29.964944416996243,6.7212613538932615
28.631569817271224,77.13174024086571,67.54494719282268,56.13898815647809,29.06146166412648,9.690604075227505
28.724267094487388,76.97767480452542,49.52886446270578,32.65000006317436,7.247291883960498,17.826219145906972
28.487138338857037,76.8790544424111,82.09171874936142,77.6064850587604,34.94453845639629,2.8826751411023657
28.49669992417903,76.88221391948335,79.94409903092816,60.90057893226384,26.726504689932735,4.364889974016665
28.424197125016622,77.29166882843205,41.58551176951783,27.655029451192206,12.180068224506172,25.898644833714975
28.48551763213658,76.93600003254228,48.52097005390703,2.9961499682505206,7.1804275259604475,10.881170111857717
28.53802254109557,77.00259605338333,50.747765248237144,52.22080817364639,23.412447983137536,19.250223205662984
28.489384288359375,76.9536178232435,65.43720399376502,49.42345699170997,21.26214860571036,10.577707088695053
28.447100860938235,77.01861137070938,86.6828527563649,66.31002147611191,30.7105801428375,11.939845815310948
28.46239111446506,76.8739925349991,70.56134112740975,70.86712619208689,33.625676538826475,6.308000610841498
28.625257622074017,77.10169595785034,60.505821626057454,25.91033275883833,15.998844325041249,9.06260064932161
28.503424777746254,76.87307527190045,79.90122844598373,62.40945989055268,31.328723118419376,1.608186451263288
28.57904742990033,77.24414948172884,54.94903476906465,28.833938162262967,7.763443424476852,2.6254509083071653
28.645673700454456,76.95719094149845,66.17928187192481,38.17878908132184,21.371906216499895,8.893413595329099
28.735201902015174,77.11230647576186,49.887722208218015,43.025086354552315,15.573716977688523,13.047067074777786
28.423451856243222,77.28452237530934,62.579848760233695,42.83256602801438,25.960345070757032,9.186187981423627
28.787400508443792,77.16845065986399,63.33968265280513,59.43348543917486,26.16958693294505,14.221072366234342
28.70527844590522,77.1087341432793,66.69108460818879,49.39076426374,9.339627192374863,13.882536434876583
28.443776187983794,77.00308332355155,53.7097363023106,42.766801524151965,17.52739926432953,5.017231028746174
28.822913582279696,77.00747302970576,68.62426788409313,62.83290754413509,33.509318202023316,11.210399352361408
28.845558688990604,77.17787487623669,62.25408097874664,43.470950815847544,17.482409143164034,8.618741377461511
28.43387372047399,77.34228447113335,72.73078724251424,56.80551727689659,38.39895712011581,13.88063939974828
28.537202474042783,77.17400191555771,87.5295493395253,84.01850374134368,38.865980345298986,2.353567103841242
28.790652103767826,77.12130627220931,57.56116280415879,43.359768296349024,21.618746222074886,20.66828942930345
28.762908633604155,77.20884915863898,70.41330002116673,57.57816101357273,36.3663045485476,10.784680838462526
28.49298046699408,77.07442327011756,65.75332090105688,39.697429447932606,22.947159332026864,1.0
28.504868703366505,76.86929222275556,45.728279151713416,44.03413196421891,22.68789806208867,18.4232265077896
28.582017174267154,77.1235919352955,79.54865609087719,51.55301963027833,18.720234789290664,5.451418648950139
28.636626778270898,77.32379311099095,49.641972592977645,55.70828747552002,31.369856448860027,17.77344481160327
28.70065995136912,76.92761154275082,57.6439772688884,46.73426285541069,24.844934436639075,14.151917072360495
28.581270954180155,77.1882655137962,71.17870876571611,55.52539147229751,28.4405128182223,12.28898058785785
28.62609840145597,76.94059139608976,55.950812172731624,45.86788408005027,25.142085282119712,11.126726509321122
28.762530964908237,77.11018750923611,50.41296979915923,33.71496141417447,20.624578024599387,11.803415141796759
28.42219307417335,76.88779372660368,71.32071063858635,62.47394498703098,30.13874741584672,5.38040705260664
28.52549982757322,77.06691073353835,54.08995156717613,68.28096623308372,28.862285667548875,12.004585732012133
28.74619305067911,77.22176929137815,51.38622955592548,62.46524465647269,28.682018630841966,18.23172788815337
28.833269558087025,77.014851332862,64.15381788423741,64.60362319725961,27.4379890148298,12.78696480584215
28.649628818311196,77.17555790025317,52.91408353011812,41.9710564665501,24.839372265450745,14.37012085749033
28.65941396157642,77.24166472142825,62.11260937851149,57.159895903856295,28.737405763238126,14.816585568129614
28.45594437740849,77.30837398796068,55.514549652074614,45.34094206279957,16.583070095220613,13.30270909507959
28.618857549916438,76.95766190955962,73.68870606064745,60.88475936775955,23.701494456742324,7.9717993641638865
28.659655181027734,77.04105558793118,57.50247695325237,58.1716701894151,27.176438372729102,20.27821251940472
28.520727717362323,76.91602120594756,71.15069503596571,72.32379582697143,33.39601168674937,7.3850329572241105
28.533546978432398,77.3414459154576,78.93610515418696,54.30395593674258,32.953718873206164,7.918118426524076
28.585278910681012,77.30828442727362,83.05546355428352,71.03431086016974,34.576143236220766,4.565426666686043
28.414238948770418,77.11227873203244,91.19396562568049,66.77344087707175,32.54178794776167,6.485050752136843
28.55884576969829,77.26525532744822,79.99958440327973,81.66478552590011,46.02542310899414,6.465916367514794
28.50587359066927,77.10265723226357,63.44483730147862,38.91744343066621,19.03442649038634,11.835554633943106
28.56144009442539,77.154629680437,74.71348373309311,58.795533149018254,31.036821942379746,12.348345664836092
28.461972752457218,76.88396925427622,59.73013554378705,43.08339343914264,22.565038909021624,11.52589202620508
28.831028902456588,77.22131710711787,66.40115066287149,43.04180357601513,19.822106749769944,11.237692171979015
28.688851192066597,76.90351141755615,46.84958612623264,50.665848163180854,15.684022922565294,13.959169329563046
28.729794846337896,77.25717003892989,68.6650134963309,64.31841102385417,31.278643342127772,9.81543304516328
28.782497815210366,77.23486765268221,49.96524049117496,23.776632105265918,10.515304420030764,19.376343556540544
28.643291546962594,77.19775567622032,54.84756413320294,29.092581936574366,12.108123863512368,6.364461435398532
28.446247489809416,76.85714734227231,54.437865072525035,51.004764878589356,25.694874867771038,1.7271782244865932
28.66180472642982,76.99234454357128,53.88636437372789,43.3101561676733,22.553189446996267,20.55982879014371
28.685618531764412,76.9720798572503,78.31693294667703,67.74012440014003,34.15296314659729,1.0
28.761558263606045,77.02121440710343,76.96473731020812,46.631411915269,29.591434899509018,4.422216189792367
28.61131481744065,76.88321890318072,60.405946601038146,48.630122230784025,30.211357788442644,21.891629851731516
28.465716232665937,77.31332675095328,54.18416924726891,35.89565769464163,17.422990309502694,16.808702933735773
28.540505483285145,77.11929013547551,73.73800595816172,64.478763596714,43.99824099321728,5.118380136736151
28.578478802688775,76.9935578964878,50.578079445903384,30.101027836970744,19.334201025837665,16.816817248775298
28.71390523706819,77.03987340802666,76.7257876469805,65.22341846744392,31.186554992347652,10.192391213582447
28.67792736920713,77.0653062031156,60.37898255764834,65.52473702420062,28.927031235098806,8.867113745239566
28.575133986491284,77.14298646069578,56.337320776568234,21.019161122152493,3.669210018416301,7.566430986460021
28.876989659745032,77.09998408343961,51.528699684484835,39.3184978882957,16.788836058711503,13.135762670214119
28.694684326877343,77.30443110071693,48.24260470250687,43.81918446411061,37.35904027048723,16.928246294498912
28.518216934242766,77.09050600521176,71.16714443472526,58.9565196239924,29.38878492695445,3.767856426263436
28.453363769796912,77.34128108304019,66.5525473892263,51.14887174516605,21.06099290347266,11.73012367890953
28.47782019202005,77.2700114282539,64.73826242263222,60.32262538862132,30.30846565269842,13.161743502890172
28.52239746299384,76.94442843170245,68.66203584592158,74.67359612153756,29.54643438150121,23.56886730569489
28.481565617713258,77.3101046159929,60.135570244932026,39.74753949374936,21.413819257961382,5.445105108896666
28.493960130665496,76.89776505702788,64.83997856110358,54.607270560300506,31.549348309811208,4.17541089513208
28.541137169974135,77.2528057742599,62.74735894338653,69.62034310227222,26.07406321630983,11.64889754033083
28.487642880814484,77.03158932059952,65.50750416094719,56.838384309609886,28.395166223168506,7.378940969709171
28.834015837412235,77.28345648482913,64.3332786549556,49.08428617340831,22.489550673055504,19.794509064514944
28.443045853606844,77.27843402525116,62.38543690027629,26.526624983288336,6.808114617394564,12.927218178303711
28.655773942080113,77.24696966512899,49.979236552813845,31.565172923569556,3.606024802870335,18.42704507720062
28.601133846865853,77.23892018047245,70.28964758915741,62.21569814753012,27.86129719691311,7.514529276650913
28.875008966353082,76.99312988698836,45.400745079068045,36.664349153519034,19.135121742618317,23.190438494704985
28.458274731854413,76.87981402484075,74.86208810394128,66.55001621705162,36.63813691288557,16.394901822486617
28.595128882438324,77.04291123408377,70.13455719661721,44.1420664711269,14.603484344297733,1.0
28.868828296973003,76.92671091636328,64.89341132757733,56.06948057712436,23.58285499726179,13.670032664689057
28.81904880445559,77.19077035407405,46.03117527611314,31.644250026139943,14.317223451103862,13.033462279750141
28.795857233160586,77.014105989044,51.30548747098658,39.254555562872355,18.834021864091117,15.696251440418838
28.52811699004972,77.33290098377194,72.10296653001285,59.765598310266206,31.68464273465741,3.8158846050836956
28.48645253573018,77.16343444878461,74.80514193321217,47.162677030254756,24.063184715427358,2.480316146445121
28.724786842413454,77.2553534863382,59.66990866300321,64.45858597137784,28.54239346819913,7.928103157435917
28.849630359424495,76.90594788695331,58.4523905518689,32.29017650408445,21.64840797665028,10.560217673710735
28.671216539230855,77.2753741466734,58.876807030235554,58.0194990149349,28.658647699879367,1.0
28.67832688758533,77.30613530497538,48.08823360907809,31.721801922961294,14.942234587646624,10.083587080177587
28.53868750167032,77.0854916818611,67.27282452801633,52.95124826093098,32.76371941226229,11.848433253735507
28.773075490335803,77.14585207585291,85.35632210470519,70.37967738106612,33.19730410112049,6.823959575917815
28.494188394892443,77.22614801438684,61.205491264817844,49.78428115010147,16.130255099345753,7.334706803577957
28.559611912248684,76.92737640555292,61.686312128101946,40.376500427500396,17.355090590652985,15.723304482786379
28.608335082121794,77.09334325551421,75.3375123016748,37.129569181338795,26.931994018784323,9.607479991385343
28.647681435539898,77.04072495413428,80.73001605406867,71.66116167191623,34.08132211706748,4.767911345757803
28.520698619014553,76.91296142190103,81.98897031530142,73.92720830061462,33.95797138696308,11.232891506685693
28.459614427264295,77.02496088979393,69.00921382871621,48.72436778952913,27.877509628470072,6.658809879300339
28.697004306419814,76.87335873685376,54.37743113709703,64.04013181054358,27.957337054661863,24.213257806162453
28.54282997537834,76.85190669622521,79.82043645738257,71.80821778232126,32.056141568649096,7.684090944614525
28.682935764581313,76.9072856472048,59.38113049902446,25.967598661304955,15.218707915701737,8.992731724567513
28.478540131165893,77.32657325440019,86.13831361675504,71.24244613135262,40.68845186509513,10.220346504483006
28.63500699317591,77.11712636383821,78.69867915513848,66.88807842959295,41.39605705766467,3.5446552600957895
28.65964185365654,77.32794415113139,66.23602211541474,60.526174064116276,34.95670511324894,4.0134992933284614
28.42944253707189,77.05785950779968,83.0372938005973,54.25579710550832,29.46765066341342,1.0
28.56580065361583,76.99674418421348,63.8343666287982,45.273954974661976,13.09891845254699,8.107694315818891
28.4689886533411,77.09515409559653,56.01681734253153,55.75524934923998,30.272640391583785,8.888406898755001
28.434973570274334,77.06141142267592,68.59870045446559,53.53514968177185,26.390508936354927,17.71509138081815
28.878639179556465,76.89234552410919,58.96488781212084,48.33769536982132,29.526427362815852,4.777863505411753
28.558977291107723,77.16336063205436,78.47844678468655,43.72945290323989,18.245707729861593,3.8949902332891755
28.79241088142778,76.94824057308342,61.498297829446614,32.24890387839116,20.2256139307255,15.637041669857648
28.52655500356861,77.15260515923188,54.34620392994587,44.57036890736579,28.764319812546354,16.528263960955066
28.730944202299547,77.16810818166933,71.47185695545471,67.37785063338467,31.873267082606944,12.830452918967188
28.768639207393875,76.9158231156543,62.85517707074648,78.14464103473043,46.763972712627975,13.54604026931718
28.689830990936493,76.86990361251739,46.630774058898545,44.52908909932863,20.43814025864489,27.950606309954097
28.63042762029159,77.2342262743605,74.90230340874871,48.98651986240224,22.78671070015188,10.202027044656342
28.601825301646077,77.07168598914411,69.49164693578075,47.88512952133771,17.550801616657232,4.675366114640566
28.571672870762757,76.86829025227763,42.907849040345965,32.899737251384735,16.725081412097584,14.745656484888634
28.84970369283754,77.34265261420207,53.85275909676536,39.75183108687468,18.323960586549514,6.105164489425237
28.802343940536165,76.86809617569226,80.68521404189605,72.2713170779239,36.304274053568825,7.308852171027699
28.866700658808828,77.19081296400343,46.89783321646289,28.806336273094008,14.76393432065581,19.62183618914194
28.46414423552518,77.3369871253988,67.05486149594344,55.92380083384536,31.0848119635089,4.378376121798747
28.75458092965531,76.95996004259075,76.63824392476963,71.93913207014786,47.65870476201543,2.7047428140600145
28.85392270702009,76.91087264121727,72.71663685981686,62.7058545007112,27.543549105496805,10.112357817222572
28.491406136152005,76.90030653328297,70.28584664287578,52.7876970316773,25.821486656844336,9.653025544137908
28.4364681030984,76.99241888138829,64.88852492503992,64.62606141657132,25.104804975731593,14.666957394395432
28.759490332939702,76.89000644678832,78.72443807798646,63.32762586738749,27.652815893517847,1.0
28.67969650965927,77.18935757782512,71.24107602149928,57.210155727096655,14.44348627120206,14.425658640427704
28.807711187046966,76.87038074422117,82.90883289787209,73.16031143345859,39.53387739428092,4.02678147436423
28.47155401585421,77.09681527869787,81.42862375164131,50.81340816514218,31.85944521141088,9.89719562510892
28.785416724203397,77.34357962964673,80.30675059068855,55.538122756113424,31.392020271672326,8.150402093775636
28.50117126996789,77.25104372616352,66.7153991539736,49.612962124043094,16.426775966526037,10.527442620572424
28.482989894885478,77.15039286681647,41.074942113596066,17.534770922580222,16.66457491976441,14.618719168398258
28.483281904407143,76.99392723175399,70.05171364276943,36.818229859675895,11.693488591615242,7.006484040940637
28.79466145693428,77.15478674489606,57.79583059989629,55.0038063437782,32.32268259274899,11.134027307822704
28.72313683629959,77.1057380151422,68.50004858868654,53.35163010359124,32.29108103942794,11.38632192556669
28.655081588250557,77.05461109684462,70.24974220509156,45.43598189005267,19.349040416728954,13.712763154871368
28.576442958864,76.90502909607075,62.218155267543956,46.00334547710069,15.62461573308023,16.447117388216896
28.824647820830997,77.2878268128507,57.51228364615861,64.6844469585404,26.531894377988788,20.65689866267025
28.592538242201382,77.06661382743755,69.62758279410906,37.08722172973236,16.02441459542778,11.914987759661157
28.79563092874896,76.9373953069555,68.81303872048261,43.083775053542126,20.214084964178358,16.206597651907074
28.614894154738284,77.02507479752103,56.46784898573954,44.504555591366426,23.217318747343448,17.882654090796606
28.585116240113933,77.04855757112537,76.98702745935098,57.9538890183305,28.056782513170237,1.0
28.626167863346772,77.25791460672066,53.63676839385618,31.721753086946485,24.69599901545255,8.587745922177028
28.548933620813738,77.21035011384508,53.26224408424025,47.58767836156998,26.48089919488689,17.232832949783806
28.762597253436294,77.22842440711464,60.944736949639186,38.19354915303102,10.079755905379209,17.182193794518028
28.645340021471263,76.84442152314755,60.54873002941244,45.125461032651465,29.644789474827196,15.701580924505064
28.51581609504354,77.04958268414241,48.424185427455406,32.33616075017017,26.343125921759032,17.263777541115253
28.835360908068726,77.08259610564195,49.79056431657975,47.250674397165064,23.1654948675673,9.653258861460412
28.588442488446358,76.84855440100958,60.35753833139398,43.72498216761753,16.66432136968487,13.998163451680838
28.664891339497593,76.97040900367699,49.25798411230998,41.26476357887552,25.231739369209908,20.3172209667565
28.83866357258061,77.223859019443,74.75359780188326,45.24175727671693,25.968991800259886,10.89903300665489
28.703524826303745,76.90826982697908,60.47755598711767,55.169325482488325,22.93898103869537,6.186632274189909
28.460601374366096,77.10992541143287,84.0258548219953,66.25721754265332,34.662100639623844,2.0386596128085364
28.854636943781145,76.94781705098191,47.52179385630132,47.80201314170656,19.848363421745148,20.028339528023533
28.705186351784747,76.84497326996906,67.38330780180065,46.043605710057236,26.474955703812416,4.348805965736476
28.564987303108317,76.96098369091362,58.71470529795121,45.91085788494677,29.122459324236733,12.34714343200779
28.47131446136133,77.33303445210242,58.76688162822477,43.57029328487985,22.479307056028993,4.632824869686812
28.784821973673505,77.24474736004959,50.38469015584918,37.42200095313834,18.13820333920657,15.30506489449623
28.701530434840905,77.32478131336012,71.4016302416564,75.1972074152482,39.09626622284016,5.698201282361717
28.66005921979181,77.08589282771928,82.25964591332709,64.15691108063122,32.23725282322286,5.700473929068806
28.832640269442035,76.89440740944653,52.20913430381338,25.93122809884873,23.41826355928243,18.448420619052694
28.782222960624388,77.11633126491544,63.7353553743818,48.63554519978105,35.04689722527297,3.1547137769184586
28.47725314739639,77.06893964294905,71.6649007868141,62.3961283794216,34.319503972955005,1.3746409414522436
28.553886605885523,77.26643213407688,57.155969800551695,41.45673389108878,19.433672962652437,11.913912054790893
28.52360954809877,76.88850581573779,67.91733442279926,40.47977362005812,20.38623172955319,11.781525172549038
28.760843301522435,77.0860888583595,59.00044021314609,32.81624050257129,13.832265755825556,11.667273451286423
28.420684429982074,76.91482233964292,61.30190742108755,48.678366602710845,24.328119954002613,19.449452928890334
28.677501882141748,77.00325660627067,64.28488126554723,44.78139403741716,17.87665238389458,14.760859111545763
28.769707366743116,77.21224548026663,73.07423341599215,61.42489994710678,24.257733721927305,12.692796159674852
28.824439580986425,77.07989891582598,82.3620915575145,70.93238072639545,38.07343735849537,11.976217900525452
28.56842336454848,77.02919143046515,45.37904541869438,29.896399967877777,15.172290969439727,19.052654388309655
28.797861197982712,77.03860471190748,66.49318828891153,67.95334213616889,36.433898622556455,8.906638358717993
28.457600955962246,77.07150689194988,74.48125697941745,50.97930768930834,18.40497180227591,1.0
28.80992500877851,77.2363810585853,50.351677141242135,14.100009726070908,0.0,8.19714798283858
28.46567235357161,77.29060221954445,84.73775470500361,62.79407052778812,31.07890107665725,11.651886925975658
28.594856766162806,77.32263311253567,76.42146616477528,52.156900668575645,22.24822432228582,4.767224898075881
28.786387792722298,77.23733658822827,79.26624813347244,60.14502507778505,21.899044945120544,1.0180758505995575
28.476411647736544,76.9985626085461,70.16461513570927,66.09142889703188,29.554405204758975,9.571493883010287
28.514398171637364,77.18731841989265,84.26411856900938,56.09566878974422,25.227260391814134,2.8686014222449896
28.750455958067576,77.0604448925557,84.55878089191226,61.01266314133494,30.6942058673468,3.05891158848586
28.749394882352266,76.96780470880589,63.64635964144471,40.5717014046729,23.35172071179429,12.833439486807803
28.71162146316811,77.26466701489962,80.11688801591923,43.8167376960269,17.478167613121563,4.302036695974856
28.736903436888003,76.85829486789035,68.13439020188787,52.22657984153996,21.84986483960578,10.516124240114902
28.664494678242367,77.29550297329985,57.58715308763978,49.883978645455244,29.928317161021987,18.633304286502536
28.525194396607805,77.0725352716461,77.71883466323881,68.76814892570432,38.3758147195977,7.5622099096058
28.57015392964796,77.16152495144127,58.25302837072059,44.02196754046486,28.353899948469774,14.981155270561459
28.491580737403655,77.17274333302787,87.37150966067331,54.102153557665915,21.858295248653533,10.250693973483418
28.83961089003159,77.2921382094307,88.42960489637127,72.18694863435738,22.576734081641902,5.167897594869719
28.683966934047145,77.16125564143498,73.07261030022462,41.054409984034855,19.540366956969983,13.914262328168405
28.596563333586793,77.14974168837351,86.39069498385025,73.71297922568486,44.5586958117258,10.359540406287298
28.625845148688697,76.87258884642023,87.48143980996352,59.841402288151315,27.276088632149104,1.296174596762675
28.858204719377916,77.10136589077183,62.20540065596785,47.98940168703145,24.40690967668994,9.4917859524187
28.478055896802097,76.91488327993746,71.76891319405738,61.66646302238312,25.324359696492692,8.394437173634635
28.685325837083635,77.21228431808477,56.36742475208903,56.21494599388461,31.533923420497146,20.099819203968902
28.646857054857236,77.09823314213877,56.200116030208235,44.367412598163185,7.236741193265525,7.690747265835153
28.697403732956925,77.18331421533169,52.76016720705998,28.999210940586373,25.214640743217736,11.823127516196323
28.41329998018571,76.85993897780622,44.75555553912798,38.01342099211626,13.25158694876946,11.75049367611573
28.82221703862043,76.88177524382748,61.95079547155215,52.01102302039578,24.655752026072072,3.697506642605621
28.85094341857041,77.20159365610957,66.51501143734438,65.88048155554677,22.768996480218767,3.834250411451073
28.6752243841865,76.87533985480874,52.53157455115493,35.9470207147677,9.146572422233982,22.945235067638475
28.738197384522003,76.87492073968171,61.776855700079594,55.94032403943335,30.20642279717793,11.4270372682176
28.846337716446612,76.84496704133556,67.20105342047648,55.79443733636887,31.305935712260144,14.652198402857564
28.74326701768081,77.32322395557306,61.07628251836506,54.87040982180932,28.116078284643805,15.202981854039072
28.477666924196217,77.21232209212467,51.203181574293176,42.88906058591479,23.2715015025831,14.443234950498251
28.68056568240952,77.01772772451481,78.04289613223438,66.54106275998551,34.43483443981563,1.0
28.695134524407443,76.98900584842963,72.2903035170948,50.2080633076467,21.302213447742695,6.344851034706513
28.6077098573586,77.01593086540917,74.82389942031018,43.90344707402588,22.123632648302614,6.969010184999062
28.757251182368936,77.23113304969624,63.082558775226026,68.450847891562,36.989950088778414,6.392272336213982
28.852020151840968,77.17376461915764,65.34384327923003,63.123352024945106,33.295164154980874,6.971267118017341
28.847807271656144,76.93262133945142,60.54489074969513,63.79748032830556,31.342145920163777,13.331961445196992
28.620498461053046,76.92700707950468,44.45185670346362,19.674604058994998,0.46745165108527154,17.586525836095802
28.458848903309576,76.88866435925961,77.33408822401682,59.71772219842395,31.787610940120448,10.313073525291484
28.87618809472063,77.17322382049382,81.57896449520418,64.41606726753481,32.99670967182581,7.07134531531049
28.80630792006606,77.22592663979614,50.91732703577603,35.23596803224049,16.041652346538967,16.065054027215957
28.46431922322212,76.973059196607,59.57728791494513,49.76998111154802,21.23717547708593,3.2426853176363384
28.845544076466897,76.84944199061388,74.4402176714966,52.52305975680161,25.072494691271107,10.000091135612607
28.82115044930023,76.8804482539799,71.33707962998827,68.70492230025388,33.94931710787789,12.596934241284739
28.653057448953188,77.32897616562413,49.782352320886154,28.195455353862904,12.030608823749246,15.227275372152048
28.687741762464974,76.98845344650921,70.44218929365888,58.76375396889957,29.584699724926587,7.1537901045028445
28.595678136761418,77.22838300962569,58.57792458140718,46.05166861077157,31.74875365576203,16.725790432915133
28.430849352901326,77.15517553794754,59.73486610382827,48.42329338808599,17.30279548162522,4.277049379479735
28.565126939330685,77.03225594107599,75.22476588101101,78.0190386568265,47.416981615503325,3.013225759993051
28.78904910226546,76.94299868796547,79.66290302855168,67.52981799956935,35.21774692772796,9.798855127414194
28.40684639552782,76.90030728214096,41.07827503564666,28.931718021502718,6.625917682950021,10.214206139276037
28.564313873040895,77.15028830673923,73.97739851473061,54.2289581029738,24.67769222156707,2.6794620730250482
28.59527879771096,77.23112304767939,80.46478356839079,68.02942671564179,24.30687435471979,1.0
28.661943134067972,77.16491935353682,54.49695864719817,48.062058905925845,24.019500516108796,13.592684661669786
28.845071834553963,77.10738927450429,38.01610375211034,34.549045577405074,27.952456439089367,20.005339970413612
28.570465161695722,76.86007992530195,66.9659793365675,41.68256287699416,29.23023021222459,5.794154941659307
28.57075590353023,77.32929457182965,78.5257098461677,61.17907374971642,36.59919522255593,6.48622925931005
28.75775729886729,77.2433177844094,81.28920723293332,72.09621339216122,41.639021781834145,11.60645087509732
28.621158544799183,76.9871252452066,79.96774154707941,57.90157909680269,27.949783276899495,13.005817286231972
28.512173309649995,77.33510902827403,52.22354143401247,36.30068077994403,19.462980451588642,5.811104028314933
28.621264638991672,77.14363834954334,62.04176874325585,56.585067477906094,26.414365435366346,4.863384924858497
28.472073362698513,77.13378401002814,83.73273761196828,43.7255529556829,19.517128181221008,2.8601215632355284
28.489085746466237,77.21767229972912,49.67561682669066,34.304424500422,27.112395430007545,24.26679768211468
28.643255910370797,77.24992936430618,56.4480151875444,33.89368090256995,12.627510619306474,10.950292438607782
28.605217503988325,77.17128722383258,58.30047398422192,34.873929748377,22.077417929143905,3.657452115853035
28.842673093173037,76.90370500201625,70.32505423269875,43.24751714223802,15.382406021774994,13.085084510385286
28.57814918574784,77.01013961706347,84.18713422277573,72.11211091209725,48.705694202308386,1.0
28.682624594644597,77.3088327113081,43.88845596077807,26.39301735892982,21.663136858166823,16.986839092120125
28.707367958586627,76.95258433168782,61.38300483500974,58.09152091352344,24.91659659057148,20.81707815249332
28.41089836020527,77.02730691936083,52.86014962184069,45.79864450701934,12.979338837774897,13.91444583654636
28.72234207104056,77.05764630845302,56.7016120856147,52.02756850306067,19.26415606222397,10.713521850234796
28.489875307781045,77.0613573884876,65.93922381462859,61.2052928844836,19.613079214371744,5.805430798383776
28.864806171163057,77.14923830843001,46.60404116000049,29.134551438906954,7.18596299944458,25.046659815433927
28.47581087511102,77.31642501944592,61.3115955514525,49.210485415768545,25.758729299556446,7.4116791363433645
28.603157952212314,76.9607260532559,72.89681992077163,47.06090625861145,23.32399632038242,1.0
28.445495448835114,76.90036549893259,86.29189571505121,74.99283004243263,36.16334995481863,1.0
28.881949735832947,76.93883757230455,66.98082526400674,66.9779261060054,30.056269287233853,15.722632696615728
28.645088460237286,77.28798921326675,82.57523346492663,85.11041760729549,40.07774808105826,1.0
28.689709503684647,77.16588486805566,57.65803733858402,38.95461086364251,9.31553661032933,6.09480986586954
28.436745918042526,76.98362324425817,86.77593671973031,68.01149013679613,33.331745807930666,1.0
28.763722997519547,77.25204474577576,52.54579045590088,37.4380397415693,16.570844978147107,7.730716531273011
28.505135055284285,77.27504776785939,54.43607064383523,60.012148592022754,35.04535878328594,4.332811048673056
28.834632968955994,77.26752460581082,68.94426612978667,62.18074604316789,24.428131282111117,15.172558324594736
28.50285303186235,77.30419539406411,76.84452188583877,55.00184480219136,30.95554886174572,7.03649097034272
28.495933193963964,76.96657431638543,88.14169493685762,72.83430232877147,38.9115671382268,1.8467482633065209
28.422129135204724,77.22120139494248,79.68328589811003,83.18770575374297,39.19531917908237,5.943750921939889
28.630662603316985,77.07206026875294,66.71904134917602,65.0158346052002,39.25381254704362,10.106446796137362
28.675084545262425,77.2652377337585,46.85892974017981,54.57921533567348,36.98477117182664,20.20572295708111
28.436090972742942,77.20775538180337,69.08627793953457,48.55181445904688,18.00510229454542,6.499033110419083
28.77596500481791,77.23204151944829,66.23968288926687,47.2095446452043,29.171133886299117,14.82388969894085
28.621671307947498,77.17112680620149,60.67897485313725,43.2692892661136,21.609111472920677,13.790126366182898
28.655715947539868,76.92868809837717,80.06346811854337,65.44020259187485,31.917783536852202,8.617508031434808
28.615673592887195,77.11484616069511,56.46627396294273,58.70755564656622,36.08663613633459,20.27846940694837
28.596521027205895,77.33748889088172,64.6829721604021,55.001835881542405,38.72052431828645,1.0
28.672594308192306,77.3135446336877,48.9121803617464,39.45613265630584,25.41497181629749,17.323692754487006
28.47896030855203,76.86069902671323,77.74590515626014,64.72680899178603,29.305396599878694,4.140150715094236
28.491738945394673,76.9223001739817,50.17291283584568,30.814617836856677,3.978422695953588,11.035169336505632
28.81726688130389,76.90554482978517,52.111949692708585,46.25077634169076,14.976722344614402,17.147960152369887
28.857645518736355,77.206483885869,45.53775336855111,24.899359377443062,17.28865203373866,18.333634776943146
28.58337568287151,77.25297573872577,46.3925112937532,48.09597021743667,24.197956302184217,14.79309972869388
28.534265895830785,76.94696094964637,54.71173035872255,44.94062644847655,23.65143145555944,8.890703043529827
28.712987008894665,77.0950076549624,63.77740850031909,57.139797290281905,32.9463489122236,17.57689120487051
28.60033773746343,77.26458165754727,75.15702998293435,80.7240740037215,43.15565618658317,6.670504124503903
28.41678394150594,77.20993847973635,49.15085103319499,28.242152630990883,4.7474349126884015,14.177714050186538
28.479397158750427,77.11343340156473,64.28006034527776,60.076945837574705,27.654090615568172,19.10156124735103
28.747448819075032,77.13779738346337,59.1771418665599,74.57120037049096,28.975026617488275,15.345173030844155
28.72013307812514,77.09627767559587,68.71516285447541,53.69806155968073,27.362258422538687,7.896470362537577
28.417602546228935,76.98951878333605,74.3919622165991,40.19733000151053,25.581378980631335,1.0
28.510912744435196,77.12497201206429,86.28068646923016,59.53706222270414,35.07481240391266,1.9488462258001875
28.515271248845227,77.1876985346739,68.76279916263236,61.970893500876386,28.660815878359003,7.481885807285821
28.72634277251518,77.28110093307836,69.41214067643656,55.08364721931924,34.25272426588389,1.0
28.414066258295417,77.16106404949552,44.026486708586454,35.798161588527,21.519916998649318,7.9260169484788285
28.454477552597833,77.22428021376125,43.6740750694167,28.827488535340088,11.773774158841976,23.663123280007028
28.78764264017461,76.91989814518028,61.92092927469597,49.590447208116814,22.44823279188103,19.081933548336394
28.49011888014107,77.0725757899905,67.3605445322379,61.29917343261318,26.266101288210127,13.094136402086384
28.71717502059481,76.84356079371746,67.06391119399895,65.26721709177053,31.19581799512959,4.728797955662525
28.518674679036955,76.96375754453811,42.07542238277701,32.500367183006276,25.739620054796667,16.808310593098106
28.452242818854106,77.2067278803209,70.01408213420112,37.09702678886183,15.35645130108322,14.301208500533981
28.52106369783276,77.34110481767549,57.698573057811906,42.569274594455386,24.93350198239867,8.03541952449422
28.75046283555057,76.88906060541208,37.31648472520152,25.419091047975733,24.841863897022826,15.932104428999335
28.81435128589607,77.04215876740382,45.13965847304769,46.02363790770482,26.749043810987686,17.94748341320492
28.80215263209025,77.24400487977702,76.67107350887714,68.92486814685941,35.1700947341782,15.366312155924822
28.594807083566497,76.94216227519256,67.32074985604544,65.40353755200356,44.53884059613738,7.914950605573985
28.72451962211397,77.1199397212963,77.02582234047436,62.4734985597119,22.38552839997852,1.4573770296046629
28.502778649863984,77.21007508644286,67.21851065572513,84.95161981666058,42.41559214353063,4.230608549801216
28.544992880593345,77.15078078856004,85.76764652035594,79.4013077243149,43.74396768964389,3.2988073575788963
28.833810134319066,76.93405407843716,57.90786276441179,49.10181534646475,19.885377287296826,7.6429830386658315
28.410854053711372,77.01880799373549,72.63984407099738,54.58502626684209,24.188844400408264,4.734139405024959
28.44557151517582,77.23576081926129,43.33388255121914,19.955841987240134,11.65931043985788,13.314688428870772
28.504168160127886,77.11950499487514,58.86145299334812,51.10123402950845,26.774368648178093,10.257137701732995
28.417332594141236,76.84148346677044,46.15581912731412,43.41347456088969,18.78473239746469,28.415103826149384
28.491503034015285,77.22421398601838,52.7291444589197,48.711730910347335,28.524052439192126,15.027483686418915
28.68379923583623,76.85671738102818,51.643884037186645,42.099499690586015,21.96472209351931,10.335478073504179
28.606414118323144,77.21648758876954,62.534799206219375,57.103262874317195,27.260188120583006,15.582936594830073
28.832055694087284,76.94137475858136,54.9038173155193,51.62274116576767,21.936556462563914,20.369325989418698
28.796035109600123,77.32402008500367,78.02356613843985,74.91642862623144,42.90714938413655,11.955533729354404
28.568296766523538,77.02516666183438,41.834467726538875,27.050302744709807,10.395571283931893,12.55838499173595
28.528845083606363,77.00439892643057,87.6835394497994,62.70823766861037,25.61741125269854,1.0
28.586432021524594,76.91423458445162,79.8541836766014,33.436781548849495,21.826566843562787,13.225585068238352
28.68727228475556,76.99359836167717,48.79353123736022,34.53019348105092,12.226085082532938,9.77761076912721
28.532982169565166,77.28278621184799,59.10102925570276,59.715106185591466,31.63424407074642,3.2233526503478807
28.703482169343616,77.34339604515849,83.70889372260183,68.72097622348093,37.87187024949836,12.239493398282143
28.600662127537742,77.02535341800355,66.75975762046336,60.652716700187966,42.17279485415147,16.94924312485692
28.668958571836466,77.0660192844793,45.65374190420163,31.883513828517223,21.995263179996194,16.21751123849865
28.61345368881486,77.2045043149331,68.65545933777487,45.82756307709514,20.657267216829247,4.313804746281745
28.545623976605768,77.28761997441453,78.13076730365808,41.87449572791831,28.187683074837913,1.0
28.858764920687676,77.13916301049917,49.80535409389991,59.2795720863419,25.841420954408182,18.376625506994234
28.77025662278741,77.03711048695183,69.27740660560774,70.6490382774479,31.396018034332236,16.709114639002884
28.471717196582826,77.04779393856359,73.95130417464995,40.06906874994753,22.3869493556193,17.676331143016018
28.82046651243669,77.19110816357993,53.009836530464426,51.41993702929462,29.93922443699233,12.386316225243371
28.638019282740316,76.84046488436516,74.71470091272296,62.915147561492674,33.65332444924842,11.75148688253402
28.832956118721754,77.1526058593852,60.71457669832759,39.75851473543464,36.26125409328232,14.48574797544794
28.787613513956657,77.01886291051659,49.4705174527919,45.316833271073826,22.109096020027234,14.238410429082833
28.6082283372616,77.24103036817255,60.302209585683485,31.090568121599834,18.696182022625486,1.0
28.415387207024292,76.8859271687445,61.28130704606871,31.39267864782012,19.6064762617807,7.057521375409873
28.533276028998245,77.13671090388189,64.89784988879184,21.606341586132583,13.371345962392052,1.6976514362927038
28.663972657232065,77.08240809226933,73.41588918490906,43.16320048086247,21.78016934902941,1.0
28.707949210912894,77.16411985855001,77.6222087564325,52.21039382094782,26.901082490086814,3.234741750734822
28.528109739974987,76.87167808221336,74.2911922544901,67.31499521156395,24.754369241244532,15.226313955180913
28.471354682739793,77.13254892367313,45.84873059863502,48.36263080839102,26.185431222871937,18.285366456658313
28.804408042630744,77.12318060902608,71.51633961926188,46.71252379717765,18.807812956547153,12.342598301802045
28.875977884919894,77.12276307123199,82.90424563517898,62.52545408722363,28.929952199477214,1.0
28.65633836914079,77.14445169470108,76.54799198574294,49.721582498250925,35.417272919623386,2.732775385207683
28.486831615123386,77.18141016630675,75.0161555542873,45.990964585869406,24.836407474994743,11.684505422052759
28.535014122238618,77.24649545574805,70.32818887382241,73.56576924762962,25.554955135988994,9.878559444269877
28.413434285124037,76.97547698057139,64.16923103617275,57.56069826831014,32.91506643648105,3.189199128840296
28.842411134529804,77.25665439466998,51.348864050973496,33.3370530572498,13.655405005552112,14.604255990230996
28.461009826232186,77.09116039732152,68.43223066955271,22.58521254307081,14.08012537670459,9.02833121516382
28.680674908121137,76.87785874566185,79.54947046234018,64.63783952086982,28.982252854352506,1.0
28.535851045253487,76.86848630350022,81.52912812940963,53.030438645267076,22.50590843844313,5.846692424168675
28.66997884739081,77.0080991669106,65.74448222334239,50.12218190842235,13.166110750445053,13.626903692074901
28.716540242367824,77.23632050792696,68.83923380190299,57.27252577453692,33.52398889654004,8.856548148466608
28.801923727993294,77.19721696823298,85.57675902641517,64.42760976144532,24.787874067223,1.0
28.503466699859743,77.238203361149,53.08754316976008,46.1872269227085,16.666090846214736,7.56084965430429
28.409893499587014,77.10078909893672,68.86223489928287,54.69052328569266,31.319877212224128,16.08700505578229
28.470171789929726,77.06175948800733,68.54933181142512,55.30475010847719,33.57147034679247,10.97946370050823
28.83557353605056,76.91350761045277,73.7390904664496,47.449638525364264,28.000826801423443,9.199723910831375
28.82306271176932,77.0050375881624,64.04848853004944,45.98720551705695,29.24503732323464,6.116684760284683
28.690680587013674,77.05863001556548,56.89641856190364,28.306359639918217,12.361161942394666,6.806074988128658
28.692166722027437,76.88370389037719,72.15212837369103,51.8277967504484,18.466241608322715,5.115131245862223
28.723059963929224,76.95055680943973,66.67080344749814,39.04759669288125,25.46993065271955,13.334984702896767
28.488599407350797,77.14178673821147,56.749200698896544,55.97425335213902,29.841670629245947,11.808796981599071
28.842465307682705,77.2113876280226,82.09047362548986,67.36985658009851,29.45243927570472,8.412595747381811
28.60514332331072,77.34441555118134,63.49787249766257,65.13664288973163,37.32610833351831,2.483142796525865
28.588082085505516,77.31137983385301,52.43638200100927,33.458057090905186,18.257356388665574,10.612812555632434
28.653095585916347,77.16424123342257,72.76168214001291,54.80422526489856,27.330515418870416,6.08395499042097
28.427116645582704,77.05216240177944,72.08425298350045,46.86737630297904,24.24767124198908,15.849875653629054
28.484247953432714,77.16100632335666,58.6069637315298,40.219284828437395,20.653559233488526,4.7239239947460625
28.75801220634668,77.23670267116883,67.65129008193445,59.04096693391252,21.48919952494647,11.679402827036203
28.444273984298707,76.89876259429971,77.46781831680232,52.28374413806603,24.975452153246668,14.138317899921029
28.693428526435266,77.0464180274968,64.01334089745508,32.926613909544436,6.1214283776170575,11.242974125421544
28.52210604546448,77.26412550602542,65.36800526827743,65.26689621648248,23.806304620612707,8.355722338047327
28.59103020839479,77.03321474716897,72.19978384640478,62.58772831772701,36.711779674413485,6.672761380169705
28.5428602287837,77.12844111153974,68.56351936414198,71.57044509204634,38.64037986800891,12.573941655909302
28.574930963185043,77.13649167275057,70.62333188564958,51.65849427229882,25.808882950542234,8.606702171054826
28.74892055032392,76.93225706602605,68.27659399712181,60.88097994758463,29.895514170235405,1.7865601993450948
28.546895695919087,77.02227739432585,67.30895591583757,45.79189790756485,21.820379952929976,17.51869636355524
28.675833180417218,77.00823740366421,53.40381636454743,37.442441961380574,17.710713011031107,22.242599869720166
28.63256995387513,76.85210156640369,58.66724930147307,32.84460841427321,18.646783682186026,16.653422181861316
28.722406133689496,76.85108622775209,72.82029709271809,63.71955473419199,31.75857876060776,3.2634689909423233
28.853199348441027,77.26002087127627,55.7396590578919,31.260247161541436,14.393443761288626,14.94425495758254
28.755397133184808,76.97712288229525,62.09218934154827,43.07346998413119,16.45231506432637,8.845618736534036
28.507545800702033,77.10119914998599,68.50822415474151,54.93179796709108,35.65195720705981,2.290758518305412
28.419559543245462,76.99011489841777,70.2268953802917,63.30341548926612,30.504829307809285,9.68126684285138
28.53020521893715,77.31521134347736,76.51114202497325,44.49130088669693,35.79730866502293,9.646012483017582
28.689562465114243,76.97014746452355,46.17761072413793,34.12561475676104,20.271353604337154,25.566722470607914
28.42925210001832,77.05642074303385,53.35423844514815,45.852910825959675,26.97659160551042,10.369423047455296
28.642297544115777,77.28080079707874,35.88969225235233,22.40597217871867,17.704230810619542,12.225443089631709
28.690407539548403,77.26520482367408,62.089346041026914,49.368846256851675,37.67853762879875,2.7528871333517504
28.56467045788881,76.93308007755188,58.076081307252316,37.34576535903314,20.38547753521911,14.060918012715096
28.773755062481946,77.24530755780981,44.19065106634649,25.952361531839653,11.045616885489117,21.81890913916758
28.455669651709183,77.0708688660772,66.39416605702203,55.30144771096469,23.533110771197457,9.899867064595869
28.4406058148614,77.0834188921855,62.59617455731698,62.012805000616204,24.30395929347592,9.622016243361127
28.753298311049022,76.90643166723495,39.88392151312204,33.13274519877622,18.826859041641548,11.41674655361819
28.64187861149409,76.87965310097279,82.85377584076625,83.5137678490755,49.95316650824651,1.0
28.734247889812497,77.20747615840153,73.47989940597094,61.97946053697552,28.375855527404944,10.470016650836603
28.612831613132837,77.09025161633066,75.59466882839402,69.00922483611669,32.03366230272378,8.740822187995478
28.52261020411128,77.06006385332148,50.98398832723091,37.113632574102255,22.652090979154625,15.27770658733495
28.796829351633892,77.20827068748193,72.06373021812509,54.948308130861186,28.562745070866427,4.257629233109036
28.78740313239458,77.22650407542226,58.09688377278533,41.47911104421163,22.138295525605734,17.501354325552956
28.73726160531193,76.91930894521906,56.87435996467152,42.2330123398511,31.128643508149537,11.399834925019551
28.534936463103662,77.14786367259056,43.599988289136824,44.5602413900153,18.222713010085126,11.00592600173751
28.687241508425856,76.90738074889104,83.89496373689968,68.59417837988502,27.215744893239474,1.6176289644303568
28.57746926328764,77.2193444423541,81.50212986404456,76.94358554182887,40.86444434166395,1.0
28.448479636027905,77.17152855645789,75.95006739816357,57.21799003344297,25.646667739818916,8.850341654940156
28.84385465984432,77.32328129354961,54.37010756124096,36.60884448375003,17.986290222777,6.8779932747144485
28.47013970953749,76.87375663245658,57.510360221004476,29.456041054909253,17.6506407866418,11.406196237489844
28.859619154258034,76.86772859783767,49.04238012053599,52.447066124462836,24.56356076783104,5.2395856879818705
28.618184047595605,76.98173951646103,45.40484629590371,31.4670895909725,8.294236278033136,10.752615602573076
