latitude,longitude,city,provider,signal_strength,download_mbps,upload_mbps,latency_ms,plan_mbps,technology,coverage_type
19.305649369599735,72.8187814153099,Mumbai,jio_fiber,-50.38353417489643,1045.6759540162884,474.58103476638615,35.48773295193265,1000,FTTH,high
19.393250607144378,72.83443094154522,Mumbai,jio_fiber,-48.68308166475631,1008.7959788110294,465.4670655517638,32.20898004508751,1000,FTTH,high
19.491372233204824,72.63873910374421,Mumbai,jio_fiber,-53.43384671705981,26.941032638279857,11.86197541753123,41.58220572860891,30,FTTH,high
19.192076816212445,72.88681425448881,Mumbai,jio_fiber,-48.15799118851637,1041.8125708877706,483.13251756216073,28.009414975090962,1000,FTTH,high
19.192106347224676,72.51025729354818,Mumbai,jio_fiber,-53.89497204649631,94.39985935864928,41.37022564829524,37.98726628583705,100,FTTH,high
18.86351226786088,73.2494139444946,Mumbai,jio_fiber,-50.42775344779947,286.3731252092923,129.914436632387,49.804128452473755,300,FTTH,high
18.947243432600153,72.73068574134447,Mumbai,jio_fiber,-48.58836929368137,29.5637970791073,13.653432730492174,35.9869958315343,30,FTTH,high
19.016298205480048,72.55051811128796,Mumbai,jio_fiber,-47.40690714214348,278.1897127514137,129.93696584126556,38.54279212714938,300,FTTH,high
19.077925687839475,73.12674437482315,Mumbai,jio_fiber,-52.39087242460479,27.475491201468316,12.224655350597512,36.89061053279159,30,FTTH,high
18.993289485101744,72.81972908034786,Mumbai,jio_fiber,-52.0076732673289,276.5416011383306,123.51248416341834,20.73158111568275,300,FTTH,high
18.761708410995638,72.6687657911448,Mumbai,jio_fiber,-46.2708346312639,89.09680115354676,42.06523921584674,30.593672666308837,100,FTTH,high
19.426598362365734,72.53511746422049,Mumbai,jio_fiber,-49.53107592257951,29.692433663539227,13.588435322554734,43.81220959415655,30,FTTH,high
18.906973533698956,73.1485813463867,Mumbai,jio_fiber,-47.31963715023965,311.89980934599515,145.80326719903485,43.574661858141944,300,FTTH,high
18.685920680465795,73.1581530493815,Mumbai,jio_fiber,-52.997252610456165,30.51995440477483,13.496974726572024,43.71897403911113,30,FTTH,high
19.158147933510048,72.91832605647434,Mumbai,jio_fiber,-45.026853745161546,90.64815955155005,43.29885737429187,17.36219341677364,100,FTTH,high
18.628725473915015,72.82075289764047,Mumbai,jio_fiber,-54.636549835428816,89.32841794166615,38.85327634450769,47.40589488445501,100,FTTH,high
18.984744043304655,73.22699863467237,Mumbai,jio_fiber,-49.61926853231658,89.31292193759049,40.83812772646853,34.65421055433806,100,FTTH,high
19.143265790178393,72.71513722247835,Mumbai,jio_fiber,-51.59200489361387,94.42624438095474,42.3482800262569,31.266659610078147,100,FTTH,high
19.254717938431874,72.43809091560412,Mumbai,jio_fiber,-51.378952958043726,86.50140829762375,38.87605767848657,43.25947973791993,100,FTTH,high
18.960739434283912,72.49153010401355,Mumbai,jio_fiber,-51.92779320023015,88.47446520993883,39.54698760708005,47.17504868718107,100,FTTH,high
18.785158511224658,72.69433506028857,Mumbai,jio_fiber,-50.84087972269913,29.39702842879839,13.282115772615326,34.16980341367087,30,FTTH,high
18.671230345663112,72.424355198184,Mumbai,jio_fiber,-50.7323167762081,281.864025924978,127.48732845562591,53.340824561890294,300,FTTH,high
19.01589672537279,72.57990328569984,Mumbai,jio_fiber,-45.73845526272719,270.8412149250946,128.5130065952125,45.138555501444785,300,FTTH,high
19.06376660027521,73.37587555711197,Mumbai,jio_fiber,-49.001358446602104,30.625666968929867,14.08762190200449,45.759989213871584,30,FTTH,high
18.836885039946424,72.61735973386655,Mumbai,jio_fiber,-48.178831498445966,31.407927223156342,14.562274080584173,30.877211821043705,30,FTTH,high
18.88906470217364,73.3733098198561,Mumbai,jio_fiber,-55.61936604566352,93.38721464130953,40.21072247857671,47.762152643596515,100,FTTH,medium
19.156891802287525,72.42775714415662,Mumbai,jio_fiber,-53.921688451057236,101.09399791602421,44.291891654640025,46.263564163908,100,FTTH,high
19.337941939089696,73.18933521532401,Mumbai,jio_fiber,-50.88466529997927,299.1917559555445,135.12209075959814,40.88588204311727,300,FTTH,high
18.797032197062805,72.42108942067695,Mumbai,jio_fiber,-54.02072795297086,289.42036835616943,126.67514307243819,48.75221672473239,300,FTTH,high
18.616213249827133,72.7671185922809,Mumbai,jio_fiber,-50.7860454058106,434.4214667533094,196.3854459737212,44.17999742425068,500,FTTH,high
19.057242970239173,72.37816309766072,Mumbai,jio_fiber,-54.26877111143331,86.98143648436631,37.974637317120504,38.80532588341685,100,FTTH,high
19.13807124555396,73.19505048220029,Mumbai,jio_fiber,-48.05714137171243,29.744112416433254,13.80693390281525,34.26772738573103,30,FTTH,high
19.084409469671037,73.10280483365965,Mumbai,jio_fiber,-50.35152942081918,896.7842330622307,407.13394598591333,36.57155319001379,1000,FTTH,high
19.45318319484138,72.59524302552036,Mumbai,jio_fiber,-47.97091452120039,97.15411876045853,45.13524970901963,42.46220126580899,100,FTTH,high
18.622678498229174,72.6416291872178,Mumbai,jio_fiber,-51.243482072827995,27.136627137807608,12.212268321166215,40.90635224501974,30,FTTH,high
19.175835753757426,72.94429158209962,Mumbai,jio_fiber,-47.69019838741418,29.539213446096788,13.759996004787698,24.345080795932624,30,FTTH,high
18.68653383547354,73.0403627610578,Mumbai,jio_fiber,-53.809502440043865,308.4045922764214,135.27378960682415,46.787474245249385,300,FTTH,high
18.86356402308534,72.64935729871722,Mumbai,jio_fiber,-51.54618875945631,30.168336580173836,13.536038029138039,29.41989633749432,30,FTTH,high
19.481168663430697,72.43092339798532,Mumbai,jio_fiber,-54.579433690308534,869.074048924872,378.2232134923555,53.37599896654536,1000,FTTH,high
19.56174525820491,72.93035842648688,Mumbai,jio_fiber,-50.93196420934403,26.390121711323896,11.912857006646723,46.882224145891485,30,FTTH,high
18.703833208738637,73.17784973693021,Mumbai,jio_fiber,-49.52298604552158,276.64598018665725,126.61411983169674,40.43437916794328,300,FTTH,high
19.527415653039434,73.19162784643056,Mumbai,jio_fiber,-52.2753943195026,27.370108649762468,12.191814874910285,46.95243832540318,30,FTTH,high
18.592081215446374,73.03522927630715,Mumbai,jio_fiber,-50.88793045189001,30.241335512487094,13.657265276989188,54.39185587087049,30,FTTH,high
18.99866276193225,73.03513715085155,Mumbai,jio_fiber,-51.47223821176351,28.48060798071122,12.788142571819735,25.31907157840735,30,FTTH,high
19.331278998694195,72.40132088863486,Mumbai,jio_fiber,-51.09842879729288,295.04640495107526,132.96964017666318,42.57025008394629,300,FTTH,high
19.398419466701064,72.64521336416887,Mumbai,jio_fiber,-50.78748512756218,26.52614739229025,11.991294049541334,32.53017416124653,30,FTTH,high
19.465525739012033,72.50647755540213,Mumbai,jio_fiber,-52.241069624312786,101.69240725580282,45.313653239091394,48.74287605195574,100,FTTH,high
18.93131897558069,72.83777767153619,Mumbai,jio_fiber,-47.71350001988364,30.45476831140069,14.183327018031274,22.87626663179803,30,FTTH,high
19.032155146447884,72.53728460812525,Mumbai,jio_fiber,-53.38565434443912,99.60176682831701,43.875395312561736,34.58614932486771,100,FTTH,high
18.911311354475938,72.67064507845707,Mumbai,jio_fiber,-49.698562677286475,89.19302435443687,40.751871567981794,28.491477977920198,100,FTTH,high
19.460066195292246,72.6646721031888,Mumbai,jio_fiber,-52.96013118690084,273.7401166033482,121.10246798035443,42.852193055036345,300,FTTH,high
19.244282754145143,72.46108200793407,Mumbai,jio_fiber,-48.62269650597276,30.914441145672715,14.2724834899435,49.16757872248223,30,FTTH,high
19.41056669810706,72.8690884372226,Mumbai,jio_fiber,-48.78632711677588,277.99922221888625,128.1436462000013,37.40750587403964,300,FTTH,high
19.08132492321958,72.73258711977032,Mumbai,jio_fiber,-40.54162481837828,476.6406881609061,237.17296440864482,21.15760098866909,500,FTTH,high
19.15461213029516,72.9284042360251,Mumbai,jio_fiber,-46.851929541459235,92.38842892433239,43.38070777134113,26.429835776523355,100,FTTH,high
18.95945052040904,73.22264581590453,Mumbai,jio_fiber,-51.52645170703755,26.431864345430938,11.86186280425068,26.976016714256694,30,FTTH,high
18.92831528622044,72.80456980224334,Mumbai,jio_fiber,-51.48087830763372,91.50379094513187,41.08281152355164,26.399133813720187,100,FTTH,high
18.746369268160763,72.6581989454309,Mumbai,jio_fiber,-49.04921623801141,477.2218852257362,219.41768024433853,41.59442963610848,500,FTTH,high
19.48664603110496,73.29788302943312,Mumbai,jio_fiber,-48.48842953500882,29.06342724960479,13.43525649478406,53.328298162400664,30,FTTH,high
18.81957768315772,72.9452700211284,Mumbai,jio_fiber,-48.36881525558701,91.43413138872025,42.31619745592782,31.739343370866166,100,FTTH,high
18.643782921380094,72.59240148045933,Mumbai,jio_fiber,-50.26865569425026,26.49943184380238,12.040322403246709,49.1293140397008,30,FTTH,high
19.53187543356802,72.97160064922407,Mumbai,jio_fiber,-56.97618742968204,1001.2736172102368,425.0909926310887,40.423738453910744,1000,FTTH,medium
18.788246736153237,72.54944508585913,Mumbai,jio_fiber,-52.211762161361854,96.41698667196549,42.97550973796835,40.685284364711194,100,FTTH,high
18.579843895583597,72.49913335816512,Mumbai,jio_fiber,-54.663537585703786,86.35850769817014,37.551159522518816,47.098581739756966,100,FTTH,high
19.11078806750121,73.09456489910136,Mumbai,jio_fiber,-45.075713173752476,27.525840873024425,13.14197255589966,32.22942766145175,30,FTTH,high
19.10772694393417,73.28161711812582,Mumbai,jio_fiber,-48.04225254462013,27.44753481154319,12.74270070940856,39.690225713129784,30,FTTH,high
19.046381182027904,72.4047914623872,Mumbai,jio_fiber,-55.72135240753201,26.431372660420553,11.368855555946817,36.410586257204876,30,FTTH,medium
19.28734694328823,72.84055618782291,Mumbai,jio_fiber,-44.73748212798094,107.06854063024502,51.27989121421235,34.09120656400939,100,FTTH,high
19.263861635265073,72.41016746002511,Mumbai,jio_fiber,-51.43228892694396,30.193733714750746,13.562718023552085,48.851361401939464,30,FTTH,high
19.102149874583194,73.21804059189559,Mumbai,jio_fiber,-48.918229163134136,505.0104700499014,232.48835012856355,29.154194637558668,500,FTTH,high
18.75111983693075,72.88487644690058,Mumbai,jio_fiber,-46.60630154895147,319.34952323734825,150.2982316185861,28.399382110075578,300,FTTH,high
18.741023201445067,72.39994960980945,Mumbai,jio_fiber,-57.27701691642215,488.3550464254899,206.67833033135244,45.69794841801957,500,FTTH,medium
18.751903361177455,72.52827043658108,Mumbai,jio_fiber,-50.74830672536183,476.5391975421535,215.50520116289516,54.95713772531052,500,FTTH,high
19.30543618968253,73.3467485027846,Mumbai,jio_fiber,-52.45357200232809,285.8822837806705,127.11778364476827,42.039794469488044,300,FTTH,high
18.687323914004622,73.14394518130587,Mumbai,jio_fiber,-53.48030166959483,931.6696887347281,410.01622898709,41.828983505033335,1000,FTTH,high
19.10722465112768,73.16704661509432,Mumbai,jio_fiber,-49.84716486320999,100.0218446703518,45.633448582325514,45.42576040359762,100,FTTH,high
18.609712570107146,73.3648721529776,Mumbai,jio_fiber,-57.73887581360131,99.73379570366835,42.003940445583254,55.49727086733656,100,FTTH,medium
19.50326572217368,73.29951245705658,Mumbai,jio_fiber,-54.77063572117233,30.233527889029986,13.132015380004919,55.86414438171443,30,FTTH,high
19.050148814078987,73.17828694088934,Mumbai,jio_fiber,-49.66891870372211,29.28686878882379,13.384890601497611,33.19645187724236,30,FTTH,high
19.14559360840601,73.31465139092663,Mumbai,jio_fiber,-50.23654093940078,509.59284950349854,231.6121222345561,48.086086575247684,500,FTTH,high
18.74444847322671,73.21400611006867,Mumbai,jio_fiber,-50.40010452507444,27.919674607255487,12.669314929309861,34.10705599302552,30,FTTH,high
19.084418584748114,72.7353041499367,Mumbai,jio_fiber,-47.51692467014554,29.951493942663763,13.975110865885997,25.429019579901126,30,FTTH,high
19.00370539746595,73.29472080901398,Mumbai,jio_fiber,-50.48742418045604,93.310018026845,42.30575683860684,45.000796434617996,100,FTTH,high
19.36841060044025,72.68415306417556,Mumbai,jio_fiber,-48.98579976409099,99.03060415301586,45.56032794568145,32.67991549482799,100,FTTH,high
19.220878224832305,72.48017750357464,Mumbai,jio_fiber,-53.957603700848146,94.3686706072842,41.330288609809436,40.83748103653035,100,FTTH,high
18.62499886331943,73.36770477760348,Mumbai,jio_fiber,-54.47318913973548,306.88435602309636,133.70175432822285,53.118121776345426,300,FTTH,high
19.515180590629463,72.46265194180161,Mumbai,jio_fiber,-56.318486023745336,89.2536829853249,38.15357492215658,47.183743610891554,100,FTTH,medium
19.551572397359166,72.73427645110812,Mumbai,jio_fiber,-53.395368507537064,92.69825517841457,40.83033964200476,43.39520645418945,100,FTTH,high
18.987063825925826,73.06035227027559,Mumbai,jio_fiber,-46.896737828649755,31.914635747463922,14.97906509307813,32.52111880899654,30,FTTH,high
19.185045257505145,73.08729704593856,Mumbai,jio_fiber,-50.95897076590946,28.740867863720307,12.970565795391808,28.386120627492485,30,FTTH,high
18.85706336123843,72.83148635752688,Mumbai,jio_fiber,-46.35992482949632,26.668757696820478,12.58055087397544,33.791054405048484,30,FTTH,high
19.373817462632033,72.40279417818624,Mumbai,jio_fiber,-51.73912403614568,29.234590182349834,13.092012956523844,48.91269077065776,30,FTTH,high
18.690301897850222,73.30682420343494,Mumbai,jio_fiber,-54.66902710470305,30.408189585485452,13.221612316145235,43.03926022967159,30,FTTH,high
19.426681786602995,72.4520589020173,Mumbai,jio_fiber,-51.74423920595064,31.145247610788477,13.946947191751294,46.4797548835415,30,FTTH,high
18.744267555577387,73.05468110595571,Mumbai,jio_fiber,-52.50428974408227,516.470567744266,229.53262776828862,36.336247699096965,500,FTTH,high
19.43527818279833,72.98461348718126,Mumbai,jio_fiber,-48.480898460199356,30.999654491942678,14.331360925760544,37.37121863657773,30,FTTH,high
18.649202822350023,72.43849598215782,Mumbai,jio_fiber,-61.755202070728025,87.9230632029835,35.46026934967709,53.29339479297395,100,FTTH,medium
18.97417218029133,73.21416101867783,Mumbai,jio_fiber,-50.93014207489172,93.35226301246692,42.14122707183825,39.8717120699283,100,FTTH,high
18.62923361953775,73.19634400687606,Mumbai,jio_fiber,-56.18917468344585,891.771111559617,381.72094110118934,43.723299575588655,1000,FTTH,medium
18.615797184235653,72.47375370308013,Mumbai,jio_fiber,-52.182323791013644,98.6398671028796,43.9792099969961,47.78183364371303,100,FTTH,high
19.36192485418267,72.64135819208528,Mumbai,jio_fiber,-47.18542966652383,28.331329442727352,13.260896832164418,28.0512885521455,30,FTTH,high
19.213596532294638,72.48009691222241,Mumbai,jio_fiber,-50.63998127235691,263.93839990736933,119.48786825559462,38.11808680637011,300,FTTH,high
19.357244634856766,73.01715291665336,Mumbai,jio_fiber,-52.774019652442576,27.831042660990637,12.33545783760882,37.195658198421334,30,FTTH,high
18.9004251259792,72.5884626666271,Mumbai,jio_fiber,-42.60939733547388,95.33221866063364,46.56051094205962,42.24750835262629,100,FTTH,high
19.54999952856387,72.43698426464042,Mumbai,jio_fiber,-56.809204090047025,91.69795517009955,38.9984458379645,45.18712683391431,100,FTTH,medium
19.4395842076769,73.17944413578863,Mumbai,jio_fiber,-51.88481432893816,86.41269924042753,38.64191012628106,44.94703447209349,100,FTTH,high
19.052451239882956,72.51271231240874,Mumbai,jio_fiber,-49.146876008620886,99.25953510586886,45.59459128499339,31.27835089841182,100,FTTH,high
18.73579186466268,72.74082466212054,Mumbai,jio_fiber,-51.98721550925503,92.97368489656046,41.53352868141516,38.8701106727048,100,FTTH,high
18.609693846065095,72.76909094652429,Mumbai,jio_fiber,-52.597664250466195,29.98827818747911,13.315106826826485,48.12399213281361,30,FTTH,high
18.59799458784563,72.54903068907312,Mumbai,jio_fiber,-51.189159124746965,457.1430111647718,205.83796827265874,60.47670691057327,500,FTTH,high
19.46463953417341,73.17434747377519,Mumbai,jio_fiber,-52.69805758095158,30.93973623883851,13.723758998084918,38.15981818843178,30,FTTH,high
19.384156336119585,73.08884249895789,Mumbai,jio_fiber,-49.97066587796304,31.49459381527411,14.35164325477368,38.405112811476194,30,FTTH,high
18.67640181469139,72.89288790780283,Mumbai,jio_fiber,-45.57786676177852,28.07880157272669,13.343312724127404,41.29204269576514,30,FTTH,high
19.076016878912675,72.94630350426371,Mumbai,jio_fiber,-45.031541965585724,502.876625291916,240.1927800074318,25.88575993771516,500,FTTH,high
18.706335725947692,72.64101932642747,Mumbai,jio_fiber,-53.95270370770865,506.53473760307986,221.85612830626116,43.641746218120566,500,FTTH,high
19.529222775303456,73.30102981317032,Mumbai,jio_fiber,-52.64086292185855,27.588946162277555,12.244481585157063,45.59750235238585,30,FTTH,high
18.671735762992366,72.66456364404168,Mumbai,jio_fiber,-50.297497611496944,88.41656861751447,40.16175362362119,53.78013727276097,100,FTTH,high
18.835342276963893,73.36219878994478,Mumbai,jio_fiber,-53.09241741755608,93.62660375354291,41.36530819797365,48.377378521782575,100,FTTH,high
19.381852449123176,72.52188451163475,Mumbai,jio_fiber,-52.72347530177656,303.5492496888292,134.60928537202074,46.117087309282084,300,FTTH,high
19.537195438008496,72.92728853291881,Mumbai,jio_fiber,-51.44072346408538,30.617833504532538,13.752071569178424,45.8362961300435,30,FTTH,high
18.807721682552142,72.93256152688838,Mumbai,jio_fiber,-52.83584597927188,29.434495780443026,13.038062759931313,37.98550002098241,30,FTTH,high
18.795579082541668,73.09315287799888,Mumbai,jio_fiber,-46.52825047438424,101.71040925276317,47.90413339325196,36.20725115533305,100,FTTH,high
18.81876348846328,72.8064595502783,Mumbai,jio_fiber,-47.70843587510162,30.02081307782208,13.981902038783023,30.932811090379815,30,FTTH,high
19.157663006397783,72.40462665901937,Mumbai,jio_fiber,-50.94385594748761,92.69401833803667,41.83843146286168,43.58056839174309,100,FTTH,high
18.8784922206062,72.67016960702375,Mumbai,jio_fiber,-52.530588239188816,29.049829065981992,12.907085882125934,31.80207773545233,30,FTTH,high
18.968040896745542,73.08913329497358,Mumbai,jio_fiber,-43.86838937536308,26.662779080237954,12.872980600956108,31.047576722723043,30,FTTH,high
18.707462457128067,73.20747742059763,Mumbai,jio_fiber,-54.53262313264281,28.309419716100646,12.326220400992995,47.214750589994665,30,FTTH,high
18.99497542976077,73.29056215179304,Mumbai,jio_fiber,-55.105036729327544,89.50580790643706,38.74406610470801,33.48487365407437,100,FTTH,medium
19.262254495184187,72.8894410540178,Mumbai,jio_fiber,-44.166472038200205,509.5747783147132,245.35125997859964,29.620313881703094,500,FTTH,high
18.702006766606107,73.09013694480193,Mumbai,jio_fiber,-52.80250880968686,27.337068945062242,12.113054179197002,43.95358041704899,30,FTTH,high
18.731801508190898,72.53428314115378,Mumbai,jio_fiber,-48.08465204209935,97.90337706054764,45.433845253469464,42.924738545469495,100,FTTH,high
18.776453970978054,73.0390107799054,Mumbai,jio_fiber,-46.77351047976187,99.95651642694985,46.96911816219299,38.202398454291284,100,FTTH,high
19.153793444728894,73.20808169274159,Mumbai,jio_fiber,-52.53275457131604,463.8398200461284,206.08350724510186,37.10528579422634,500,FTTH,high
18.757189050695693,73.10257205292136,Mumbai,jio_fiber,-48.30144702236152,30.401868469558877,14.079247565975678,38.75229862036269,30,FTTH,high
19.362584727961682,72.73102201898159,Mumbai,jio_fiber,-42.96471687148772,509.03540034181407,247.81038532833867,38.86546743820362,500,FTTH,high
19.21729501467437,73.14983902583451,Mumbai,jio_fiber,-49.322436788739694,103.40734106650156,47.41918875287697,37.15161149840771,100,FTTH,high
18.588485014618936,73.24803481612616,Mumbai,jio_fiber,-52.02168830451805,289.9177584324531,129.46865287925095,52.570114333389704,300,FTTH,high
18.68551649127989,72.69280648399764,Mumbai,jio_fiber,-40.0,27.887891932134437,13.943945966067218,36.510623540456585,30,FTTH,high
19.309678689612024,72.84673598793626,Mumbai,jio_fiber,-49.779116996202184,30.92913861505606,14.12030412926853,31.39272248761921,30,FTTH,high
18.9369791214291,73.07075853585317,Mumbai,jio_fiber,-50.11767551322623,27.76372657694281,12.633399392722769,33.971012407542254,30,FTTH,high
19.25560890756935,73.14453095417873,Mumbai,jio_fiber,-51.70493641591609,102.27809922248483,45.818344508398226,32.506010265165784,100,FTTH,high
18.669818077221297,72.50038983253988,Mumbai,jio_fiber,-54.49208767073938,84.34927203758997,36.74176026176476,48.67620181303817,100,FTTH,high
19.19217946078318,72.91303652355477,Mumbai,jio_fiber,-49.883352388337954,87.35712926609199,39.84131444562209,32.75905239455045,100,FTTH,high
18.89353631815507,72.57524471115477,Mumbai,jio_fiber,-53.883315974732454,30.521709203989634,13.377554455470872,37.77020569324382,30,FTTH,high
18.971886065537387,73.07997776435873,Mumbai,jio_fiber,-52.260625779204055,266.2350102206611,118.60991475638346,29.384767864512778,300,FTTH,high
19.086699125512492,73.33554133217154,Mumbai,jio_fiber,-48.95586088606637,29.029194575405043,13.359124273249721,43.27902616665254,30,FTTH,high
19.291400057738713,72.95669577823865,Mumbai,jio_fiber,-51.704984766280454,493.13373351155127,220.91298747359025,36.6654342970972,500,FTTH,high
19.185086160410837,72.97888013579866,Mumbai,jio_fiber,-46.269860236410395,105.86342189400551,49.98171601623137,30.933544534490224,100,FTTH,high
18.856069847806577,72.98822681914255,Mumbai,jio_fiber,-47.98235817810334,31.38706679574363,14.580009800877681,32.576271608661045,30,FTTH,high
19.01911628503783,72.58065660066684,Mumbai,jio_fiber,-48.77339833249242,517.9375595871637,238.77290191972756,34.44178452204079,500,FTTH,high
19.359611098255566,72.44457116666723,Mumbai,jio_fiber,-49.28151782952529,26.93524760113188,12.356512774554457,36.34835059868038,30,FTTH,high
19.02569977448782,72.47101516405412,Mumbai,jio_fiber,-51.84680087233391,31.20002635353054,13.957255401557061,51.565463886148365,30,FTTH,high
19.23158494550684,72.71345386051688,Mumbai,jio_fiber,-47.747049430828916,89.35147863531702,41.599248998967596,22.959228573541196,100,FTTH,high
18.821836790998503,72.73308233231,Mumbai,jio_fiber,-50.02231134553014,104.81851608186183,47.74026336115813,30.9385303483434,100,FTTH,high
18.667930482111533,73.07871165770531,Mumbai,jio_fiber,-52.36161126302935,268.40428780314517,119.45587960311599,45.61085756461533,300,FTTH,high
19.134134288029557,72.7873734171976,Mumbai,jio_fiber,-46.88567799062388,88.9799556231461,41.76692304694644,24.870371489198245,100,FTTH,high
18.875464121712483,73.29505144775416,Mumbai,jio_fiber,-47.51567388429191,305.18311914460446,142.39752935682736,39.19783517586789,300,FTTH,high
18.582326097872436,72.89473257053658,Mumbai,jio_fiber,-53.23270362249975,26.36908516896723,11.633723522984074,39.68885369667676,30,FTTH,high
18.925206095652662,72.50091885886576,Mumbai,jio_fiber,-49.2881872830439,30.349025575295894,13.921679750309115,43.57410567372747,30,FTTH,high
19.337062599750393,73.29622305473082,Mumbai,jio_fiber,-54.1090849106524,458.7550171022868,200.61033748677025,46.85077115540722,500,FTTH,high
19.572063077908822,72.41172955742012,Mumbai,jio_fiber,-52.339863843989946,310.83168202117383,138.36863819041065,55.19299055916291,300,FTTH,high
18.82350130286108,73.31013258013549,Mumbai,jio_fiber,-53.831115211974314,496.00797444464604,217.51357193075896,42.217943017303355,500,FTTH,high
19.102358671059125,73.0132346768991,Mumbai,jio_fiber,-46.08257075243281,503.2678556410327,238.0287618677976,27.984803241880204,500,FTTH,high
18.951662158568165,73.27147650704839,Mumbai,jio_fiber,-52.95996066467977,257.05047539392206,113.71917525277229,41.23998963633344,300,FTTH,high
18.675866169294128,72.45970245480883,Mumbai,jio_fiber,-56.80261890876018,497.25735825133637,211.49434183556136,36.71010332559871,500,FTTH,medium
18.994326852105885,72.76442853708222,Mumbai,jio_fiber,-46.82229340083692,27.45170693948129,12.893481918207613,25.04661299368224,30,FTTH,high
19.32422476905678,73.3080858713346,Mumbai,jio_fiber,-53.970634815048925,276.45653159512773,121.06260693022803,43.155944412279,300,FTTH,high
18.82709671544082,73.10704346359913,Mumbai,jio_fiber,-52.771095085621596,433.79532889368625,192.27525825573306,33.21595898698398,500,FTTH,high
18.865011187894993,72.64385662207675,Mumbai,jio_fiber,-47.30225736875141,89.43025263273802,41.81271422180585,36.00994628900661,100,FTTH,high
19.115540904100833,72.63244006026595,Mumbai,jio_fiber,-46.595044240969585,288.52995536300017,135.8077873683269,36.98702439890115,300,FTTH,high
19.106033859144738,72.50888276410215,Mumbai,jio_fiber,-51.00268335606896,30.29078745271469,13.664149535476428,40.222184749036465,30,FTTH,high
18.66148953692067,72.5284041399278,Mumbai,jio_fiber,-51.79560837913912,272.3500189450981,121.89707984798238,47.852540862964666,300,FTTH,high
19.075634700585017,72.97259563484302,Mumbai,jio_fiber,-40.0,316.9929093551563,158.49645467757816,30.343069587107163,300,FTTH,high
18.92504549952884,72.83597875399285,Mumbai,jio_fiber,-47.30475720998184,485.1702189877673,226.8337732484643,26.97505992805224,500,FTTH,high
19.213362388659807,73.13651970292099,Mumbai,jio_fiber,-45.96112078977104,29.626201646185727,14.028188082848299,31.529292167857285,30,FTTH,high
19.48050356044395,72.5703597448162,Mumbai,jio_fiber,-52.07638035415838,104.09271818152794,46.45941128250464,45.26438660654835,100,FTTH,high
18.64827542790883,72.92113997190283,Mumbai,jio_fiber,-52.52751059750489,87.28112403800137,38.78093887967534,34.315150899288476,100,FTTH,high
19.31027746348716,72.90600454067223,Mumbai,jio_fiber,-49.377494093970405,28.074168609384873,12.867016081014054,39.26470570740594,30,FTTH,high
18.613333009733203,72.94383198017316,Mumbai,jio_fiber,-53.03459047691013,25.81121854870989,11.410326325499566,54.52689821971252,30,FTTH,high
19.056955474804038,72.91106887758602,Mumbai,jio_fiber,-44.71484541871677,31.812255043418837,15.23950589970714,29.957121291726942,30,FTTH,high
19.252347677929034,72.88520829977418,Mumbai,jio_fiber,-52.588757601476296,290.86113147735836,129.15687560596987,31.611016581796328,300,FTTH,high
18.595189809311645,72.41774220914628,Mumbai,jio_fiber,-56.70696216978858,98.53120011597062,41.94934657851247,47.92695652488053,100,FTTH,medium
19.143993332294382,73.26102397770583,Mumbai,jio_fiber,-49.71039667148867,102.38926003238235,46.77578410590392,35.33253401682369,100,FTTH,high
19.530470987427076,72.75108014537582,Mumbai,jio_fiber,-49.36523570060927,96.37126083706235,44.17434342962458,45.00793834493257,100,FTTH,high
18.7840565632048,72.77007766152614,Mumbai,jio_fiber,-48.74470285706375,31.542931634729065,14.545538864536168,32.366470437996554,30,FTTH,high
18.976262279021686,73.06944922237098,Mumbai,jio_fiber,-47.471151887264014,100.34678324001058,46.84136469118539,36.49520715773147,100,FTTH,high
18.74157433658642,73.00916773180161,Mumbai,jio_fiber,-49.45883792913652,30.148009599815587,13.806604192393538,44.48115363946199,30,FTTH,high
18.577762123116486,72.56965245630877,Mumbai,jio_fiber,-50.51577666437635,100.97021589563919,45.766084658431126,49.21075861071136,100,FTTH,high
18.889905695105156,72.6268180199296,Mumbai,jio_fiber,-52.363150822344465,26.6783076170589,11.873251849620114,42.71092378738575,30,FTTH,high
18.98281418711476,72.81562458913338,Mumbai,jio_fiber,-47.225276306844854,95.71937174115828,44.78591294281263,21.002101964391812,100,FTTH,high
18.906019623344463,72.93311225294185,Mumbai,jio_fiber,-44.21387230543444,26.536117257496304,12.77108169716982,25.7806706976772,30,FTTH,high
19.25290014659638,73.35175025172327,Mumbai,jio_fiber,-48.2918873997504,304.79294592374396,141.1639894603702,39.59661592515234,300,FTTH,high
19.281515244598513,72.73333217032241,Mumbai,jio_fiber,-47.05120248541105,28.987547985556144,13.585342568770402,40.36916897964017,30,FTTH,high
19.505535187763336,73.27414666474859,Mumbai,jio_fiber,-56.40926116972057,100.22800467620104,42.80436898142604,49.36359722903628,100,FTTH,medium
19.189942353353377,73.19162552582982,Mumbai,jio_fiber,-45.973181477680036,27.652587582067476,13.09218746234427,33.060377218553384,30,FTTH,high
19.513190643076932,72.41308746421566,Mumbai,jio_fiber,-52.08216384548037,26.303428875794058,11.739259605117992,49.80409768026761,30,FTTH,high
19.23560169981783,72.65845953371284,Mumbai,jio_fiber,-50.857741390446556,962.0940368838419,434.619604016252,25.599795134909396,1000,FTTH,high
18.92939424455767,73.12128698429484,Mumbai,jio_fiber,-45.16821554530194,264.53729159283,126.19226471764995,35.618831691273726,300,FTTH,high
19.198705813301565,72.6857828525036,Mumbai,jio_fiber,-45.37663638902068,29.209937601481247,13.90696340772219,36.10687768335929,30,FTTH,high
18.744897780210692,73.3248968972771,Mumbai,jio_fiber,-57.535525322466405,98.31384151314784,41.494765834783905,50.858350824867344,100,FTTH,medium
18.604212889396855,72.8310349488608,Mumbai,jio_fiber,-53.64296728490067,271.63115808733977,119.3451123621354,36.907096632925516,300,FTTH,high
19.540325112841625,73.32162865148223,Mumbai,jio_fiber,-57.39071463488907,266.4978518751829,112.65075663638149,42.85220702751647,300,FTTH,medium
18.851878996109257,72.63571871604323,Mumbai,jio_fiber,-52.06493887073006,31.224497861716902,13.937930450987981,33.899346563248706,30,FTTH,high
19.399617484173596,73.15381617153669,Mumbai,jio_fiber,-53.52756855558373,90.2473169167609,39.69776171816279,54.37695547506202,100,FTTH,high
28.350032772663557,77.56178659708387,Delhi,jio_fiber,-55.57516276408053,90.63602773526041,39.04392104866844,37.696031545435936,100,FTTH,medium
28.27482140038681,76.86077450695636,Delhi,jio_fiber,-57.638945092837226,29.929366229818378,12.61836112561504,48.103515794696875,30,FTTH,medium
28.849711155077454,77.48251476057219,Delhi,jio_fiber,-48.06421693962244,101.75678398275546,47.23133074197668,30.552921208391236,100,FTTH,high
28.871235255803885,76.84838820931624,Delhi,jio_fiber,-53.26055037065022,29.17529514327703,12.868178812411797,39.726607134624196,30,FTTH,high
28.689796830525385,76.96432185173015,Delhi,jio_fiber,-48.26596869112415,31.589447537017627,14.634202060460384,36.310029732543555,30,FTTH,high
28.888051565834513,76.77093341214542,Delhi,jio_fiber,-56.846472957719236,100.22820679340518,42.60969550627685,45.264780430261126,100,FTTH,medium
28.32169177510816,77.28194297019593,Delhi,jio_fiber,-48.39796413978502,28.667583212552454,13.263794558305923,35.468282217251875,30,FTTH,high
28.687046993324472,76.72781267958132,Delhi,jio_fiber,-53.53993707440221,1015.5501238203568,446.66179625493834,41.899299059576634,1000,FTTH,high
28.83329468714649,76.72876750407747,Delhi,jio_fiber,-45.938284630954634,91.9784247262982,43.561683181230904,43.38788422551641,100,FTTH,high
28.583815182026548,77.31618521836707,Delhi,jio_fiber,-45.197726681253314,31.730452923254695,15.132221031549777,29.72315045746326,30,FTTH,high
28.416821566865345,77.17029249109113,Delhi,jio_fiber,-45.66711725738373,263.4034680779323,125.06734141852537,28.22460831365666,300,FTTH,high
28.124315849811836,77.36513538067872,Delhi,jio_fiber,-48.29028184179161,307.5516714380937,142.44387999844292,43.06115284314492,300,FTTH,high
28.485328882042605,77.56485501756785,Delhi,jio_fiber,-56.400170398514256,25.614699367684707,10.940303309012378,40.969552020112644,30,FTTH,medium
29.02540772544985,76.7391236986312,Delhi,jio_fiber,-53.98687151432421,485.4280469774061,212.53793583304832,55.87648853373611,500,FTTH,high
28.12672456357092,77.43020739102576,Delhi,jio_fiber,-51.723227091816895,28.11405150301825,12.592192817105039,41.702988745616764,30,FTTH,high
28.17796070936619,77.4994527914477,Delhi,jio_fiber,-48.1405188531702,27.069133170189172,12.55520307882392,52.549166220653824,30,FTTH,high
28.515334952879456,76.7325753291511,Delhi,jio_fiber,-52.5369929815617,94.94023621279887,42.18005110609868,43.69108270162929,100,FTTH,high
29.10148168645759,77.32943615430028,Delhi,jio_fiber,-56.025305432683425,28.639327677180628,12.279868401196877,43.36668319924386,30,FTTH,medium
29.098001050649444,76.75490376666556,Delhi,jio_fiber,-54.05960595787248,261.21731472151737,114.2859350747227,46.034876709264374,300,FTTH,high
29.039488227293244,76.94755169836827,Delhi,jio_fiber,-56.94553694831123,84.3392494531599,35.81774086968502,42.04879262425104,100,FTTH,medium
28.75920671014265,77.12566043930623,Delhi,jio_fiber,-45.955668576468724,100.92829872259642,47.792613818282135,28.13678657646411,100,FTTH,high
28.35231780841744,76.87679802853849,Delhi,jio_fiber,-52.99407430435955,848.6451263935666,375.31208395060276,39.02033478268912,1000,FTTH,high
28.92918178500725,77.23702797573324,Delhi,jio_fiber,-52.38511467769012,434.57126984956017,193.36467931270798,34.01400058936027,500,FTTH,high
29.065411490934242,76.87330614599797,Delhi,jio_fiber,-52.000821944084336,478.96683381744873,213.93676939865753,61.799995323335345,500,FTTH,high
29.037342386352616,77.51353593632159,Delhi,jio_fiber,-54.253474475982685,26.903494894835845,11.74744399053671,48.19829036704022,30,FTTH,high
28.94354184667465,77.17081503897037,Delhi,jio_fiber,-56.28725934348378,29.03542952374385,12.415903336082316,22.695687913842526,30,FTTH,medium
28.12171639353581,77.45643124254681,Delhi,jio_fiber,-57.32698069326332,29.97507585503448,12.679193213653747,53.88413166911562,30,FTTH,medium
28.449276214765852,76.91581419511664,Delhi,jio_fiber,-49.832407473063114,96.4560596451908,44.01293968180609,26.35751275197269,100,FTTH,high
28.125005176750054,77.63276096569243,Delhi,jio_fiber,-50.05341439886274,29.29090447933896,13.336680680343704,47.669401439741605,30,FTTH,high
28.133234509244875,77.37367903083474,Delhi,jio_fiber,-55.38580076159183,89.38791133886663,38.58149080563493,42.563371451084315,100,FTTH,medium
28.644312003952145,76.7937662867358,Delhi,jio_fiber,-53.75228707936195,25.53522495190016,11.206866946285114,56.74281259415159,30,FTTH,high
29.105073629320962,77.66328026300026,Delhi,jio_fiber,-62.000774908216435,28.123977826136663,11.31199199895054,46.657070661068765,30,FTTH,medium
28.252434731636463,76.90731020134697,Delhi,jio_fiber,-53.695257865554304,28.009082495268476,12.299689659410749,43.715345271172964,30,FTTH,high
28.346485750729325,76.88120315117472,Delhi,jio_fiber,-55.441719067021126,284.942279530461,122.9155902948928,46.47978370738443,300,FTTH,medium
28.943672028798378,77.32890113052242,Delhi,jio_fiber,-49.90104057932794,31.09924343499445,14.181111178669322,36.225007134964656,30,FTTH,high
28.583272517146614,77.16221901913129,Delhi,jio_fiber,-40.61189281087334,32.20497143707325,16.014903538551174,21.89008450814056,30,FTTH,high
28.547054437386656,76.97847434114229,Delhi,jio_fiber,-46.24607801026459,93.97935704940508,44.38077898921324,34.55121177878357,100,FTTH,high
28.608487374545767,77.6983815777621,Delhi,jio_fiber,-47.30132871726853,511.5385639007397,239.1696765877086,42.87333087939091,500,FTTH,high
29.084386370553986,77.11614760720101,Delhi,jio_fiber,-51.50084637516001,99.0221801595175,44.4495839386564,49.45745073204119,100,FTTH,high
28.56657051290042,77.37432713484795,Delhi,jio_fiber,-50.861475296547546,261.9708549110169,118.33924981536866,25.639253430509697,300,FTTH,high
28.928715380200703,76.92475020763342,Delhi,jio_fiber,-52.455780793826435,25.96493014337344,11.545071835273939,51.651688053147296,30,FTTH,high
28.947230506098027,77.22526632420106,Delhi,jio_fiber,-52.583612186561375,101.1763533599592,44.92967004383639,39.8644542577418,100,FTTH,high
29.05319120347873,77.16182302311097,Delhi,jio_fiber,-52.7649477437854,266.89337396805035,118.3049982201819,46.51697463569651,300,FTTH,high
28.412460071461513,77.20827594463177,Delhi,jio_fiber,-52.09709889226165,278.98274201567693,124.49189625495863,28.26401313968009,300,FTTH,high
28.836962455828075,76.80312932326756,Delhi,jio_fiber,-55.53196558306698,287.891170287414,124.07218181671594,40.60597479398922,300,FTTH,medium
28.297698408087275,77.05697674992115,Delhi,jio_fiber,-52.445828782220865,27.609683517350476,12.277617786283017,40.59292889316457,30,FTTH,high
28.920191323073873,77.21405317170769,Delhi,jio_fiber,-54.77133248130817,263.31689868515565,114.37159841624282,32.9750726820274,300,FTTH,high
28.440010148636034,77.16947973817734,Delhi,jio_fiber,-48.120850344158676,879.864384100929,408.1755387774023,28.035451194787143,1000,FTTH,high
28.31566261787496,76.8647698418896,Delhi,jio_fiber,-57.832981891532285,938.5889617872675,394.9040810752141,40.551214356849094,1000,FTTH,medium
28.611125943825755,77.27117072688974,Delhi,jio_fiber,-46.45324707178519,26.815773105911074,12.638780733962752,16.776762444888973,30,FTTH,high
28.676584682515116,76.88279118007551,Delhi,jio_fiber,-49.65483740622221,281.67996293486686,128.75298483309192,32.43203176037721,300,FTTH,high
28.947780234466443,76.7314823522764,Delhi,jio_fiber,-52.96685360829952,99.94117426996718,44.21093124076041,46.183718077024885,100,FTTH,high
28.703089254591863,77.59201796340231,Delhi,jio_fiber,-48.14802374909833,302.66860476316907,140.37363136062118,39.98790382581464,300,FTTH,high
28.86739235911296,76.88113559083511,Delhi,jio_fiber,-52.87649046271099,30.907511294521846,13.684954427660733,43.496764294371815,30,FTTH,high
28.489937363937255,77.22200749006659,Delhi,jio_fiber,-56.66253793153851,26.875086386045837,11.447289209374638,28.490069828180836,30,FTTH,medium
29.057966795552915,77.5588897233791,Delhi,jio_fiber,-51.14029508511554,92.21438776196966,41.54143614426656,42.548169164735945,100,FTTH,high
28.242725559656776,76.867026638289,Delhi,jio_fiber,-50.98243463884887,30.811788209854498,13.901945437723777,44.20115406273962,30,FTTH,high
28.65102737496059,77.70480271117171,Delhi,jio_fiber,-52.23522108172157,27.37438130267724,12.19860573038928,42.45597026802775,30,FTTH,high
28.63853012348562,77.4223825939213,Delhi,jio_fiber,-45.45020144217885,467.6602017016669,222.50191282521533,32.79379090154398,500,FTTH,high
28.439066948438505,76.71057555219026,Delhi,jio_fiber,-54.4996820157028,89.76413721640635,39.097395514639594,49.12617940282012,100,FTTH,high
28.44578835762485,77.21748622770279,Delhi,jio_fiber,-45.79944271631679,90.18169636965577,42.7663878196897,25.94085694279524,100,FTTH,high
28.46999850574504,77.03093687746575,Delhi,jio_fiber,-52.28418531009175,501.5923020154827,223.41102750519156,35.7002296201587,500,FTTH,high
28.81147299215067,77.06420553289513,Delhi,jio_fiber,-47.196396131563205,297.69736649947833,139.32713579794628,28.660866316449663,300,FTTH,high
29.086130947529824,76.82339228591542,Delhi,jio_fiber,-50.80790161293301,444.6842959998092,200.98168524442764,50.56935271267765,500,FTTH,high
28.36098784831864,77.42101089500325,Delhi,jio_fiber,-52.80082114149405,90.03083387270901,39.893334262469565,33.31613792356019,100,FTTH,high
28.59321181038609,76.79750708408355,Delhi,jio_fiber,-51.4860695886425,95.90352892542302,43.05596620922796,43.91958389541854,100,FTTH,high
28.908648707876438,77.52718164165911,Delhi,jio_fiber,-52.782980095724255,432.145250150043,191.52105115888915,40.60906054179761,500,FTTH,high
28.672349519222635,76.92088566286957,Delhi,jio_fiber,-46.68190021446962,31.09943157846555,14.626145573525964,34.42880164647946,30,FTTH,high
28.417458797819542,76.8673032998081,Delhi,jio_fiber,-51.132470270749124,30.6887327249098,13.82596011931257,33.54223895317129,30,FTTH,high
28.844217780649725,77.03345920103474,Delhi,jio_fiber,-46.35175019218673,278.0184691953695,131.16077297482633,31.46912370844438,300,FTTH,high
28.476182635144998,77.19262676976467,Delhi,jio_fiber,-47.54327792040845,91.58672388512976,42.72285477774157,32.31662487102266,100,FTTH,high
28.15845625374431,77.39306200149338,Delhi,jio_fiber,-52.39465320294121,95.3401343044424,42.418032036552745,46.19636401302396,100,FTTH,high
28.925678215464437,77.69885794033475,Delhi,jio_fiber,-48.22006375374019,287.1784242170082,133.09754563844876,58.39526929075132,300,FTTH,high
28.24263610448283,77.0950359951534,Delhi,jio_fiber,-47.62340609038118,87.19715542461309,40.64418070907139,45.9809821125851,100,FTTH,high
28.231135188510812,77.67918497975529,Delhi,jio_fiber,-56.15873989395045,471.3938620192298,201.84301632528823,48.81247656265157,500,FTTH,medium
28.30758442066112,77.06573956756387,Delhi,jio_fiber,-46.90802670908736,961.7744542968904,451.3584999555526,43.436744510809035,1000,FTTH,high
28.351199850087415,77.0894558617374,Delhi,jio_fiber,-51.57317113280891,279.7826528585459,125.50033744472529,42.18427312862632,300,FTTH,high
28.726147043882385,77.07827297230516,Delhi,jio_fiber,-45.689029201314355,30.46181358048008,14.46069280364295,24.447333229937698,30,FTTH,high
29.08125919332663,77.5608076132045,Delhi,jio_fiber,-53.868912658412086,30.3088416393378,13.286195586452813,49.97220290838178,30,FTTH,high
28.750745115367227,77.28015662548262,Delhi,jio_fiber,-44.10961212616914,28.24013558139967,13.604263330122143,29.24485167651372,30,FTTH,high
28.564556935976867,76.95993874624163,Delhi,jio_fiber,-51.686444031898944,88.15400358774659,39.498304775579875,34.883658707102036,100,FTTH,high
28.984776486640122,77.52432217459224,Delhi,jio_fiber,-50.93714599632088,90.12938324690104,40.68354396509624,45.378046656717345,100,FTTH,high
28.994378753760113,77.43106261120451,Delhi,jio_fiber,-52.2007962800211,513.7869520218475,229.032987420028,37.990621984603315,500,FTTH,high
28.935288348489312,77.53333012340579,Delhi,jio_fiber,-49.627872032136644,31.05914084745365,14.200532941471751,38.31620185887808,30,FTTH,high
28.66087175472904,77.54503555597432,Delhi,jio_fiber,-52.40203761882181,93.85683249868666,41.755011949644796,32.755708268597985,100,FTTH,high
28.65109927176656,76.99869750026859,Delhi,jio_fiber,-46.91973198221997,27.06051269724556,12.698027481216558,34.739509588190565,30,FTTH,high
29.06753429061177,77.6071199544381,Delhi,jio_fiber,-53.315025779823436,450.52049506670124,198.59939417267532,49.59132129248838,500,FTTH,high
28.892005724885404,77.0656515918814,Delhi,jio_fiber,-50.693275152424285,27.33571819589472,12.36871084835699,35.836393855883095,30,FTTH,high
28.476320069915605,77.5555492204782,Delhi,jio_fiber,-52.634474977354365,29.506288489210224,13.09627107308722,41.32205739534441,30,FTTH,high
28.192046920200657,77.11989876153443,Delhi,jio_fiber,-51.843342640029164,286.72723027171907,128.27113143659503,49.054513002062485,300,FTTH,high
28.550156508631797,77.58072881429867,Delhi,jio_fiber,-49.77378452830223,31.01339722557036,14.159506337347976,42.30736028759244,30,FTTH,high
28.983746951967888,77.37030243890558,Delhi,jio_fiber,-58.855290519764104,277.2142201268082,115.37620047806718,38.70376804565308,300,FTTH,medium
28.54598952755221,77.21482199885959,Delhi,jio_fiber,-52.55369348880005,95.8837950534918,42.59213853277053,24.587857999055114,100,FTTH,high
28.60415753415696,77.53194645026639,Delhi,jio_fiber,-53.25192768716433,96.52570381914454,42.5777334786214,36.15975550764214,100,FTTH,high
28.909059485394515,77.68010417378001,Delhi,jio_fiber,-54.692755504033805,30.070058395861626,13.071420237920083,57.997518348716014,30,FTTH,high
28.337200340151597,77.32248273174828,Delhi,jio_fiber,-51.098045578733185,30.357381853524018,13.681323782489043,42.19670830009451,30,FTTH,high
28.632948510708335,77.36332485626293,Delhi,jio_fiber,-50.7368175700039,26.201968250592117,11.850647444933205,22.081112586189818,30,FTTH,high
28.511540542380573,76.77478140964622,Delhi,jio_fiber,-50.50190237740163,27.735586532974278,12.573231390268155,41.616484435855085,30,FTTH,high
28.62365216693708,77.47135335781356,Delhi,jio_fiber,-54.988966215762815,30.22889540743158,13.100670405929925,33.774173400854295,30,FTTH,high
28.304019100842247,77.53898690952913,Delhi,jio_fiber,-52.89713861521671,95.25878260033386,42.16909919566338,39.042507103013506,100,FTTH,high
28.319682793450276,77.05435245533448,Delhi,jio_fiber,-50.89423093105629,29.492049396072016,13.318054934698552,35.03552278557839,30,FTTH,high
28.909703331910837,77.04653589401342,Delhi,jio_fiber,-52.663615181053785,258.97561065613866,114.9119498852793,32.174949393286724,300,FTTH,high
28.474298193133823,77.4981588316899,Delhi,jio_fiber,-51.22452847169087,31.030869310696204,13.967404094995977,34.73867142161001,30,FTTH,high
28.701029792462244,77.50272535152463,Delhi,jio_fiber,-49.51341760275303,30.394822520155216,13.912261750762948,30.25643848942031,30,FTTH,high
28.287521942568883,77.68406212898863,Delhi,jio_fiber,-53.241351472162805,101.81115724813134,44.91394610446503,54.64564762651782,100,FTTH,high
28.32858634602755,77.65956875221353,Delhi,jio_fiber,-54.218513901520794,98.29394351965776,42.93544374929753,48.5466259116643,100,FTTH,high
28.29212393325723,77.44164979780614,Delhi,jio_fiber,-50.1947400153169,462.45693352254943,210.2745636255277,41.6405259039758,500,FTTH,high
28.630472201865246,77.11693226754333,Delhi,jio_fiber,-48.66674484395226,90.72085518612744,41.86596313118234,20.822561446439437,100,FTTH,high
28.37282220491474,77.70518418713675,Delhi,jio_fiber,-53.96710354720597,25.592718744102523,11.20766535981393,43.16882115482879,30,FTTH,high
29.095067139020937,76.98260072414824,Delhi,jio_fiber,-55.220131797550145,93.33830004801972,40.355277897387005,47.95637714374004,100,FTTH,medium
28.73833002655697,77.45165339486407,Delhi,jio_fiber,-50.007641006906866,99.18681999900463,45.18173850098352,32.00545434486297,100,FTTH,high
28.762588178128315,76.70921606191436,Delhi,jio_fiber,-51.32197020934887,97.31716688297712,43.76159648901167,48.352177976028926,100,FTTH,high
28.122589605516506,77.67050862248877,Delhi,jio_fiber,-60.27744550101149,97.69081252631973,40.04131681003996,61.62582434723824,100,FTTH,medium
28.387868230517093,77.39057103708912,Delhi,jio_fiber,-45.23484061031833,498.5909881451443,237.6952969495457,42.25275346302277,500,FTTH,high
29.08508056378808,77.16851119304434,Delhi,jio_fiber,-48.607575270824874,296.74600674207136,137.02072075170642,51.846134138208086,300,FTTH,high
28.257876276135146,77.61229161969028,Delhi,jio_fiber,-51.32092310312393,30.081626173799883,13.527249634764347,38.34519366863924,30,FTTH,high
29.009676176732594,77.38945883742754,Delhi,jio_fiber,-49.23445241357573,302.17497164586496,138.68561739521098,43.54674240534611,300,FTTH,high
28.738893962630257,77.46376908747433,Delhi,jio_fiber,-53.952239813359874,28.81642115653484,12.621305606984082,38.20158957391252,30,FTTH,high
28.989083431568602,77.295969388887,Delhi,jio_fiber,-47.638638912971345,265.55372296903,123.76144369893436,42.00184110789738,300,FTTH,high
28.769034218716655,76.76393031594284,Delhi,jio_fiber,-52.90812817156004,96.74375628538306,42.82174122744756,45.3227093146962,100,FTTH,high
28.845320921294775,77.0879727571148,Delhi,jio_fiber,-41.7100619222192,97.78990805656994,48.15172381430783,32.40788945801985,100,FTTH,high
29.011066773690057,76.8272272030077,Delhi,jio_fiber,-52.23465268517228,31.16422549185654,13.887519523282684,43.57004374415636,30,FTTH,high
28.212609595260552,77.48608258383975,Delhi,jio_fiber,-54.97944148369884,96.53990338668218,41.84277909946222,52.41382419379247,100,FTTH,high
28.489786512471035,76.73919843976289,Delhi,jio_fiber,-56.811559367431244,26.032910411118166,11.071327121632274,48.366817962700644,30,FTTH,medium
28.54328175931672,77.21338868869528,Delhi,jio_fiber,-49.240724045108664,29.882645345600032,13.714045875570946,24.747792234597846,30,FTTH,high
29.038086919637934,77.55964797316298,Delhi,jio_fiber,-52.722055831128884,515.8457646746637,228.75568847758765,52.177379450087166,500,FTTH,high
28.706087991428305,77.50500562836069,Delhi,jio_fiber,-44.78921452596146,92.71067257712747,44.3819527338169,35.5993115041926,100,FTTH,high
28.664936627330842,77.68497955141761,Delhi,jio_fiber,-56.27676075610525,25.727501567257548,11.002593504239556,38.955096115059604,30,FTTH,medium
28.951917915340346,77.04587425780441,Delhi,jio_fiber,-51.69492340910102,27.18077475161295,12.177600358383629,35.643371097843584,30,FTTH,high
28.90480698546224,77.0444264881846,Delhi,jio_fiber,-49.793346428212274,26.351817832135993,12.028920111431331,35.99161101596515,30,FTTH,high
28.812914737125602,76.94442856761852,Delhi,jio_fiber,-48.39227584582504,94.13326516998085,43.55555557354743,30.834313255921998,100,FTTH,high
28.612387106268656,76.8314107463163,Delhi,jio_fiber,-41.67619358097474,29.416032037303662,14.488873956079939,35.78179871259081,30,FTTH,high
28.707621451811157,76.97849674221227,Delhi,jio_fiber,-47.73764709769343,93.32013088103109,43.45082881888007,27.91101132489237,100,FTTH,high
28.338044214665523,76.92812862450586,Delhi,jio_fiber,-48.90362772142061,102.50437757421984,47.19591848605752,45.571009762026065,100,FTTH,high
29.085072909213192,77.64362469482602,Delhi,jio_fiber,-55.56831208169765,101.34552689363622,43.66041326564384,55.54962070300226,100,FTTH,medium
28.87349357966673,77.38372616106305,Delhi,jio_fiber,-53.29508900787441,98.54572224638854,43.449864907145354,26.313033762450686,100,FTTH,high
28.268599648048045,77.0837078937175,Delhi,jio_fiber,-51.776103295087275,28.572562206732925,12.790843574691825,27.613684045094413,30,FTTH,high
28.352212217645796,77.50888568532697,Delhi,jio_fiber,-49.35606634787143,104.86284878473398,48.070963189447966,37.733429007272,100,FTTH,high
28.59111259551082,76.8687313136516,Delhi,jio_fiber,-48.61889249035108,313.86123285962833,144.90778877245336,32.60832529028342,300,FTTH,high
28.738001366370245,77.43691432166628,Delhi,jio_fiber,-48.22839499129293,29.881457624120902,13.847944650963347,33.811313229074926,30,FTTH,high
28.17124583186777,77.23088681944647,Delhi,jio_fiber,-49.082072558229555,94.14418252100437,43.27198327565343,39.011998873990024,100,FTTH,high
28.3499724083354,77.50426907710803,Delhi,jio_fiber,-53.69888123456941,26.67319267984974,11.712627901400213,46.14595118845341,30,FTTH,high
28.637929543734753,77.21270547542278,Delhi,jio_fiber,-45.02837434881084,285.96480769508435,136.5915678312018,17.288490865386493,300,FTTH,high
28.153618859264554,77.51870112710301,Delhi,jio_fiber,-52.33629187134494,286.9378991682885,127.7367288148529,40.13785632589348,300,FTTH,high
28.262585806417924,77.32756084285425,Delhi,jio_fiber,-49.45137257581306,26.110319922150165,11.958367242595457,36.28002104716027,30,FTTH,high
28.480384657856387,77.60697780620454,Delhi,jio_fiber,-50.457999857998225,28.94863612041762,13.128785471601834,45.869388743895755,30,FTTH,high
28.566318402591435,76.98219964542118,Delhi,jio_fiber,-48.17361097234405,30.39020390240175,14.091112155341124,30.9377646341161,30,FTTH,high
28.317037110457267,77.50072035547527,Delhi,jio_fiber,-53.541651500300695,30.789418209247508,13.54164434334979,38.15056282968131,30,FTTH,high
28.148515759018057,76.88175809494709,Delhi,jio_fiber,-58.79289882128914,95.68761452699943,39.851595449026746,47.71094608023811,100,FTTH,medium
28.289927925278043,76.75844500550103,Delhi,jio_fiber,-50.50864224068175,26.286947700007502,11.915739943430902,47.07662841618827,30,FTTH,high
28.348108776770935,76.96434201436888,Delhi,jio_fiber,-50.5538670273035,522.8832276586974,236.9152135826058,29.257245000262586,500,FTTH,high
28.940595566371186,77.68836880318784,Delhi,jio_fiber,-55.57264719865511,28.235033891052705,12.163320405848868,52.60323094541921,30,FTTH,medium
28.67606035072564,76.72553804991793,Delhi,jio_fiber,-48.82216625948918,979.6373479841121,451.4074581790743,43.755282671832774,1000,FTTH,high
28.833101522937838,77.05402127433526,Delhi,jio_fiber,-53.76442732690922,25.581115418200348,11.225627024144192,31.947666488106275,30,FTTH,high
28.212079097871342,77.34788883254049,Delhi,jio_fiber,-47.92098417172627,90.39945984155212,42.017273518387,46.70704120632293,100,FTTH,high
29.08110794178605,77.48744926581917,Delhi,jio_fiber,-52.5643090622923,280.8521898979332,124.74292288363664,48.25540544960033,300,FTTH,high
28.965233283260968,77.36604359874354,Delhi,jio_fiber,-51.85079180937751,30.14106045283846,13.482994971572785,34.51499258819535,30,FTTH,high
28.756465326087078,77.20462114130119,Delhi,jio_fiber,-49.75224112624439,89.2177960006438,40.74190484765363,38.55437701631354,100,FTTH,high
28.288536297549395,77.38309950336564,Delhi,jio_fiber,-50.716456099106004,31.36053756670859,14.18660734300764,32.822371473387975,30,FTTH,high
28.20922942450924,77.67147459701131,Delhi,jio_fiber,-55.93992123698234,27.32251087074837,11.725616896368305,65.17817239491454,30,FTTH,medium
28.726248154480835,77.38672380748835,Delhi,jio_fiber,-45.12718199916708,287.53241623103963,137.21407021028958,22.530405409502087,300,FTTH,high
28.933210167213524,77.0204939250165,Delhi,jio_fiber,-49.47369383489294,30.162360115501002,13.811184657430312,37.17755424836959,30,FTTH,high
28.321430663159806,77.28188408352231,Delhi,jio_fiber,-49.958130209135504,466.5679900003941,212.63446257424792,36.56483289292321,500,FTTH,high
28.62323881942543,77.49694739096458,Delhi,jio_fiber,-47.426577558174046,29.98976244468939,14.005008792359357,33.82348832206447,30,FTTH,high
28.3540703754641,77.70683300623695,Delhi,jio_fiber,-59.95288382184448,471.35616401455104,193.87846076597503,41.88659036996672,500,FTTH,medium
28.653032355846353,77.30702051304766,Delhi,jio_fiber,-50.76504794974955,100.047299796309,45.23692110015346,18.78535934655487,100,FTTH,high
28.908730363427182,76.98784435351926,Delhi,jio_fiber,-47.01029606076101,29.590892879061457,13.873486796044126,32.581448030811146,30,FTTH,high
28.66992765038447,77.66412044776983,Delhi,jio_fiber,-57.02418464134904,27.345410774314765,11.603668399977515,44.99897335741185,30,FTTH,medium
28.244733671824015,77.68791148304491,Delhi,jio_fiber,-50.896303447060205,100.20135791038261,45.248126059195684,45.784620878978885,100,FTTH,high
29.021057698034088,77.01656816471015,Delhi,jio_fiber,-59.20080704525561,29.91387606153946,12.404179976399464,33.439037013935334,30,FTTH,medium
28.66053147486836,77.43810484074764,Delhi,jio_fiber,-52.70371011772647,435.50835336192847,193.16496834781609,39.25970827537451,500,FTTH,high
28.951410963800495,77.52373768306889,Delhi,jio_fiber,-49.28838999493512,309.7351565524328,142.08117414643294,38.60146806611279,300,FTTH,high
28.548461982222705,76.90006129620976,Delhi,jio_fiber,-57.157882082793215,281.34292735996956,119.21702469122826,30.30356596291364,300,FTTH,medium
29.053106469690515,76.94904092988693,Delhi,jio_fiber,-55.02172110857511,26.487015607814293,11.47514975297798,47.83996474791448,30,FTTH,medium
28.624776684190365,77.56862762411457,Delhi,jio_fiber,-46.49712779059988,500.14482405909433,235.63016831524035,35.763135111475165,500,FTTH,high
28.330251567780785,76.9857945009455,Delhi,jio_fiber,-49.698587554692914,28.8887456093845,13.199128232968402,30.206697033561365,30,FTTH,high
28.20032848573994,76.76511178240891,Delhi,jio_fiber,-54.106630433997765,94.99863255185898,41.54326915973294,50.928249767361244,100,FTTH,high
28.86470440414199,77.23250560195201,Delhi,jio_fiber,-50.87149825125244,29.825590130627365,13.471689061101738,40.42831238895137,30,FTTH,high
28.37308665169298,77.36858959752271,Delhi,jio_fiber,-50.55480378160036,298.24769293697034,135.1329759028642,42.14327721269743,300,FTTH,high
28.155036345325186,77.21963365974436,Delhi,jio_fiber,-51.345370623577125,1019.5662102135516,458.37263163944823,45.983281014526796,1000,FTTH,high
28.67441007052658,76.84746057032496,Delhi,jio_fiber,-52.17354160306496,26.533459610065282,11.831146807537648,42.45651608633034,30,FTTH,high
28.810415752581708,77.22029773874111,Delhi,jio_fiber,-49.927535067475,30.26175713441825,13.795657877629797,37.8657461559697,30,FTTH,high
28.255224055593914,77.11232792252,Delhi,jio_fiber,-45.03377680039515,514.729615078896,245.84910089562368,38.9412979403626,500,FTTH,high
28.607114022869222,77.12612706875636,Delhi,jio_fiber,-47.83132718110505,30.257006812810527,14.075381095862847,12.186534836091635,30,FTTH,high
28.44101653879991,76.7618591466466,Delhi,jio_fiber,-52.746545807913186,30.783585560618043,13.647862187063543,53.33215152761437,30,FTTH,high
28.13414395439548,76.99375246452874,Delhi,jio_fiber,-51.23227924367603,31.195656958825065,14.040502567628316,46.968724703125204,30,FTTH,high
28.87512965045239,77.69742408193049,Delhi,jio_fiber,-53.04458645085688,26.21344544970289,11.586973589991576,46.945762731463844,30,FTTH,high
28.48155852920501,77.35747511301835,Delhi,jio_fiber,-48.62459101444634,273.05811610354107,126.062326609245,31.653576905015957,300,FTTH,high
28.585317661732937,77.04643203141217,Delhi,jio_fiber,-43.99701204715157,511.47820848946014,246.65295063945064,30.114258614078437,500,FTTH,high
29.101618608377095,77.54070342656837,Delhi,jio_fiber,-55.34641377077124,25.917956671200514,11.19121083707064,49.41997540024607,30,FTTH,medium
28.702866993225726,77.5239836512398,Delhi,jio_fiber,-47.09951933359705,318.74591254890186,149.31543285824665,47.19895483575611,300,FTTH,high
28.92001952817454,77.42232169451313,Delhi,jio_fiber,-53.391208252561356,98.68308432525684,43.4682722372747,37.082441304870386,100,FTTH,high
28.303860856759403,77.10472274108714,Delhi,jio_fiber,-47.88950715064539,906.6271873494426,421.523186218886,36.7043554167957,1000,FTTH,high
28.288415546122526,76.77636758517234,Delhi,jio_fiber,-49.57146655031847,28.091825134526175,12.850890502318586,48.41257926449009,30,FTTH,high
28.5406690311371,77.20844514526274,Delhi,jio_fiber,-44.79840395435887,315.01074102213863,150.7873759093531,18.662774790792184,300,FTTH,high
28.876824980318787,77.29759876140622,Delhi,jio_fiber,-48.87707861160447,948.6026258658017,436.87544590630023,28.49020459934902,1000,FTTH,high
29.068412491863995,77.02872953023034,Delhi,jio_fiber,-55.765060046363,27.994364909635575,12.03570314921689,43.79184733181836,30,FTTH,medium
29.041640072626503,76.82882012225578,Delhi,jio_fiber,-55.58062344429543,25.598889364835745,11.026792878925939,44.02220924452769,30,FTTH,medium
28.220976705731243,77.62886442744002,Delhi,jio_fiber,-50.7982190336564,28.11051787353732,12.706176584999907,55.53611109037454,30,FTTH,high
28.626255670367467,76.83189424433053,Delhi,jio_fiber,-46.06201000885764,531.2454279235997,251.30975795632108,41.84433082310797,500,FTTH,high
28.18938478388634,76.97797601889111,Delhi,jio_fiber,-54.034944161540814,460.99647306398896,201.74241538479296,34.21448018474912,500,FTTH,high
28.52069587325543,76.77437319384771,Delhi,jio_fiber,-48.33963165657517,27.476092600307062,12.719644115049036,48.34063948192901,30,FTTH,high
29.078018760440163,77.22353400634294,Delhi,jio_fiber,-51.605484377769265,29.105338220926445,13.051417785873655,44.0479464560252,30,FTTH,high
28.627475080706294,77.50274380099572,Delhi,jio_fiber,-56.52595008478944,418.6574464465704,178.57889183394553,34.753185929406996,500,FTTH,medium
28.921803590991864,77.68266176560577,Delhi,jio_fiber,-56.90823676011697,28.027788954583915,11.90767007059553,47.252072227684856,30,FTTH,medium
28.292120366345348,77.12645579623693,Delhi,jio_fiber,-50.070254065232945,307.30826654645944,139.9000340711445,26.282733844882447,300,FTTH,high
28.722566753485957,76.717126817081,Delhi,jio_fiber,-52.894532187334015,88.70467084367742,39.26875660690241,40.31246829801238,100,FTTH,high
28.550703598205565,77.17107940252569,Delhi,jio_fiber,-51.22547418312004,88.96101270629286,40.042152791196635,27.033181953340776,100,FTTH,high
28.224196450893697,77.1279452866064,Delhi,jio_fiber,-52.800851218283135,280.87611201794857,124.45826347247835,45.60540743367133,300,FTTH,high
28.985487345490952,77.30155696089707,Delhi,jio_fiber,-50.39873728942824,31.019288324387176,14.076037805792119,34.207267527111505,30,FTTH,high
28.2006595649,77.01545603689846,Delhi,jio_fiber,-56.53961164392426,470.28991725040385,200.57423599686877,42.21409596534014,500,FTTH,medium
28.376768217058956,77.65528349358269,Delhi,jio_fiber,-45.053876234899036,93.39739937472197,44.6008379224664,57.901344755959414,100,FTTH,high
28.898232995151567,77.19014522584442,Delhi,jio_fiber,-53.71692375231257,85.26557777689837,37.43464920372655,34.99478606024524,100,FTTH,high
28.256969516844286,77.66838929586127,Delhi,jio_fiber,-42.3648946302253,29.444558568936404,14.412798046916949,49.82342406845393,30,FTTH,high
29.10673835656167,77.1795105039236,Delhi,jio_fiber,-53.415315151134635,25.797383102999255,11.360558109716113,43.06412937348197,30,FTTH,high
28.914465716590215,77.44590217835113,Delhi,jio_fiber,-54.104614451138815,455.81032222872403,199.3316995237598,35.766955375786324,500,FTTH,high
28.35579510322846,77.68531963028002,Delhi,jio_fiber,-58.00034233034712,25.503390364325217,10.71138515041892,53.26035717081921,30,FTTH,medium
28.29933558170743,76.96071512652617,Delhi,jio_fiber,-51.10477193102104,87.77885643152376,39.5571429667045,41.11273063902815,100,FTTH,high
28.53088691073505,76.71470150749045,Delhi,jio_fiber,-55.05813746390473,28.79671643478059,12.47113637479469,45.03387446564959,30,FTTH,medium
29.10463160991054,77.1854857300094,Delhi,jio_fiber,-48.93753403204366,98.0491321312929,45.12982182015411,49.65125723257763,100,FTTH,high
28.561543597632728,77.04365156730132,Delhi,jio_fiber,-44.679077797423375,510.8818481194389,244.81667555908706,33.24960329126787,500,FTTH,high
29.089312893063358,76.80567608978912,Delhi,jio_fiber,-50.44334938282464,523.6242799661275,237.50817864521372,64.72377791812663,500,FTTH,high
28.39504643494378,77.2121221881948,Delhi,jio_fiber,-49.28909604942617,27.095630730803897,12.429175737054301,32.7743203320219,30,FTTH,high
28.336015772518994,77.35704385842084,Delhi,jio_fiber,-52.133554670663855,28.975708342158427,12.92528376534237,44.71831023980171,30,FTTH,high
28.165360156918826,77.14118305143506,Delhi,jio_fiber,-52.0821785197138,99.10265518322731,44.22965660627413,34.28275325958239,100,FTTH,high
28.809804681736495,76.84829640885961,Delhi,jio_fiber,-47.68169776593467,441.7043346661321,205.77199310725058,36.25927247149933,500,FTTH,high
28.534508309718323,77.26153231868264,Delhi,jio_fiber,-46.67730001806125,29.721915396214722,13.978903714943097,28.863753059761144,30,FTTH,high
28.86004890509728,76.98077386838112,Delhi,jio_fiber,-55.530642510022986,304.65297217700237,131.2977909751812,41.05396047170523,300,FTTH,medium
29.098489249703327,77.67087301988774,Delhi,jio_fiber,-54.59594958959555,25.987626579403376,11.307972900785222,53.18248885286384,30,FTTH,high
28.5235651794793,76.94263389131007,Delhi,jio_fiber,-50.979703489870204,925.3278416049536,417.50914155028136,42.29255659703483,1000,FTTH,high
28.628781467285165,77.38920104559384,Delhi,jio_fiber,-51.45913333675756,102.00737734526768,45.80850583560111,34.12252146670282,100,FTTH,high
29.043065575115275,76.7789980079059,Delhi,jio_fiber,-51.525443710319294,518.7355643162482,232.7959708378235,45.49145350161905,500,FTTH,high
28.792461821738616,77.59587571619417,Delhi,jio_fiber,-48.61889489115367,103.00443851717824,47.55651068569197,41.992803184598124,100,FTTH,high
28.752031887354075,77.45110594100993,Delhi,jio_fiber,-40.64186812799488,296.8960301190211,147.60104573034783,34.629623639458394,300,FTTH,high
28.584854076241022,77.13186541343624,Delhi,jio_fiber,-46.75916794084918,485.78881052906536,228.30094680163793,25.774264150837638,500,FTTH,high
28.769614546916504,77.32546155682051,Delhi,jio_fiber,-47.12020182820649,280.74117060304445,131.486435096275,24.148856322027964,300,FTTH,high
28.16253433410567,77.56827151995044,Delhi,jio_fiber,-49.933845311611265,1031.308407599959,470.12150073481456,44.464149543653186,1000,FTTH,high
28.72989728051767,77.3744038746574,Delhi,jio_fiber,-42.12675199267971,321.0213461678039,157.47630513876817,27.50875417470965,300,FTTH,high
28.40536763646705,76.99538389737816,Delhi,jio_fiber,-50.22155871286714,87.44750557251216,39.75108695290848,31.037309925859383,100,FTTH,high
28.543742044806233,76.97974576861496,Delhi,jio_fiber,-45.64559053730541,30.018520309990656,14.256050047413135,28.65880697235691,30,FTTH,high
28.352519931116372,76.97396963230037,Delhi,jio_fiber,-52.05845678817159,29.74478417251126,13.27827566573244,37.91241087250119,30,FTTH,high
29.103806981605175,77.11803690277662,Delhi,jio_fiber,-48.28048860303832,31.474446614090613,14.57889532271235,44.82888414513954,30,FTTH,high
28.746279678514682,76.7223030160013,Delhi,jio_fiber,-60.23276879357928,29.590382586750877,12.134322984969728,41.01180785995398,30,FTTH,medium
28.591830071546468,77.58520310486541,Delhi,jio_fiber,-51.421565889401805,86.26382920735149,38.75294567405855,37.07402825143372,100,FTTH,high
28.468048174381654,77.19705362256904,Delhi,jio_fiber,-49.20211543959424,26.772505511753046,12.291303038870636,35.31262618447407,30,FTTH,high
28.65017742613783,77.46176204626373,Delhi,jio_fiber,-47.743883386584606,91.89907217855718,42.78662187467384,33.27518317848711,100,FTTH,high
28.117547880358433,76.7428837643394,Delhi,jio_fiber,-57.86470959070582,276.25539917867667,116.19337745959803,51.26810987764001,300,FTTH,medium
28.12733492779683,77.58960766854122,Delhi,jio_fiber,-53.33716921845948,87.96294252092855,38.767352818885385,56.38674011018602,100,FTTH,high
28.627266062823306,77.3464078092862,Delhi,jio_fiber,-48.35744730900742,30.35043083233648,14.047872631781901,15.07262107039129,30,FTTH,high
28.649523184566615,77.2174939156412,Delhi,jio_fiber,-43.544905671722134,105.56774484700207,51.12063821257192,23.31135517920998,100,FTTH,high
28.405994355618784,77.67879332868111,Delhi,jio_fiber,-51.35565297983757,28.11817637885573,12.639975952164969,52.85837061843754,30,FTTH,high
28.56743090729812,77.59356330445517,Delhi,jio_fiber,-49.48479112882524,28.508526200807506,13.052496805269081,47.01481620383763,30,FTTH,high
28.941787386337772,77.64363613827668,Delhi,jio_fiber,-52.03390866420143,513.7627304412844,229.4032595619704,47.74973139173949,500,FTTH,high
28.340034919942976,77.17167598189772,Delhi,jio_fiber,-48.540956686398914,96.63953020113796,44.65134713771627,32.66595238547346,100,FTTH,high
29.032414082856285,77.28480028469713,Delhi,jio_fiber,-51.98406500392999,946.884658602038,423.00887463474845,40.494201692226824,1000,FTTH,high
28.468256754383276,77.6640437599912,Delhi,jio_fiber,-53.465468656465646,30.232035110344697,13.306735238730058,41.16147517224443,30,FTTH,high
28.58806983748931,77.5966999778807,Delhi,jio_fiber,-48.07723352708536,29.349088019902297,13.620946508867885,40.51142053684313,30,FTTH,high
28.976800261962822,76.77467034439162,Delhi,jio_fiber,-51.31713331675792,859.1844684504773,386.3766556779416,50.375685824463986,1000,FTTH,high
28.988062117702313,76.85923482851781,Delhi,jio_fiber,-60.67120296024473,25.833998981378198,10.543577996383213,46.03475574523466,30,FTTH,medium
29.06409106157444,76.80229796363773,Delhi,jio_fiber,-53.18772531406047,29.135406146933047,12.860015370447226,54.96806898669877,30,FTTH,high
28.90257727494537,77.38256390606205,Delhi,jio_fiber,-46.02959928069547,529.8152000142953,250.70949623422445,38.22161438468158,500,FTTH,high
28.1670289828682,77.16287409453581,Delhi,jio_fiber,-57.69718002276688,85.76271507489417,36.13576550223969,38.788630244531,100,FTTH,medium
28.217934669316474,77.61756387383633,Delhi,jio_fiber,-58.61724750795823,298.4147636751561,124.5155528803814,51.11528935157436,300,FTTH,medium
28.94836299620082,77.6096218017725,Delhi,jio_fiber,-51.53601862120613,99.23423941681088,44.52926178052296,42.09753627741734,100,FTTH,high
28.24752493016664,77.30280285852213,Delhi,jio_fiber,-49.41967964566483,30.579628210732135,14.009590543461039,45.510264002812235,30,FTTH,high
28.875430827077658,77.10411738081989,Delhi,jio_fiber,-51.57574512511997,30.643654863393667,13.745280149915553,33.24400423627903,30,FTTH,high
28.503740295572634,77.66521494879412,Delhi,jio_fiber,-54.23062460892916,268.0655856826253,117.0783896394363,41.595413550590145,300,FTTH,high
29.024698568672356,77.66726915699827,Delhi,jio_fiber,-52.480216309173464,85.42899064652404,37.97595184618212,45.28455562709493,100,FTTH,high
28.463401620103475,76.71934662750027,Delhi,jio_fiber,-52.694046626602194,95.28224014700672,42.26548807744464,47.68065850319069,100,FTTH,high
28.717353058801724,77.22101150244583,Delhi,jio_fiber,-49.93728474586126,26.64529219513761,12.145837850103218,22.28680475390027,30,FTTH,high
28.272861910679396,77.58709294331693,Delhi,jio_fiber,-57.070262832121486,26.82687401363626,11.378140160698216,46.83392816575068,30,FTTH,medium
28.674626685102073,77.58684985698547,Delhi,jio_fiber,-48.82547038041294,27.630676935626003,12.731544152763552,42.80385576865383,30,FTTH,high
28.418070664805793,77.08561164406079,Delhi,jio_fiber,-45.36284692957399,276.6746571959179,131.74282266091868,25.71935393608804,300,FTTH,high
28.890833271174074,77.26861875324039,Delhi,jio_fiber,-47.39810843120276,26.177681803554144,12.228106108620553,29.457752596251417,30,FTTH,high
28.24717947235934,77.53372394665881,Delhi,jio_fiber,-51.19870763902239,26.23914794152112,11.813598208564335,53.16556349127235,30,FTTH,high
28.97390381604557,77.47451293404377,Delhi,jio_fiber,-48.77427627384705,30.227120830280832,13.934799930127788,29.181506778085044,30,FTTH,high
28.53466770840862,77.55500630096473,Delhi,jio_fiber,-52.35940007122679,27.120161201957817,12.070352057462644,37.34534609494463,30,FTTH,high
28.9798623095014,77.53020282651329,Delhi,jio_fiber,-48.839828353292624,26.2303771743359,12.084646223331264,52.65905833871041,30,FTTH,high
28.504535038291188,76.86112926571883,Delhi,jio_fiber,-45.28791838161741,998.8655239748415,475.9575648096853,37.524180876785145,1000,FTTH,high
28.203927306742433,77.034254472444,Delhi,jio_fiber,-47.36623336902737,1023.0749216689196,478.0432002699591,39.642064804658304,1000,FTTH,high
28.74179470157253,77.12408102735712,Delhi,jio_fiber,-48.127579273487115,29.309241265377107,13.595895380110278,28.86423230768723,30,FTTH,high
28.848935539119466,77.51577578560358,Delhi,jio_fiber,-49.01189859776891,98.81295331578707,45.44873303376933,45.24185201099648,100,FTTH,high
28.689578621461834,77.26847230381499,Delhi,jio_fiber,-45.20791350093202,28.36121987338932,13.524153137221212,25.633809309175234,30,FTTH,high
29.053781087478043,77.35797472917082,Delhi,jio_fiber,-50.427768011270814,102.43090518195491,46.468227184657884,45.0357568392934,100,FTTH,high
28.30347217476701,77.01360520955112,Delhi,jio_fiber,-53.15246171471246,454.5850015424363,200.71955930957637,40.952366890410715,500,FTTH,high
28.29376192816342,77.22731146619861,Delhi,jio_fiber,-45.76505055618919,26.707285818848632,12.669336896249842,38.32651427400298,30,FTTH,high
28.119669277573554,76.75384184391643,Delhi,jio_fiber,-59.17657472311731,29.81037835787223,12.364473854028844,50.473814443182455,30,FTTH,medium
29.0973357455088,77.63561065267636,Delhi,jio_fiber,-54.33079636157318,90.06778381166983,39.29725604564274,51.30599820957701,100,FTTH,high
29.0435157140369,76.78994440062397,Delhi,jio_fiber,-53.63772964425546,270.35930551416976,118.79259891081416,47.94823213490243,300,FTTH,high
28.854786167624958,77.509771925576,Delhi,jio_fiber,-57.29725528665529,257.59843264145576,108.99590142809882,34.106816983749866,300,FTTH,medium
28.766773485911422,77.27537491827367,Delhi,jio_fiber,-40.0,326.0883136190191,163.04415680950956,29.065325599306014,300,FTTH,high
28.34962528791678,77.46168943733156,Delhi,jio_fiber,-53.17139271063414,28.74600287124831,12.69022413483203,37.51960597199538,30,FTTH,high
28.122069495113507,77.07419571674667,Delhi,jio_fiber,-50.97623105697535,31.23055071053912,14.091747619111946,32.78790401470474,30,FTTH,high
29.028498726544505,77.48148075787677,Delhi,jio_fiber,-54.79549051185064,87.52191748248705,38.005715631505254,49.378361455471605,100,FTTH,high
28.997149137238228,76.86954618616218,Delhi,jio_fiber,-51.737894449776235,93.64365188106181,41.936584599768715,47.10881835359415,100,FTTH,high
28.202042820699774,77.27041911769254,Delhi,jio_fiber,-53.06279405183571,882.9709995760581,390.2229739160043,43.78253743921957,1000,FTTH,high
29.093278354202248,77.12683798546541,Delhi,jio_fiber,-51.62502766212978,28.22007474743797,12.651996708979711,38.50749174094113,30,FTTH,high
28.830385464307707,77.56793680656284,Delhi,jio_fiber,-50.16758697193834,29.740515852404197,13.52630556389263,46.536514026864346,30,FTTH,high
29.104550580677024,76.76593772624445,Delhi,jio_fiber,-54.217345865280734,25.558744778911237,11.164361214325757,47.82383470858658,30,FTTH,high
28.60875174234756,76.9772318847057,Delhi,jio_fiber,-43.327755515881236,477.59930994433967,231.73594946973273,25.380601700281773,500,FTTH,high
28.249458990232096,77.3836858266662,Delhi,jio_fiber,-48.55913128857662,872.165953509218,402.9052749701111,35.780990926990526,1000,FTTH,high
28.784816872952938,77.31695672794066,Delhi,jio_fiber,-48.920548762503344,29.39392514476231,13.531585049824598,29.157156413265202,30,FTTH,high
28.635128819530937,77.40041003693804,Delhi,jio_fiber,-51.64039118947274,93.00410937811279,41.69048039843532,11.999724755462939,100,FTTH,high
28.570182152358296,76.86427876614444,Delhi,jio_fiber,-47.81798181692336,29.878868908357546,13.901245770464213,37.30612641215918,30,FTTH,high
28.856547929082563,76.83193421031552,Delhi,jio_fiber,-52.58546418103918,301.93696195087483,134.07951733292842,40.614072137772894,300,FTTH,high
28.66490201626715,76.84573028299548,Delhi,jio_fiber,-46.74803654250533,29.184226269461867,13.716841022148387,54.197805428912,30,FTTH,high
28.50456821683932,77.0895564865509,Delhi,jio_fiber,-47.18838099417863,97.23301720566413,45.510073167775,30.118515172810934,100,FTTH,high
28.401818921957453,77.45898245878163,Delhi,jio_fiber,-52.741781002176,29.027935508978178,12.870111766930476,35.5265597361104,30,FTTH,high
28.580031794691084,77.47618164780941,Delhi,jio_fiber,-53.895039608608684,90.73102460800243,39.76235150107746,41.75621411594716,100,FTTH,high
28.671225258645165,77.26298227837756,Delhi,jio_fiber,-45.58114690838091,94.78543762524808,45.041556803016555,30.429188117664175,100,FTTH,high
28.584853513567317,77.14318703188925,Delhi,jio_fiber,-51.596426432364474,29.1023435432705,13.051246500928878,18.15286723089384,30,FTTH,high
29.064359065406016,77.09288399303666,Delhi,jio_fiber,-51.91015977246651,102.47126454437436,45.81141390414193,47.098216586926824,100,FTTH,high
28.97866092753782,76.79022914997648,Delhi,jio_fiber,-62.33112838092771,416.9426515248647,167.08999296827164,54.94923160021284,500,FTTH,medium
28.915240175402545,77.44232653621619,Delhi,jio_fiber,-49.88233084924321,26.098183259822438,11.902821045299014,41.96785717584116,30,FTTH,high
28.4247164729747,77.47033919577895,Delhi,jio_fiber,-49.75005176306413,99.87413428899232,45.6091650151233,34.50571020044167,100,FTTH,high
28.68816703213592,77.56734742599811,Delhi,jio_fiber,-49.24293828296468,260.34089991106475,119.47571719815701,33.391674553927686,300,FTTH,high
28.770104536498476,77.49319188093835,Delhi,jio_fiber,-48.519202235441774,30.719368703129675,14.196553175889004,40.978345936463164,30,FTTH,high
28.138942369006656,76.87961050851179,Delhi,jio_fiber,-56.44014152323479,444.2709068600624,189.67377972587434,52.25459840435958,500,FTTH,medium
28.236629737441167,76.8761123986008,Delhi,jio_fiber,-58.042066386292376,1005.7849335704753,422.2416288216324,38.91751293606547,1000,FTTH,medium
28.891711953149212,77.3037727760943,Delhi,jio_fiber,-50.02303634667939,29.677413982650318,13.516672328998245,26.684209974681277,30,FTTH,high
28.311188738429088,77.07987588196346,Delhi,jio_fiber,-51.5288971102015,448.55494893868826,201.29372400451823,33.98124341566884,500,FTTH,high
28.43843580043396,77.54895907209732,Delhi,jio_fiber,-52.52915039638612,27.276997646655012,12.119576130541681,46.50734611574755,30,FTTH,high
28.63177542343742,77.19292632428305,Delhi,jio_fiber,-50.38486975295855,91.72854056986644,41.6305416340575,20.560856482433667,100,FTTH,high
28.428372124101774,77.08597285787278,Delhi,jio_fiber,-50.590910644858596,31.414194498241137,14.228408685071322,31.234746991220636,30,FTTH,high
29.013603259142318,77.08241498686249,Delhi,jio_fiber,-51.75133032880668,88.32944893429836,39.551442101867394,45.924350197823465,100,FTTH,high
28.624108982506925,76.97759698276344,Delhi,jio_fiber,-47.07578196296945,895.6170985582609,419.643254560439,30.53748458819982,1000,FTTH,high
28.385058887901966,77.45466855072452,Delhi,jio_fiber,-49.11798832843314,444.1668763073747,204.08384529125513,44.42471192130451,500,FTTH,high
28.221439946791566,77.46113215073525,Delhi,jio_fiber,-52.38484851316909,28.64286469704602,12.744821058495836,40.9436644227008,30,FTTH,high
28.57659540833489,76.78595325540569,Delhi,jio_fiber,-51.268303496833994,30.745849426648114,13.833131101735479,34.439434433648074,30,FTTH,high
12.978296770100679,77.6645151803965,Bengaluru,jio_fiber,-45.899733123308565,90.34892945400068,42.80542218586596,17.54282396568702,100,FTTH,high
12.487143005296383,77.57246678218253,Bengaluru,jio_fiber,-58.31213108142582,90.67847094676715,37.95916415675929,48.0443176553915,100,FTTH,medium
12.481913367298969,77.58093863126325,Bengaluru,jio_fiber,-52.679001770662474,94.23505347492602,41.807276026942745,41.367063417296315,100,FTTH,high
12.841460111451948,77.80592433689516,Bengaluru,jio_fiber,-47.45952334917927,101.6730371083458,47.46570791287656,34.001683423545316,100,FTTH,high
12.95834189861054,77.64009246868451,Bengaluru,jio_fiber,-49.49653813610045,26.86925007076806,12.30055899989306,24.420339016384297,30,FTTH,high
12.779617654636093,77.86922725634012,Bengaluru,jio_fiber,-52.054154986694485,498.81914019203236,222.68582242399643,32.171533788128926,500,FTTH,high
12.910541091377421,77.53342189217878,Bengaluru,jio_fiber,-42.70395751256814,286.88268066009124,139.99370219850545,21.062087454919133,300,FTTH,high
13.053541696638836,77.95393185825759,Bengaluru,jio_fiber,-51.275424999422995,431.4229490310014,194.09157627181648,36.83786579520519,500,FTTH,high
13.15487087345644,77.54105772618078,Bengaluru,jio_fiber,-45.78714673037042,947.2696524790429,449.2704330300849,43.29937918979554,1000,FTTH,high
13.25781595881178,77.62171951846604,Bengaluru,jio_fiber,-46.84616773100918,30.354875113496878,14.253817261278057,35.37460684846963,30,FTTH,high
13.453134372467561,77.56712193000311,Bengaluru,jio_fiber,-49.10529860884482,30.79534966765581,14.151448813882144,44.8087938486781,30,FTTH,high
13.283617405680749,77.44737522352047,Bengaluru,jio_fiber,-54.84956046636262,99.65659969764374,43.251158946234064,39.07663112376935,100,FTTH,high
13.322069137259145,77.77524537981526,Bengaluru,jio_fiber,-52.03725582163695,92.94245550328527,41.498907246824174,44.96143697293655,100,FTTH,high
12.9663189737246,77.53527725784316,Bengaluru,jio_fiber,-46.61397613204991,528.7199013074135,248.81799150798665,20.227112309739677,500,FTTH,high
13.291898095802082,77.27478029542328,Bengaluru,jio_fiber,-51.510296215438274,26.273317336460185,11.792597934430686,34.08642995638367,30,FTTH,high
13.251622410567547,77.38832081638297,Bengaluru,jio_fiber,-50.43878122313972,430.7200890995704,195.37696553413338,34.47443522783683,500,FTTH,high
13.268663534633655,77.18982680032167,Bengaluru,jio_fiber,-44.85214273970593,96.75852381971394,46.29265671493925,42.53860436730135,100,FTTH,high
12.697739504655983,77.51953976958083,Bengaluru,jio_fiber,-46.21204545931425,29.94668041230405,14.146539583588522,31.53023073819722,30,FTTH,high
13.111122605268301,77.80813755957377,Bengaluru,jio_fiber,-51.98480883569778,256.1222750334467,114.41857527299061,32.89316432907729,300,FTTH,high
13.469666378573677,77.69548645230658,Bengaluru,jio_fiber,-52.42560794857943,284.62545393751327,126.59430784513887,51.83261337082137,300,FTTH,high
13.348163816109496,77.33984506749711,Bengaluru,jio_fiber,-54.37073055516852,100.62501331788089,43.88559575448929,33.63332436832412,100,FTTH,high
12.953504977470171,77.39398628686463,Bengaluru,jio_fiber,-49.460276140447725,27.96267103876953,12.80562623204583,33.193660612816295,30,FTTH,high
13.371213614640945,77.33079411317478,Bengaluru,jio_fiber,-50.38508199893222,92.67683422415914,42.06083256621583,44.64937598620207,100,FTTH,high
13.327874522386539,77.94687602102945,Bengaluru,jio_fiber,-48.82057596223887,90.72640250839154,41.806494031502766,47.09278647114509,100,FTTH,high
12.585486916396084,77.54356632881188,Bengaluru,jio_fiber,-59.955685603044,24.7544588538702,10.181708546218111,43.31341033830805,30,FTTH,medium
13.101464530147387,77.45571492061188,Bengaluru,jio_fiber,-49.3555214786988,31.513712957277836,14.446513285548424,36.255370876772496,30,FTTH,high
12.714877820283297,77.293260265884,Bengaluru,jio_fiber,-49.51112467168642,87.71114259505816,40.14787524278391,36.94530121493954,100,FTTH,high
12.691366411414256,78.0837182736815,Bengaluru,jio_fiber,-57.22026481038997,478.1704782105709,202.48869573063283,48.97335795149441,500,FTTH,medium
12.954835387226861,77.7359218427522,Bengaluru,jio_fiber,-40.660288939824554,27.743845474677403,13.790505162604786,29.418504068839113,30,FTTH,high
12.702461795902398,77.79708595468739,Bengaluru,jio_fiber,-50.589330733862695,102.76347674198125,46.545309737290864,33.10609880198587,100,FTTH,high
13.192433209906905,77.4993171181606,Bengaluru,jio_fiber,-47.37369567893973,30.84721492315115,14.412683126525954,37.73725780617075,30,FTTH,high
12.919489187937684,77.65033338088841,Bengaluru,jio_fiber,-43.52819042854678,29.083481805688987,14.085687293352732,23.37775087790652,30,FTTH,high
12.917278438947065,77.8493310905539,Bengaluru,jio_fiber,-50.72047177002258,28.865329106537192,13.057331460739515,37.23456583968691,30,FTTH,high
12.675492935121884,77.61649483145406,Bengaluru,jio_fiber,-43.4400408098539,27.10057949172682,13.13594708176461,28.100269365463515,30,FTTH,high
13.41475430858464,77.75387810246403,Bengaluru,jio_fiber,-47.07371083729628,94.2979385464137,44.18436327396034,40.3854509474984,100,FTTH,high
13.394388841762304,77.44307668369171,Bengaluru,jio_fiber,-56.530811166437864,953.909148867623,406.8706099455086,45.594972519002006,1000,FTTH,medium
12.923952699665364,78.04827313440055,Bengaluru,jio_fiber,-45.7426387690168,31.66049408095373,15.022181348230145,41.794483860245386,30,FTTH,high
13.236686956502195,77.88173514360035,Bengaluru,jio_fiber,-52.28128693341094,85.79991299939631,38.21669716455468,36.64212651645738,100,FTTH,high
13.050724904764675,77.93829997228417,Bengaluru,jio_fiber,-52.165169186887304,31.049581407389862,13.846019988126361,36.60959593577805,30,FTTH,high
13.372549642761864,77.18391896437966,Bengaluru,jio_fiber,-49.40176443324785,101.2076444480706,46.37479808205901,49.543601588858586,100,FTTH,high
12.506800649412519,77.56634178861225,Bengaluru,jio_fiber,-49.386364478183815,95.2400300420523,43.64686997708002,44.98463836443203,100,FTTH,high
13.424096763263622,77.97979620900996,Bengaluru,jio_fiber,-54.426863586774175,26.95759334805218,11.750292132425734,60.66325970842372,30,FTTH,high
12.853923015607016,77.60127938450452,Bengaluru,jio_fiber,-45.35494198019112,27.996901856211615,13.332131883371947,20.51469670874122,30,FTTH,high
13.382418220182375,77.37057231948951,Bengaluru,jio_fiber,-45.96886813255926,30.45395638855239,14.419086417396285,42.22440517817413,30,FTTH,high
12.779269650259112,77.83145723649986,Bengaluru,jio_fiber,-46.094690344413245,30.804844429165236,14.567995601677794,37.44183350531732,30,FTTH,high
12.869840654324177,78.02514916795006,Bengaluru,jio_fiber,-48.7246034383479,273.1271443190746,125.97278983761578,41.66489900929952,300,FTTH,high
12.56636628265861,78.04885257838224,Bengaluru,jio_fiber,-58.07935055365321,99.42019394943891,41.72141902572347,47.67550814704365,100,FTTH,medium
12.567066719079001,77.55997577184996,Bengaluru,jio_fiber,-53.32262318633078,877.3007136118158,386.7039264567998,38.84668256742262,1000,FTTH,high
13.250451638062398,77.30885347598144,Bengaluru,jio_fiber,-49.8878850244519,266.7170809825228,121.63735013209424,31.186547111985362,300,FTTH,high
12.622624119026392,77.18061526227079,Bengaluru,jio_fiber,-55.964476588731344,95.24244929302586,40.86346530432651,55.86615655565848,100,FTTH,medium
13.33593681333178,77.77781698629721,Bengaluru,jio_fiber,-52.69980620740541,497.2504275142696,220.5586179083316,37.475574957868396,500,FTTH,high
13.250244382181082,77.54211891680251,Bengaluru,jio_fiber,-44.17991503547962,308.8420624893124,148.68354866426682,38.85402104427978,300,FTTH,high
13.060376983266723,78.00038414426459,Bengaluru,jio_fiber,-52.0141123591078,26.848686849221366,11.99072946682826,37.888240722430204,30,FTTH,high
12.671410386444581,77.42229194051087,Bengaluru,jio_fiber,-51.35208406673483,87.90358179530966,39.5167293407328,40.746939305447675,100,FTTH,high
12.775176465111691,77.11034755035857,Bengaluru,jio_fiber,-50.31727662509849,88.42592264641833,40.158229301997345,53.642700366360486,100,FTTH,high
12.702899881591588,77.53535858172458,Bengaluru,jio_fiber,-51.53808730893682,499.4445609274199,224.11056957502467,38.12666299624173,500,FTTH,high
12.551268309797983,77.0969194330651,Bengaluru,jio_fiber,-49.8538780124314,290.94586996126,132.7309567103234,60.962181533819944,300,FTTH,high
13.103276052910907,78.03365344505082,Bengaluru,jio_fiber,-56.347228904175225,26.310492370411165,11.24367444582484,58.06274710384086,30,FTTH,medium
12.978643660866123,77.3226575354073,Bengaluru,jio_fiber,-49.438388285040475,27.45314188660435,12.57495577543515,39.124624805681584,30,FTTH,high
13.038205708169766,77.30746650719023,Bengaluru,jio_fiber,-52.045613591204656,28.85123342523067,12.881035337193216,34.01606527921629,30,FTTH,high
12.958477060115406,78.01232148088697,Bengaluru,jio_fiber,-47.95911499921131,463.07630205827843,215.15736195584432,40.217469060032954,500,FTTH,high
13.28385390161678,77.96478194107979,Bengaluru,jio_fiber,-52.44347784423813,31.01458732953213,13.792052196840634,48.84216252016917,30,FTTH,high
13.443560916548266,77.21803538436747,Bengaluru,jio_fiber,-54.38702262321142,88.53214984771364,38.60512362278748,49.258541740920904,100,FTTH,high
12.484633222782378,77.65482157536113,Bengaluru,jio_fiber,-55.12388689734458,259.066145871579,112.11935253982179,35.89343879470898,300,FTTH,medium
13.441886244826863,77.64727569028048,Bengaluru,jio_fiber,-50.2662734422622,506.79334129227425,230.27276388869626,34.84482651024898,500,FTTH,high
12.757903439202389,77.26451768779695,Bengaluru,jio_fiber,-52.6399167917879,297.1530707423744,131.88324608848552,39.98374133651983,300,FTTH,high
13.194734174579425,78.08388903640362,Bengaluru,jio_fiber,-51.71887050328226,91.75044432069718,41.09650404651366,54.77014342477921,100,FTTH,high
12.6832014421056,78.02565430756106,Bengaluru,jio_fiber,-44.677939317913776,101.28668384909672,48.53750654339817,42.16433731841821,100,FTTH,high
12.829370174650837,77.85118224609312,Bengaluru,jio_fiber,-49.582221064927566,28.858982457638422,13.200455008294954,30.61972226663909,30,FTTH,high
12.574745990879105,77.77539724265189,Bengaluru,jio_fiber,-50.711087626003106,91.39182750750099,41.34522098604648,41.349817987607075,100,FTTH,high
13.377495053484843,77.2672365796892,Bengaluru,jio_fiber,-50.197806350366726,104.2242161053768,47.38829306219326,50.580904941483105,100,FTTH,high
12.645627551154114,77.15673271135708,Bengaluru,jio_fiber,-52.237928005663115,302.51925810669314,134.80536727096288,50.18736577537099,300,FTTH,high
12.864461584945282,77.3036714161764,Bengaluru,jio_fiber,-43.677400874193324,31.528909677037692,15.249146216257953,36.71665004117396,30,FTTH,high
13.18034427738907,77.2010735245266,Bengaluru,jio_fiber,-49.342869235683345,28.502335933017267,13.067640866358861,37.813369264220675,30,FTTH,high
12.624094346792726,77.82492771400484,Bengaluru,jio_fiber,-56.4109957344525,87.8904146639979,37.53467746466503,39.30030499276289,100,FTTH,medium
13.350971669968672,77.62979646972269,Bengaluru,jio_fiber,-53.54627486072033,90.88865773426771,39.97231669206574,47.4516453180882,100,FTTH,high
12.96128667844815,77.57690746974993,Bengaluru,jio_fiber,-55.196622045008056,97.08710865519478,41.98623834681683,17.742897878827588,100,FTTH,medium
13.329163907182377,77.73810760449794,Bengaluru,jio_fiber,-52.00798328899773,28.182329109692404,12.58710705709411,45.06285330774498,30,FTTH,high
12.64758359666854,77.57514429184084,Bengaluru,jio_fiber,-48.44143426386532,103.95018823000788,48.07514442318155,33.45556516617988,100,FTTH,high
12.806411646573249,77.14949695848534,Bengaluru,jio_fiber,-48.549843111145094,27.02327286552453,12.484770906762712,36.74148165370355,30,FTTH,high
12.506041291606511,77.99209843219057,Bengaluru,jio_fiber,-55.350233010686,25.691298121969236,11.092905005343608,52.17512102623198,30,FTTH,medium
13.094895616379286,77.70452282389193,Bengaluru,jio_fiber,-48.21397220968405,28.128169101396782,13.037222331550982,29.312325601312267,30,FTTH,high
12.533859863746873,77.3468601114814,Bengaluru,jio_fiber,-51.33162629647029,28.142486031185257,12.653909083330287,44.98894856485492,30,FTTH,high
12.617430593586823,77.8056932112899,Bengaluru,jio_fiber,-53.05445775280542,102.63487194094232,45.362579971726156,40.979647254343575,100,FTTH,high
13.413808539294811,77.40494637721676,Bengaluru,jio_fiber,-49.63227683468238,881.0160920004076,402.7916420270575,45.24984925715203,1000,FTTH,high
12.885765662765843,77.41919577896854,Bengaluru,jio_fiber,-50.95163152762126,292.47256795034446,132.00049821459737,29.679254200586644,300,FTTH,high
12.694555926610558,77.16889945588461,Bengaluru,jio_fiber,-60.53310808044006,28.42518831731573,11.61856098565206,41.1516178206744,30,FTTH,medium
13.047688277582997,77.35159785740703,Bengaluru,jio_fiber,-46.899969893065034,302.06150897585945,141.7675752977643,38.70390919800146,300,FTTH,high
13.07829907662086,77.36283806580408,Bengaluru,jio_fiber,-49.31454227779643,28.59969907419208,13.115880176390185,33.490510446773946,30,FTTH,high
12.650983840872724,77.61658384272772,Bengaluru,jio_fiber,-52.39502385243792,88.55882934677166,39.40079777517599,30.083832961978615,100,FTTH,high
12.893878027191487,77.12498715995237,Bengaluru,jio_fiber,-59.19033477895767,27.796259914136755,11.527376475489685,56.218937080980155,30,FTTH,medium
13.471284539520948,77.25928792275656,Bengaluru,jio_fiber,-52.95268345036472,27.456501302131567,12.14764900652784,44.68477591141379,30,FTTH,high
12.559579083177852,77.70094259999118,Bengaluru,jio_fiber,-50.34574808704499,104.50366037640276,47.44663665740863,45.64009417287866,100,FTTH,high
12.571812227190197,77.25371941214095,Bengaluru,jio_fiber,-56.40715248429076,92.08573722208804,39.32791424557234,42.631360321513185,100,FTTH,medium
12.919068360692856,77.90515067162971,Bengaluru,jio_fiber,-48.94895910011291,98.733611550884,45.4398588795518,35.89564377478858,100,FTTH,high
12.771880975655918,77.46038501843127,Bengaluru,jio_fiber,-44.57720394606061,30.860991093763733,14.802686434820904,30.731244119104858,30,FTTH,high
12.652373478690016,77.50494196730443,Bengaluru,jio_fiber,-50.65702085660279,30.40686153879202,13.763223846717166,43.04495425526214,30,FTTH,high
12.980624801986687,77.85093455969836,Bengaluru,jio_fiber,-45.28466927818937,282.6822684528555,134.70165733939805,32.10162718979974,300,FTTH,high
13.172783959255561,77.6784303205385,Bengaluru,jio_fiber,-45.54691563769235,1007.1424075228607,478.7421638962229,24.30236985426798,1000,FTTH,high
13.358018380471684,78.06862980645546,Bengaluru,jio_fiber,-56.52762107107953,27.16718100287528,11.587995509504516,48.287351164245074,30,FTTH,medium
13.263503941839579,77.99589607099979,Bengaluru,jio_fiber,-53.76336118666475,30.84741436422287,13.536755601802502,43.4358176306003,30,FTTH,high
12.868326058558907,77.17451109022335,Bengaluru,jio_fiber,-52.005804952251765,30.41247217981317,13.583452938321608,38.448300861170296,30,FTTH,high
12.736285300350008,77.51640419268631,Bengaluru,jio_fiber,-47.525244024051375,90.31642183231858,42.13753041097103,24.921523777457715,100,FTTH,high
12.780832894262206,77.5389274711955,Bengaluru,jio_fiber,-45.22310745975832,31.390859446129262,14.966728246881065,26.595843784845638,30,FTTH,high
13.044013201569697,77.95806195425045,Bengaluru,jio_fiber,-44.02215959448549,105.6172579401559,50.920586892890185,38.98244171181539,100,FTTH,high
13.464774874528178,77.93371390449768,Bengaluru,jio_fiber,-49.66451220327818,30.970144252562644,14.154799517098311,56.17779211338265,30,FTTH,high
12.925877786645465,77.21015381088,Bengaluru,jio_fiber,-50.89795275049131,90.15774518379202,40.71205104921245,49.417756455473906,100,FTTH,high
13.469027504172898,77.95898532858526,Bengaluru,jio_fiber,-53.733432770356465,278.8847273545173,122.41994299369217,50.77171269035081,300,FTTH,high
12.550188608229021,77.94642945677451,Bengaluru,jio_fiber,-52.83635931881352,28.436751516255768,12.596045267805776,51.2283526266107,30,FTTH,high
13.172677378579069,77.88831325897348,Bengaluru,jio_fiber,-51.02867352149142,26.534322717807317,11.96654632615437,34.28238138942411,30,FTTH,high
13.076998706991253,77.14105619847518,Bengaluru,jio_fiber,-59.22249093392295,299.8749143996189,124.31815576266459,35.4215712733364,300,FTTH,medium
13.292167466478618,77.26968479223706,Bengaluru,jio_fiber,-49.352141520049535,98.8998381015984,45.3391400186386,42.54348687476853,100,FTTH,high
12.634385113736444,77.88721530841919,Bengaluru,jio_fiber,-53.87716520120752,87.31979667673376,38.274337254727385,42.8788276424886,100,FTTH,high
12.817283860517131,77.97571184798143,Bengaluru,jio_fiber,-51.985588399611316,274.6692908127351,122.70320955883606,37.640759094460286,300,FTTH,high
13.447844957521397,77.8518068729834,Bengaluru,jio_fiber,-52.4217909347343,25.57337156201728,11.374832114165715,39.11221345272412,30,FTTH,high
12.976404369770156,77.49050620112668,Bengaluru,jio_fiber,-44.876971033453415,27.482856919461618,13.145725805896324,21.682538373165283,30,FTTH,high
12.91859724235012,77.59724158506057,Bengaluru,jio_fiber,-45.28479813867073,102.02573327730359,48.61648705944997,24.80049946598519,100,FTTH,high
13.189073176139189,77.33576578724661,Bengaluru,jio_fiber,-49.9839541397491,30.624478683203524,13.95333538281586,34.71444822557253,30,FTTH,high
12.912243604826788,77.11776625123925,Bengaluru,jio_fiber,-53.3803540103024,85.72443985696071,37.76433836127586,41.17814912838116,100,FTTH,high
13.362201441911111,77.39172331069426,Bengaluru,jio_fiber,-48.173274093354344,27.753130718911084,12.868414495836197,44.26760544975183,30,FTTH,high
12.554179123483241,77.73508679509685,Bengaluru,jio_fiber,-50.66305214344605,25.95541857344252,11.747647146038657,45.082195552305805,30,FTTH,high
12.844227509744234,77.16375677325877,Bengaluru,jio_fiber,-51.164105301574416,85.69285782366558,38.594499630338355,41.17719574548744,100,FTTH,high
12.730145295115332,77.65464990292129,Bengaluru,jio_fiber,-50.17725848296891,26.72599476987003,12.154120242768606,33.767806589796564,30,FTTH,high
12.813579043990336,78.00974925201456,Bengaluru,jio_fiber,-52.738646445332115,99.54158932834952,44.13512749501792,39.54830215225074,100,FTTH,high
12.550303476292612,77.83840029375821,Bengaluru,jio_fiber,-55.64387291336132,95.08389320363649,40.930922862327975,31.10540919921911,100,FTTH,medium
13.382252255134208,77.288093275759,Bengaluru,jio_fiber,-49.23043054383424,30.20042684724637,13.861267012922498,51.90824232298285,30,FTTH,high
13.297023130057228,77.76229709937284,Bengaluru,jio_fiber,-49.50970401193163,31.40239428667016,14.373963921414163,40.32396070393266,30,FTTH,high
12.953769784834959,77.29798969126702,Bengaluru,jio_fiber,-46.653747650494964,281.6621634952819,132.5017085983518,28.24958036931602,300,FTTH,high
12.495398197188454,77.62780299929773,Bengaluru,jio_fiber,-50.475331972609716,31.302927183761625,14.194092240928226,53.886944826922885,30,FTTH,high
13.314404331358777,77.27283557258045,Bengaluru,jio_fiber,-57.380713098984415,28.730238831043444,12.145777022687644,51.61382384440304,30,FTTH,medium
13.112443591396842,77.65202298339005,Bengaluru,jio_fiber,-45.09913777263743,513.8355179344304,245.27278964089444,27.053144965506355,500,FTTH,high
13.25383907709168,77.65468599360376,Bengaluru,jio_fiber,-46.182801960106204,92.96362906121841,43.92725582848348,36.496335538949616,100,FTTH,high
13.11757360365862,77.1167559641187,Bengaluru,jio_fiber,-47.79966163767233,31.60916215844569,14.708844325950878,35.75089566728931,30,FTTH,high
13.186626103590564,77.16647672007187,Bengaluru,jio_fiber,-52.805820703361725,292.74674662864777,129.71176287512864,41.26394839012264,300,FTTH,high
12.578004710546427,77.34050265933648,Bengaluru,jio_fiber,-50.46386389020136,27.601860248456937,12.517276307534189,41.93175928909025,30,FTTH,high
12.6969984753154,77.26046202163361,Bengaluru,jio_fiber,-49.29614991325533,26.81639835171228,12.300246912695737,38.87882077343309,30,FTTH,high
17.75765340470842,78.91410101111236,Hyderabad,jio_fiber,-58.33010701788884,257.6875041913098,107.8506875223243,55.01121737311605,300,FTTH,medium
17.48313752111411,78.81014176349142,Hyderabad,jio_fiber,-47.19448680771847,894.4123923154018,418.6069154591539,31.73052629812459,1000,FTTH,high
16.91443750123331,78.17823523986353,Hyderabad,jio_fiber,-57.04337124760669,86.76121125125658,36.80858992230741,54.79561539844128,100,FTTH,medium
17.684821596634293,78.08638126683154,Hyderabad,jio_fiber,-55.57302313520353,30.409315926750203,13.09992471691735,38.42190177407099,30,FTTH,medium
17.669453013917924,78.77815463609568,Hyderabad,jio_fiber,-52.20753946557929,89.14094223422879,39.73406413789985,35.89697096308769,100,FTTH,high
17.187242502125535,78.87544195994958,Hyderabad,jio_fiber,-53.14028569206969,28.407129571574522,12.54455234906668,33.02555798624143,30,FTTH,high
17.716678626843642,78.07805302963574,Hyderabad,jio_fiber,-47.26567077634949,277.0705859081096,129.58816558063887,48.91631473812029,300,FTTH,high
17.35277060636072,78.17577178679998,Hyderabad,jio_fiber,-48.22416919828671,27.730424986070698,12.851613795142715,30.948056672502794,30,FTTH,high
17.04930093328965,78.20203546627786,Hyderabad,jio_fiber,-52.95275470796667,29.309751479760504,12.967577866685582,47.51346556124095,30,FTTH,high
16.92234676953962,78.12458259181834,Hyderabad,jio_fiber,-54.980303555347305,88.41233473465337,38.31975131238409,46.69459136777459,100,FTTH,high
17.348889930111003,78.49702665053425,Hyderabad,jio_fiber,-47.340787340516755,261.75212275866033,122.33620951666278,28.491222009895644,300,FTTH,high
17.47095204994264,78.14772777754389,Hyderabad,jio_fiber,-50.364855453179125,100.2145431731539,45.49078601192753,42.087740585190105,100,FTTH,high
17.821388936406752,78.83994879849355,Hyderabad,jio_fiber,-49.239770899511086,1017.5066713952281,466.96876444243173,54.18720100601754,1000,FTTH,high
17.430460341774623,78.16726513039767,Hyderabad,jio_fiber,-52.687666960412095,30.853766641892626,13.687050807050285,27.429886428549256,30,FTTH,high
17.851960282860052,78.78009111793733,Hyderabad,jio_fiber,-54.712733124440646,29.191376624600494,12.686866384243437,31.969204525984495,30,FTTH,high
17.407546076249197,78.27647837543682,Hyderabad,jio_fiber,-48.79122694558979,273.4392415513045,126.03576998317463,34.98940393573345,300,FTTH,high
17.530630469854376,78.58412350645516,Hyderabad,jio_fiber,-44.6203350975187,27.735106237032998,13.298017630603729,32.49969153739087,30,FTTH,high
17.561948847263785,78.06358657454969,Hyderabad,jio_fiber,-52.718750952061214,87.90867225103162,38.98505386379472,43.32938168276986,100,FTTH,high
17.209212817531103,78.12394073610511,Hyderabad,jio_fiber,-53.030276287388574,503.60402167764596,222.6371239859352,43.255425264214566,500,FTTH,high
16.942759440545032,78.94532758209877,Hyderabad,jio_fiber,-53.21999346750667,27.291119852588636,12.042055809973592,47.01951446179946,30,FTTH,high
17.056124993853302,78.71316373605289,Hyderabad,jio_fiber,-46.218693071577114,28.729634155651812,13.570769180613919,44.0184462470262,30,FTTH,high
17.83697995928068,78.63005795642277,Hyderabad,jio_fiber,-55.04162985695842,84.28043158516873,36.505926654411844,48.205668611371934,100,FTTH,medium
17.6655805223887,78.98087846914814,Hyderabad,jio_fiber,-51.929820724781315,296.68682568819656,132.61265443581104,55.78871575086338,300,FTTH,high
17.696742774718057,78.69861685757635,Hyderabad,jio_fiber,-55.22295547651137,26.840018319132398,11.604078475739968,34.782046509380656,30,FTTH,medium
17.723132893522767,78.62478330398349,Hyderabad,jio_fiber,-51.92374750727465,94.37620930280626,42.1866909162015,40.03522607144413,100,FTTH,high
17.05761281092416,78.25898841951134,Hyderabad,jio_fiber,-51.71052751325295,280.6179693254773,125.70372043829786,46.24297544053465,300,FTTH,high
17.325298506157047,78.18985041276956,Hyderabad,jio_fiber,-47.771890592225816,268.42079584168124,124.93867766324182,50.774831082093804,300,FTTH,high
17.176566368992805,78.10307011258647,Hyderabad,jio_fiber,-46.635854255634364,96.65294148108437,45.475915927000706,43.59167957248293,100,FTTH,high
17.076557818791095,78.92581054710976,Hyderabad,jio_fiber,-55.547959373149816,27.69051277226756,11.931785419000882,37.43426261052199,30,FTTH,medium
17.238523725528754,78.91078194472904,Hyderabad,jio_fiber,-51.479961259864154,29.02629864672819,13.032168061223263,44.10312026971545,30,FTTH,high
17.599389714365014,78.12780540498123,Hyderabad,jio_fiber,-49.130588235614205,302.9098280760966,139.16271442612148,40.84596815152984,300,FTTH,high
17.20790780430272,78.0952108204067,Hyderabad,jio_fiber,-51.29893591539949,29.129216057609252,13.101811826579057,50.190380006985734,30,FTTH,high
17.58361461591901,78.59065903854831,Hyderabad,jio_fiber,-47.03942840493876,529.2311937550759,248.05788533043068,26.108044209550464,500,FTTH,high
17.173889550513636,78.512126444791,Hyderabad,jio_fiber,-51.911173537272234,26.578325202103535,11.882144628552604,22.178760249422837,30,FTTH,high
16.94718877183667,78.84201916714835,Hyderabad,jio_fiber,-53.99068551875543,90.79940458393442,39.75372044830469,45.064091367558355,100,FTTH,high
17.29030663790379,78.77293058916423,Hyderabad,jio_fiber,-50.59065948225059,91.90336230032318,41.62582685950991,34.87260430005664,100,FTTH,high
17.515840680684025,78.25396421928875,Hyderabad,jio_fiber,-47.3234320816115,88.9870797528367,41.59713616659237,29.3845938856908,100,FTTH,high
17.575576471982565,78.8211356847164,Hyderabad,jio_fiber,-54.134312168920424,85.51447681512477,37.385290361931794,38.31591778709274,100,FTTH,high
17.54331105382511,78.00120120687349,Hyderabad,jio_fiber,-55.79937613922718,88.0986604801434,37.86309079879235,52.04411384462695,100,FTTH,medium
17.756984825940478,78.9239572619213,Hyderabad,jio_fiber,-55.66320197209174,30.57381488789764,13.158534832186659,48.25164410194654,30,FTTH,medium
17.023502367538203,78.40820776093791,Hyderabad,jio_fiber,-43.11507779943984,30.668975328545496,14.90988213459488,38.585833769771384,30,FTTH,high
17.452732456344183,78.13290563048032,Hyderabad,jio_fiber,-50.76574758577359,104.11915012793297,47.07770622342163,36.92084585281049,100,FTTH,high
17.251986221753036,78.63097843931014,Hyderabad,jio_fiber,-46.40193780383146,29.94582902269407,14.120864134069443,34.31196017541483,30,FTTH,high
17.85242500642604,78.05324432132632,Hyderabad,jio_fiber,-60.43185112098403,26.802485919116787,10.967356728573217,61.43975488043726,30,FTTH,medium
17.541027315260557,78.47818007007837,Hyderabad,jio_fiber,-48.73412096127981,31.60021279677609,14.573439371858159,33.31692555619958,30,FTTH,high
17.06116489412637,78.41118339442963,Hyderabad,jio_fiber,-47.798284956545245,528.8623761397639,246.10132357239974,42.45651349117699,500,FTTH,high
17.677227266517626,78.35004446169613,Hyderabad,jio_fiber,-51.06267913001051,30.216590270039717,13.622622056973428,43.17209178255938,30,FTTH,high
17.540932243074696,78.49250488735586,Hyderabad,jio_fiber,-47.81059131740938,476.66855875755704,221.7873313507171,24.935543048668556,500,FTTH,high
17.15693616411487,78.68753526948628,Hyderabad,jio_fiber,-46.64241820023444,30.515915716571445,14.357071307385393,32.46613707602591,30,FTTH,high
17.665459043734774,78.65774836903906,Hyderabad,jio_fiber,-49.699724876784664,90.76151427077801,41.46803838949162,34.22469893166285,100,FTTH,high
17.00399933909832,78.37074251320236,Hyderabad,jio_fiber,-53.67321054647046,27.620881376190322,12.131924570158562,44.85507105649632,30,FTTH,high
17.045051184208972,78.38939474135074,Hyderabad,jio_fiber,-49.8443337521904,30.76556048570767,14.036707151767136,31.778764822620317,30,FTTH,high
17.07357267302969,78.2491870399224,Hyderabad,jio_fiber,-51.58525164300907,89.98501561878355,40.3591786980864,40.551292174943335,100,FTTH,high
17.43875296676441,78.52396683036008,Hyderabad,jio_fiber,-47.63919650317811,27.28573705647266,12.716463607754358,26.88841781604771,30,FTTH,high
16.998129362325194,78.38370033523422,Hyderabad,jio_fiber,-54.160859002061414,980.4423987524738,428.5149479612295,37.436367190041864,1000,FTTH,high
17.05497770433316,78.8504967771339,Hyderabad,jio_fiber,-57.81737885285851,852.3422402156992,358.6755440802174,36.72356736836265,1000,FTTH,medium
17.69235561416225,78.20474924042567,Hyderabad,jio_fiber,-50.70232594889753,92.64801627346048,41.917122498164304,43.862817026885025,100,FTTH,high
17.356039546008,78.02699091820273,Hyderabad,jio_fiber,-46.98009536137828,90.0239669058154,42.21920179152035,39.11053349968924,100,FTTH,high
17.38157267887808,78.53543026617541,Hyderabad,jio_fiber,-48.58987121354551,104.43587166007514,48.230866107217956,22.88148496254448,100,FTTH,high
17.187857449148577,78.30412402178128,Hyderabad,jio_fiber,-45.1715167473524,26.784706425650917,12.77671962236692,28.320616040005323,30,FTTH,high
17.86003313037611,78.83453798260639,Hyderabad,jio_fiber,-55.05757447130598,87.04067969657169,37.69535533022265,42.781607336377235,100,FTTH,medium
17.423404627400444,78.8811259547909,Hyderabad,jio_fiber,-50.90174504191384,303.9224590368844,137.23551769207947,44.25236944121846,300,FTTH,high
17.41949018036617,78.5115471151869,Hyderabad,jio_fiber,-48.00056939105201,93.0069784654401,43.19633907687635,16.452647171828755,100,FTTH,high
16.886801052445215,78.80504782806229,Hyderabad,jio_fiber,-56.29913533222439,26.869801044972252,11.488435973233027,53.01590546102777,30,FTTH,medium
17.001494247716444,78.51394095043429,Hyderabad,jio_fiber,-46.388072036684136,28.682994733467364,13.527146093021587,44.18238153978398,30,FTTH,high
17.123443456604136,78.11527012229365,Hyderabad,jio_fiber,-49.228997013348575,489.62676939905026,224.7299891775725,42.94291028637835,500,FTTH,high
17.52561131517998,78.50223497719239,Hyderabad,jio_fiber,-44.76683545539394,29.420514845153114,14.08695629688847,28.12692349445028,30,FTTH,high
17.74625670121816,78.70703291248402,Hyderabad,jio_fiber,-54.85759430503595,26.587049100186334,11.537881930988101,46.7931649773263,30,FTTH,high
17.59949249189841,78.94906376382048,Hyderabad,jio_fiber,-51.31840228259987,1026.6407809776297,461.67624222736015,41.79059437836602,1000,FTTH,high
17.86230520467777,78.34792129159742,Hyderabad,jio_fiber,-52.393935368071645,30.019967218984764,13.356359016320262,48.10382936095349,30,FTTH,high
17.03275858075198,78.72569984186484,Hyderabad,jio_fiber,-52.08984864990664,94.69716259188627,42.260250792336436,44.12031999596395,100,FTTH,high
17.604033888747917,78.00358589278558,Hyderabad,jio_fiber,-55.97410390186801,27.853152547286978,11.94911337237708,50.67086604665468,30,FTTH,medium
17.789875910670407,78.3722392378011,Hyderabad,jio_fiber,-45.39616916914963,30.793623351104248,14.65828900473597,42.113169494236594,30,FTTH,high
17.23103287798405,78.26340729466119,Hyderabad,jio_fiber,-48.137435628512904,104.12272650165836,48.29562109806252,33.65056035900288,100,FTTH,high
17.061782382715702,78.60324289416621,Hyderabad,jio_fiber,-51.151195933560146,919.302000177131,414.0895924170591,25.9998914937203,1000,FTTH,high
17.344508662257287,78.44152242792148,Hyderabad,jio_fiber,-50.6232095439982,498.1489962313319,225.55475957745347,22.79284529420717,500,FTTH,high
17.731652553909335,78.04992317557299,Hyderabad,jio_fiber,-52.79317503539515,1016.966233051521,450.65988530569575,41.30497078356362,1000,FTTH,high
17.314071187178534,78.2649032146394,Hyderabad,jio_fiber,-49.84195021363992,104.00931688090944,47.45508280269201,34.339473590725675,100,FTTH,high
17.401379316640263,78.94922059282392,Hyderabad,jio_fiber,-54.32317444680273,99.13226437332513,43.255515671437216,50.66734477278787,100,FTTH,high
17.288920341303832,78.08326847879111,Hyderabad,jio_fiber,-50.19804807049226,104.45055195529729,47.49109042285055,42.72133761102118,100,FTTH,high
17.29831134880828,78.75535785084479,Hyderabad,jio_fiber,-51.62379925573852,25.86658015705612,11.596988144403216,37.806083318488454,30,FTTH,high
16.949328348381954,78.4396711744075,Hyderabad,jio_fiber,-46.055914984298,103.33368668996772,48.885598804501505,42.456964261853074,100,FTTH,high
17.85798402524694,78.15486785011197,Hyderabad,jio_fiber,-50.02112018302045,283.7829843009539,129.25227707680554,50.198453519209224,300,FTTH,high
17.56726471239617,78.98084043288837,Hyderabad,jio_fiber,-53.840298713933876,27.412411582141107,12.02000150322107,45.24923157249526,30,FTTH,high
16.992092036817326,78.13226555225413,Hyderabad,jio_fiber,-52.39960498121887,30.03733601952242,13.363329781626922,52.59931380120031,30,FTTH,high
16.9044720168271,78.61318728137348,Hyderabad,jio_fiber,-57.43190232650539,28.534396657810742,12.056492482306622,49.385994365345866,30,FTTH,medium
17.623686466866598,78.39003006906798,Hyderabad,jio_fiber,-46.53629257694729,31.8488380918492,14.999204272572822,24.29298917178357,30,FTTH,high
17.599221153517284,77.99671891064389,Hyderabad,jio_fiber,-50.3661637305344,26.03719722154384,11.819017057515302,40.80331321312694,30,FTTH,high
16.993882510725992,78.4888281366865,Hyderabad,jio_fiber,-46.75124058935838,93.37462896849227,43.885560772653406,43.08255056097107,100,FTTH,high
17.86288200929159,78.00466459891305,Hyderabad,jio_fiber,-55.76644827198465,298.38157580976144,128.28226488124574,47.735439871169476,300,FTTH,medium
17.15324550699727,78.50104043340893,Hyderabad,jio_fiber,-45.74985115707318,94.61656378030757,44.890365629129384,41.81209460991263,100,FTTH,high
17.141004827658936,78.6219012289017,Hyderabad,jio_fiber,-51.39691357898113,27.383817435882932,12.304837603366558,40.17250098325031,30,FTTH,high
17.15451943122773,78.52973745648082,Hyderabad,jio_fiber,-48.50454604545964,90.08104383908815,41.63564020775477,39.506839557099745,100,FTTH,high
17.35999281389863,78.84858338032777,Hyderabad,jio_fiber,-51.478093752207826,90.4385133897582,40.605648981554886,41.8439192975158,100,FTTH,high
17.638314246167397,78.21962935252841,Hyderabad,jio_fiber,-49.238723971205076,30.702539721729945,14.090593017735983,42.81044479572513,30,FTTH,high
16.89750730696221,78.57496821269305,Hyderabad,jio_fiber,-51.38604476099994,27.151995990406693,12.201980920993297,42.56796701740816,30,FTTH,high
17.73361470435218,78.19045826115914,Hyderabad,jio_fiber,-48.86590567887897,86.56941184109436,39.87352263139531,45.06661425003696,100,FTTH,high
17.439551664833484,78.94441532484463,Hyderabad,jio_fiber,-53.512237872759535,87.32645931226767,38.41889236363065,41.92535447018479,100,FTTH,high
17.880809227957027,78.85233675886072,Hyderabad,jio_fiber,-53.17381129327525,1034.9156922416805,456.8632504139904,50.47783789913409,1000,FTTH,high
17.07590515859622,78.77543212437887,Hyderabad,jio_fiber,-53.209984530096015,86.53780470546272,38.18817763527521,35.37086841103445,100,FTTH,high
17.086382589887005,78.12818933373413,Hyderabad,jio_fiber,-46.03073337682845,269.70291041430374,127.6225381242038,48.84018654272108,300,FTTH,high
17.101453869884708,78.33639395697296,Hyderabad,jio_fiber,-45.13003580649201,1039.2714071445,495.9401500997406,45.4901729042362,1000,FTTH,high
17.564045631570934,78.41017321253496,Hyderabad,jio_fiber,-51.99726534512087,279.7708149761769,124.96769769657772,21.47992947041692,300,FTTH,high
17.738958315290866,78.35368111232467,Hyderabad,jio_fiber,-48.911606980973794,98.87197313005043,45.51995027183228,42.887834714266624,100,FTTH,high
17.01480850110174,78.6964748079084,Hyderabad,jio_fiber,-52.197843496640765,92.08800923807856,41.05167073191354,46.95755584625842,100,FTTH,high
12.714389795718601,80.04366710498223,Chennai,jio_fiber,-54.50285679743678,86.113028212813,37.5059144772329,36.47155041025512,100,FTTH,high
13.444927723035372,79.90905124426891,Chennai,jio_fiber,-48.902487789950385,449.09097614220224,206.776479485844,54.93463365903694,500,FTTH,high
12.665300860545232,79.82259650621648,Chennai,jio_fiber,-52.675867937726224,96.56387460918512,42.84179987303174,54.94238272006165,100,FTTH,high
12.603463032031062,79.87194189654466,Chennai,jio_fiber,-55.74491436041018,25.542962582400225,10.984051253995432,54.479795181960306,30,FTTH,medium
13.187333306716782,80.03562239240861,Chennai,jio_fiber,-53.14727435956707,91.72020436770615,40.50067688990732,31.093052889679864,100,FTTH,high
12.612442871267515,79.9909866480838,Chennai,jio_fiber,-51.748322504382834,93.40720072854104,41.82636517142375,43.858059091091896,100,FTTH,high
13.488974241224822,80.59588394347382,Chennai,jio_fiber,-58.50478199926357,977.3265101960905,408.2845261501355,46.599412340947325,1000,FTTH,medium
12.796577671286888,79.8380420544711,Chennai,jio_fiber,-51.748918904870834,92.49339654418718,41.41693198216596,41.96667078956386,100,FTTH,high
12.757653202656869,80.06146439684116,Chennai,jio_fiber,-50.69651098550429,102.83292277218497,46.52777921674053,44.10629460539542,100,FTTH,high
13.081961054226237,80.15828518857481,Chennai,jio_fiber,-46.17224270825821,89.16943014287087,42.138602338107106,25.236325023949032,100,FTTH,high
13.272346878918286,80.0703347392334,Chennai,jio_fiber,-45.841758819815176,28.01970286081381,13.282365446781306,29.25452108306568,30,FTTH,high
13.011215294487025,80.32990541762962,Chennai,jio_fiber,-52.788289602414366,505.7987220270202,224.1513586232318,22.842635771571334,500,FTTH,high
12.962938531867342,80.65700842892133,Chennai,jio_fiber,-51.68234856845505,96.45406141322316,43.218986412067395,41.571992711675705,100,FTTH,high
13.103960127732355,80.73565298707571,Chennai,jio_fiber,-49.98872879502217,31.532338453949997,14.366311551022308,36.308183246847285,30,FTTH,high
12.70958602656821,80.65018454831399,Chennai,jio_fiber,-48.72788454673974,25.983294464289123,11.983739702241197,42.63926317301665,30,FTTH,high
12.931264518456752,80.69685439288702,Chennai,jio_fiber,-47.766288269493806,27.61871680086484,12.856047661281183,44.967998791381426,30,FTTH,high
12.924672077753904,80.22489464707843,Chennai,jio_fiber,-52.49513111474948,28.30305788003348,12.579749299308466,36.39495440995865,30,FTTH,high
12.659001039393779,79.8041181052626,Chennai,jio_fiber,-56.75014329588099,257.1285288122421,109.42231017028054,48.8213377048609,300,FTTH,medium
12.97892103359959,80.75699886394634,Chennai,jio_fiber,-57.870262383329546,457.9966472324853,192.62267803077717,49.53314216635846,500,FTTH,medium
12.678165296463325,79.92516273420925,Chennai,jio_fiber,-53.839016370879165,29.85924580980263,13.093078053417033,49.65629643332435,30,FTTH,high
13.183283330757495,80.48864627980437,Chennai,jio_fiber,-47.86532701463881,1030.8877695850338,479.40713180061505,35.58393320586411,1000,FTTH,high
12.834827987545635,79.90018143420761,Chennai,jio_fiber,-52.8617052057261,96.55090682191005,42.75630096255975,49.71430921047845,100,FTTH,high
13.529137039280485,80.2647333503826,Chennai,jio_fiber,-49.70420403816625,461.35120714083143,210.7776202488649,40.5521148562336,500,FTTH,high
13.124050157637686,80.2087388154346,Chennai,jio_fiber,-41.839488034100874,32.51852347377721,15.993406471036863,21.36104745185794,30,FTTH,high
13.235776992211324,79.8524043934108,Chennai,jio_fiber,-50.72590760745174,28.726702256915388,12.99392910946014,44.80047714504966,30,FTTH,high
12.673028811596943,80.43506604183247,Chennai,jio_fiber,-54.22676593122704,85.87518525239417,37.507698582256765,49.37480773794073,100,FTTH,high
12.713167506139216,80.29092614195133,Chennai,jio_fiber,-50.61791860082474,277.09212399446807,125.46987703055449,38.70989760857004,300,FTTH,high
13.095701584224589,80.27912510644171,Chennai,jio_fiber,-49.36434627712711,91.92798209455978,42.13801123887545,28.90237345810383,100,FTTH,high
13.328040519856863,80.31599694887014,Chennai,jio_fiber,-47.64339388151203,31.83938459222612,14.838088041076041,34.97170808674963,30,FTTH,high
12.926749995773857,80.26949411219928,Chennai,jio_fiber,-46.14924518499817,441.8703404175542,208.85886326119422,31.49025498109477,500,FTTH,high
13.331502101452916,79.9148891308896,Chennai,jio_fiber,-51.66613079055778,29.8373429318635,13.371621043327997,40.352393703219626,30,FTTH,high
12.804734292800385,80.29247425552992,Chennai,jio_fiber,-48.664086830390055,26.496325129109085,12.227867179644111,32.734792675500394,30,FTTH,high
13.321957617036228,80.43577725959962,Chennai,jio_fiber,-46.339341461276234,31.889543047437744,15.046288401844315,41.4105317653049,30,FTTH,high
13.496885533923809,80.54283339044645,Chennai,jio_fiber,-46.60229470601911,29.669529384662045,13.964155906613543,43.11677871293563,30,FTTH,high
13.464554628692165,80.38800694429058,Chennai,jio_fiber,-54.91929599706867,259.44902706686867,112.5209720624917,37.232843357140894,300,FTTH,high
13.170121346235051,79.78524840891232,Chennai,jio_fiber,-48.26225038628831,98.99122928271434,45.86054654188934,45.16325205796135,100,FTTH,high
13.059171419775485,80.46304781125227,Chennai,jio_fiber,-50.82846720027503,28.638441536450994,12.940952213361259,35.48504350255994,30,FTTH,high
12.968733941620505,80.21375216646224,Chennai,jio_fiber,-42.73053615891684,534.2938375658772,260.6628803697827,23.424092625214488,500,FTTH,high
13.231282000297806,80.54422184840897,Chennai,jio_fiber,-49.28655492288171,100.10313884737121,45.91995477097909,38.63421175624834,100,FTTH,high
12.813860142028057,80.04384334363522,Chennai,jio_fiber,-56.846210032211616,493.16157888105454,209.6567737176502,35.7128921407714,500,FTTH,medium
12.856771327699153,80.69194338402696,Chennai,jio_fiber,-51.49186590643225,29.41948789570353,13.207144792592514,42.07578418749459,30,FTTH,high
13.272287060313374,80.06107437684615,Chennai,jio_fiber,-50.28751042597157,29.48350873746134,13.39370146414908,30.000019555121504,30,FTTH,high
12.73922429758349,80.65488334598871,Chennai,jio_fiber,-55.286149880663054,87.7089041852062,37.895645624852975,45.19240840963267,100,FTTH,medium
13.133173166407616,80.444948871955,Chennai,jio_fiber,-46.45507696856169,26.479237872674496,12.479949965061836,21.90596951988561,30,FTTH,high
13.502039776825072,80.07546649855497,Chennai,jio_fiber,-52.73968789475105,91.983764504626,40.78368469154315,38.91483819609028,100,FTTH,high
12.648736552097732,80.49678243152775,Chennai,jio_fiber,-54.462700064703846,290.4921453731612,126.57362482131668,42.82529809911236,300,FTTH,high
12.66884371017341,79.9000994249526,Chennai,jio_fiber,-51.779561047108764,27.22247811562477,12.186044200849787,50.00417092557953,30,FTTH,high
13.055637586583597,80.48026895860959,Chennai,jio_fiber,-50.93330016639996,272.1967849348476,122.87168511621623,24.712507241359578,300,FTTH,high
12.61733506987511,80.02914009185193,Chennai,jio_fiber,-51.69970194936819,27.989649580976113,12.539400089311707,49.693253581209326,30,FTTH,high
13.305275746761819,80.3729604668595,Chennai,jio_fiber,-49.07484366506177,29.212877195643646,13.428206182012428,33.00378547925556,30,FTTH,high
13.505864300326696,80.24971611755255,Chennai,jio_fiber,-51.332335708818306,30.02550427041618,13.50048949423514,40.413764807331695,30,FTTH,high
13.107003418600193,79.80766565369554,Chennai,jio_fiber,-58.441912187086906,28.41746055279718,11.879520000422183,42.50846584223604,30,FTTH,medium
13.331659889351105,80.14098958426369,Chennai,jio_fiber,-56.64057890411305,25.861178799583154,11.017945015934515,33.73051678686147,30,FTTH,medium
13.111012050860017,80.30940698786682,Chennai,jio_fiber,-44.104800444709255,30.18588882481051,14.542246412974027,27.749296861218717,30,FTTH,high
13.439488291117025,80.65430477297345,Chennai,jio_fiber,-51.89106283305468,86.57919546896446,38.71395927511876,49.76881185516189,100,FTTH,high
12.727071379097243,80.00772229046696,Chennai,jio_fiber,-50.37837454080967,29.303344511354613,13.300022990623006,47.11379980383503,30,FTTH,high
12.929949872471594,80.65944587907393,Chennai,jio_fiber,-50.71762121023948,477.0125801942769,215.78433388806627,43.74105152919801,500,FTTH,high
12.696358566167168,80.47232224364436,Chennai,jio_fiber,-49.69672444746312,276.4894702122941,126.32899197159739,33.62712256516179,300,FTTH,high
12.950690972249339,80.43309196229237,Chennai,jio_fiber,-47.70338552101962,519.0791984525142,241.76774508571683,29.17678826208274,500,FTTH,high
13.56743969715658,80.6444202684856,Chennai,jio_fiber,-52.654989128521976,101.09443079831149,44.861220187125745,56.11071815205162,100,FTTH,high
13.11407447169691,80.02514203431582,Chennai,jio_fiber,-50.64452878713662,87.13838055426494,39.446759164802074,33.4553149463468,100,FTTH,high
13.199090554711987,80.11087540602654,Chennai,jio_fiber,-46.698992731004644,30.260262258916267,14.229183232076915,26.947549367251085,30,FTTH,high
12.909542762714139,80.71527939946465,Chennai,jio_fiber,-49.93728700028504,26.67524366110577,12.15949048805092,45.71382679864489,30,FTTH,high
13.087201442695866,80.22330280419348,Chennai,jio_fiber,-45.419680514683,316.1723066556195,150.47036270708156,31.352716004703897,300,FTTH,high
12.619015494906755,80.46279371569662,Chennai,jio_fiber,-53.18026787575073,294.0138071952454,129.78387809538864,43.33691191523583,300,FTTH,high
13.176639977835649,79.97521948553155,Chennai,jio_fiber,-47.496161464474376,31.1306385426898,14.528162413530712,35.28678250260284,30,FTTH,high
13.246869731126617,80.17490632974125,Chennai,jio_fiber,-46.035448695852594,28.019186038898603,13.258000309061204,26.397229640923527,30,FTTH,high
12.728139861297814,80.14631346476672,Chennai,jio_fiber,-48.61087557034726,88.98038678376687,41.084864330566155,42.40671138530048,100,FTTH,high
13.53457536591148,79.91880868866319,Chennai,jio_fiber,-53.4143625769,29.114785886929628,12.821587191304436,43.17977764728764,30,FTTH,high
12.860121959327607,80.58786419890579,Chennai,jio_fiber,-52.415061711569656,94.7601688834389,42.15140291066764,33.0557264129246,100,FTTH,high
12.866734329133367,80.14158362266791,Chennai,jio_fiber,-48.20167154674973,95.96282463530022,44.48338756939644,28.653799725313547,100,FTTH,high
12.991280612444942,80.72331299793511,Chennai,jio_fiber,-54.02769826187902,96.57475410755414,42.26639256339516,43.30009558797695,100,FTTH,high
12.706403286618436,80.38160736652074,Chennai,jio_fiber,-52.29369208704207,980.7225580495519,436.7759405737651,46.60901394875969,1000,FTTH,high
12.594857784474005,80.52268825984676,Chennai,jio_fiber,-56.39130670461793,25.406462257813477,10.852363950475091,52.544291505235805,30,FTTH,medium
13.072694406506464,80.58509747499649,Chennai,jio_fiber,-44.94184859898269,282.34209501486083,134.96975023328363,33.73180251790458,300,FTTH,high
13.141962509698239,80.04803472915675,Chennai,jio_fiber,-51.135312286633074,97.44586825350615,43.900311130997984,28.399809389380025,100,FTTH,high
13.002631525089052,80.49080984930971,Chennai,jio_fiber,-49.511169948925186,29.273621899815748,13.399360314753537,33.19048430349365,30,FTTH,high
13.565259841143146,79.81687349004609,Chennai,jio_fiber,-56.99709263017287,27.840386359697373,11.817057065112786,51.24005762697538,30,FTTH,medium
13.565120542646165,80.37286045205961,Chennai,jio_fiber,-54.52055897959615,26.233757301806175,11.423861672426252,50.05670877548693,30,FTTH,high
12.776929412341334,79.83776867408504,Chennai,jio_fiber,-51.468761263791556,28.890388603267585,12.97258554737139,53.11690342433118,30,FTTH,high
12.711471881641906,80.76397044671731,Chennai,jio_fiber,-53.33995416541293,88.08652429535697,38.82072794016473,58.67733450274517,100,FTTH,high
12.677599700745349,80.55564055519801,Chennai,jio_fiber,-49.73285743802039,1017.5631240520574,464.7646872678717,35.984186743472314,1000,FTTH,high
12.617530012517097,80.57448550262441,Chennai,jio_fiber,-58.0932974814769,426.0676410008516,178.7717379410502,48.68550674498793,500,FTTH,medium
12.825916988982485,80.69897100158143,Chennai,jio_fiber,-44.28705641832181,95.02170838480062,45.70035008212936,50.526684589948445,100,FTTH,high
12.585289266946326,80.45127463355082,Chennai,jio_fiber,-52.317378255283685,997.0699392809811,443.95146924450574,54.84657824212678,1000,FTTH,high
13.348527867070873,80.6203525322498,Chennai,jio_fiber,-52.52375813474488,98.34023829499793,43.69638866163349,47.31958950406124,100,FTTH,high
13.365058588727733,80.11037643130253,Chennai,jio_fiber,-55.13107027580563,99.79072531497259,43.18451609031089,36.18535969303373,100,FTTH,medium
12.989899307672841,80.16852277005937,Chennai,jio_fiber,-45.189678610623496,477.6613513811042,227.81330280884532,22.324351308659864,500,FTTH,high
13.366978566228408,79.89534009396262,Chennai,jio_fiber,-49.287538210659946,93.39697269892139,42.843251004122045,47.95753059227263,100,FTTH,high
13.451497424380882,79.80892989033956,Chennai,jio_fiber,-54.57137608209494,29.766833290788913,12.955666766936194,53.34903652658549,30,FTTH,high
13.534756125019928,80.05656896921509,Chennai,jio_fiber,-47.658205502145776,103.86696540868952,48.39821796663805,46.07170761550035,100,FTTH,high
13.412165658833393,80.09977165391355,Chennai,jio_fiber,-50.93205782883329,444.63368611086145,200.71346008115853,44.107149939553594,500,FTTH,high
12.949244693440926,80.23591667662468,Chennai,jio_fiber,-41.48147762256678,91.57112798849084,45.18262809652032,29.654517405968505,100,FTTH,high
13.374773703633124,79.77962083519093,Chennai,jio_fiber,-48.931782734840155,487.28279214525287,224.2978226065479,40.96214936023199,500,FTTH,high
13.406943224827343,80.22211992407952,Chennai,jio_fiber,-54.30384840627161,265.56828673125864,115.90126107710844,41.00735032735729,300,FTTH,high
13.493366472380721,80.61200342771014,Chennai,jio_fiber,-50.83617376539935,30.347308262570305,13.712104328416924,54.6808069128231,30,FTTH,high
13.135708791082994,80.5229526273044,Chennai,jio_fiber,-48.410005335780845,473.17187153871237,218.89981148321405,32.23834122662871,500,FTTH,high
13.009471432055134,80.10928451127423,Chennai,jio_fiber,-47.751788645635,473.510734002097,220.44178863916517,27.363120779348773,500,FTTH,high
13.40751694217829,79.99154226096121,Chennai,jio_fiber,-50.817961204677786,26.071116906738556,11.782063647770537,41.99567630835401,30,FTTH,high
12.753554275266143,80.07411259447983,Chennai,jio_fiber,-52.168598551698864,31.12756048404077,13.88031896458031,36.172006079291464,30,FTTH,high
13.1570809804601,80.7063205189035,Chennai,jio_fiber,-48.9600510625443,503.4466504513215,231.67484657983528,37.3893987768358,500,FTTH,high
12.91057662519571,80.39531401070539,Chennai,jio_fiber,-47.35039349899055,31.006118451171428,14.490138463397175,30.612139576815476,30,FTTH,high
13.493732793833363,80.40727689613695,Chennai,jio_fiber,-51.394057547551455,915.6793414425554,411.4694346701644,44.10360556611872,1000,FTTH,high
13.008974948534892,80.50974712121499,Chennai,jio_fiber,-44.711436092411844,31.43237840343766,15.058004125806374,32.663134045063174,30,FTTH,high
12.991797883460187,80.76234821286799,Chennai,jio_fiber,-56.13667855710769,30.233829363294177,12.948587632820768,47.300690622502486,30,FTTH,medium
12.996913309629164,79.77985807195164,Chennai,jio_fiber,-54.994565836978495,26.288256978937383,11.392212933868308,49.27203913566232,30,FTTH,high
12.61279762822065,80.70363011958345,Chennai,jio_fiber,-53.354626004895955,964.6671277393596,425.07681404667386,54.20034862955439,1000,FTTH,high
13.39608274782191,80.54013063380899,Chennai,jio_fiber,-47.451329480005654,30.099811152435514,14.05308953096111,47.159068797444576,30,FTTH,high
13.106946724667479,79.94681439088143,Chennai,jio_fiber,-51.787549100982304,89.08942936718721,39.87739902561932,35.93531889346328,100,FTTH,high
13.232871253561079,80.65798444660267,Chennai,jio_fiber,-48.847137785841696,30.27742557324696,13.948185871747556,49.62258296131022,30,FTTH,high
13.36396430168617,80.45267551979036,Chennai,jio_fiber,-52.82119175252892,30.823463987437936,13.655316250340695,32.87467245588857,30,FTTH,high
13.39868089323882,80.37693118630638,Chennai,jio_fiber,-53.240923014167805,29.941958045589367,13.208938305572056,28.839488746248573,30,FTTH,high
12.59860637216368,79.97081663256795,Chennai,jio_fiber,-51.331247281016,462.7290469026487,208.06098009771205,42.934057936494995,500,FTTH,high
12.619032052476783,80.21372383341847,Chennai,jio_fiber,-47.03933390054722,28.125573801426814,13.182852211234621,50.632250266966345,30,FTTH,high
12.994822330933163,79.84088218747635,Chennai,jio_fiber,-50.8854009871115,27.962081490444103,12.62824754763195,38.51859998543604,30,FTTH,high
18.317674533568024,73.43485476301115,Pune,jio_fiber,-54.057679807407865,99.64370706189193,43.59625651450497,51.8743262423158,100,FTTH,high
18.852661434570237,73.86561392399689,Pune,jio_fiber,-49.7598336950423,92.39641804989434,42.190326028571285,32.512424784101505,100,FTTH,high
18.227754997210475,73.6485378634356,Pune,jio_fiber,-58.831276450519354,92.58286143830257,38.54274868215216,39.21548021966116,100,FTTH,medium
18.188041818085033,73.56356946554513,Pune,jio_fiber,-48.26297963727384,90.92922279061443,42.125294433742845,43.61129764783586,100,FTTH,high
18.82363787379001,73.38897998077051,Pune,jio_fiber,-57.6962109179624,274.8058756468287,115.78950343700714,49.286743356593774,300,FTTH,medium
18.665105328356134,73.56024883072175,Pune,jio_fiber,-46.40575748694845,27.471987657852956,12.953865426168047,41.21021525785783,30,FTTH,high
18.847978660420353,73.48387548795188,Pune,jio_fiber,-56.04327297007678,276.5853078422409,118.5711712845614,47.05374903911219,300,FTTH,medium
18.03941309715207,74.29724380620557,Pune,jio_fiber,-48.62532878929973,27.022010136334778,12.475121859395488,51.3619548079739,30,FTTH,high
18.36801086960887,74.15924225980638,Pune,jio_fiber,-48.15772348006246,30.031889393452165,13.927092033367844,37.94204230067343,30,FTTH,high
18.48992135134981,74.32470265647862,Pune,jio_fiber,-52.81370738801735,296.34467820906366,131.2955658042336,40.38791758763078,300,FTTH,high
18.268895099427994,73.38029491485241,Pune,jio_fiber,-50.36897675454338,29.332803344633195,13.314618756645068,41.348264019001924,30,FTTH,high
18.905114511294045,74.2382220025883,Pune,jio_fiber,-51.56564516015793,27.653542491691816,12.405299868600322,41.29006788776664,30,FTTH,high
18.480569250340693,74.08918870663366,Pune,jio_fiber,-50.30941921243758,30.869410815303812,14.0202800879367,41.408533028532986,30,FTTH,high
18.394225662750003,73.73721810635203,Pune,jio_fiber,-49.402270128331764,86.92737949265447,39.83117995282526,29.57033189458439,100,FTTH,high
18.27074084760375,73.67179072205263,Pune,jio_fiber,-51.59225609375187,28.59300037755459,12.823356264931263,36.33522030492585,30,FTTH,high
18.29081196353983,73.89894279152657,Pune,jio_fiber,-52.478647053185334,281.35041078264805,125.07132772721124,37.99939782235717,300,FTTH,high
18.71889177793326,74.24488053126595,Pune,jio_fiber,-47.21650613692713,28.839735065959225,13.494880310353624,39.4989880599769,30,FTTH,high
18.096182046572277,73.43543400059073,Pune,jio_fiber,-55.591952788609646,98.97108730045849,42.62708800300207,44.91365177832948,100,FTTH,medium
18.326769397738786,73.585844501392,Pune,jio_fiber,-51.8419264872061,100.34917208115138,44.893130401300176,32.08251229999992,100,FTTH,high
18.899809380489,73.58901780937101,Pune,jio_fiber,-56.703978410855065,422.44241764082426,179.8591242688488,44.48247919777391,500,FTTH,medium
18.791149488532014,73.78486287714523,Pune,jio_fiber,-53.4842809348495,96.67527041851848,42.54387296136658,32.2153489885136,100,FTTH,high
18.188126404243707,74.32335699248664,Pune,jio_fiber,-55.064006738552735,29.351432026434132,12.710604147295394,54.74144561692556,30,FTTH,medium
18.21498743558773,73.66062290944731,Pune,jio_fiber,-53.89762951535922,89.38290085000803,39.17051513157513,41.200937855938385,100,FTTH,high
18.341883013726346,74.25374408165726,Pune,jio_fiber,-49.57491311693057,490.722652308656,224.4785405527053,41.51536081214454,500,FTTH,high
18.333847441501174,74.29988532998007,Pune,jio_fiber,-49.94951197512858,100.76086971278994,45.92478383492042,51.36114427749343,100,FTTH,high
18.571917671952185,73.74856517622506,Pune,jio_fiber,-42.8072234930905,30.92025778440071,15.074350785245759,21.473663538139633,30,FTTH,high
18.614799206507453,74.26637799598431,Pune,jio_fiber,-50.63687368373548,91.93155597518344,41.61971421667046,43.01100284438436,100,FTTH,high
18.92284788293637,74.27951640405715,Pune,jio_fiber,-53.02161805141145,30.619217018085475,13.537556291074798,44.86904600255787,30,FTTH,high
18.26336478482257,74.2029306319569,Pune,jio_fiber,-53.80897138695697,96.09488217989757,42.1497900745923,37.59344166269916,100,FTTH,high
18.273800447069583,74.23606976671434,Pune,jio_fiber,-55.39230104413525,26.851087086499756,11.588654584149003,38.301842069059205,30,FTTH,medium
18.351810614024558,74.19515699543263,Pune,jio_fiber,-52.48546185982358,276.1828794655454,122.76579169764683,43.83451561942672,300,FTTH,high
18.887080213267037,73.44929887280902,Pune,jio_fiber,-53.28855205754956,273.03906988424814,120.39378430256075,54.0758737013909,300,FTTH,high
18.124683654714314,74.12509878789838,Pune,jio_fiber,-47.54399151740708,274.5132652466863,128.05251820362437,51.6908746063826,300,FTTH,high
18.165031253628204,74.16471577868191,Pune,jio_fiber,-49.30948904450143,31.243373967599368,14.328976549734673,44.938219024821265,30,FTTH,high
18.45861563289314,73.41004715922894,Pune,jio_fiber,-55.685524238312354,26.80440958105302,11.533577163072026,46.47163019104243,30,FTTH,medium
18.0735890545474,73.83141281625907,Pune,jio_fiber,-47.14489651496665,90.87227603624723,42.550480203197075,40.113642801303456,100,FTTH,high
18.5973023726576,73.57439785794676,Pune,jio_fiber,-51.90273173321559,25.9639596656706,11.608459625579712,30.203910470061345,30,FTTH,high
18.835473742490013,74.17804236557768,Pune,jio_fiber,-50.2384809987602,289.38944012471603,131.5262388003191,45.84155793776352,300,FTTH,high
18.19815221965222,73.75842239435298,Pune,jio_fiber,-49.07756012481851,27.339688561542438,12.566832428721376,34.482689128684505,30,FTTH,high
18.352757900137984,73.98079727032311,Pune,jio_fiber,-45.21763175472788,31.743499521032366,15.135634688928947,33.4606064532503,30,FTTH,high
18.980279773098832,73.67887096910239,Pune,jio_fiber,-51.73270825221789,897.6319958857692,402.00864538473445,42.144505441870535,1000,FTTH,high
18.096936937230517,73.72746956558271,Pune,jio_fiber,-53.19003174614788,96.50465864543251,42.59499816189661,44.58784585513107,100,FTTH,high
18.966224189875717,73.97061409195683,Pune,jio_fiber,-55.27375263072173,984.4101630695167,425.3800267885706,53.41244215515999,1000,FTTH,medium
18.21004928192148,74.10592083134307,Pune,jio_fiber,-54.21504756240496,25.885384621431985,11.307305761539096,42.109355922475274,30,FTTH,high
18.48914016981625,73.92327895265328,Pune,jio_fiber,-46.6077414079712,30.283460958037207,14.252373683689264,21.157110629077053,30,FTTH,high
18.839273872071818,73.64415559044285,Pune,jio_fiber,-54.00492843856573,100.2981028840508,43.90608364906969,35.78185365707933,100,FTTH,high
18.451316618890623,73.95965625654269,Pune,jio_fiber,-46.59177660236847,30.809369022006074,14.50206905387861,25.147605733572817,30,FTTH,high
18.187462107680787,73.42984671942855,Pune,jio_fiber,-51.51883706705148,269.47760685954586,120.94294277806597,45.68195209131291,300,FTTH,high
18.854596797031387,74.24277106507637,Pune,jio_fiber,-53.44456334042733,101.47639331234578,44.6746153341909,51.075925680720374,100,FTTH,high
18.700810693799056,73.57056134063227,Pune,jio_fiber,-50.7066747575438,26.481460169019865,11.980603946134169,36.64307986838093,30,FTTH,high
18.75486924615359,73.41973993355964,Pune,jio_fiber,-50.485761492283835,25.76120819640338,11.680044609754786,40.54936497443738,30,FTTH,high
18.326553955927118,73.58030632798248,Pune,jio_fiber,-49.667811014300725,261.23902029380133,119.39457913462714,39.24671956463297,300,FTTH,high
18.09003120719488,74.14191686435615,Pune,jio_fiber,-50.68249935150587,283.54030581723185,128.30829009520102,51.538367259196264,300,FTTH,high
18.68750212886071,73.99844557545217,Pune,jio_fiber,-47.37010250505206,27.23883304132924,12.72718100229753,31.997916802716937,30,FTTH,high
18.490624336554493,74.0419763602923,Pune,jio_fiber,-46.05319619634776,29.184340264671256,13.807021076855508,27.04125393573574,30,FTTH,high
18.344422279349963,73.46668164126136,Pune,jio_fiber,-52.10460275665478,26.91820294345326,12.010949678155443,42.357996591203296,30,FTTH,high
18.27317375690294,74.3352503986421,Pune,jio_fiber,-53.491200184461256,26.486140744355886,11.654937808196072,52.13453479704478,30,FTTH,high
18.451060669676743,73.41856953349931,Pune,jio_fiber,-55.72143068060673,291.54966386383467,125.40337490796414,36.353089460020726,300,FTTH,medium
18.948518256995445,73.98432888432696,Pune,jio_fiber,-48.27326156594468,934.8622043071493,433.0561708453584,42.460995330303895,1000,FTTH,high
18.9639566084926,74.0716179082744,Pune,jio_fiber,-47.933925897684894,31.585094563070335,14.678797060491744,44.692848249446875,30,FTTH,high
18.656457928368262,73.39413459948575,Pune,jio_fiber,-49.683493257715625,265.03812222220097,121.11241724631697,45.31679653662214,300,FTTH,high
18.289988838280976,73.64520953244005,Pune,jio_fiber,-51.699020596948245,92.65705051538148,41.51076195799331,30.357490525025895,100,FTTH,high
18.518646572995614,73.84879276317244,Pune,jio_fiber,-45.25124090203039,31.540836119186114,15.03429126531169,20.223646920762853,30,FTTH,high
18.62095833606605,74.21540768650053,Pune,jio_fiber,-54.224597942695986,867.6369369339332,378.96608363088893,37.37360895092221,1000,FTTH,high
18.546166697776346,73.40089344610995,Pune,jio_fiber,-53.14632147774643,25.99925105815671,11.480538806450944,37.00813885404448,30,FTTH,high
18.777930988986117,73.73341430668634,Pune,jio_fiber,-52.21174160386065,101.01219491456914,45.02372046557112,36.69237245519351,100,FTTH,high
18.795458757844056,73.65344955685946,Pune,jio_fiber,-54.778083212567864,294.52163366438884,127.91652700911101,41.59184956757073,300,FTTH,high
18.711550723597835,73.5566171464092,Pune,jio_fiber,-51.890637668506166,437.6213321120211,195.6835696286637,50.700714669409095,500,FTTH,high
18.476498748325653,73.95450407023903,Pune,jio_fiber,-42.56243888058495,104.97126582340049,51.2901553432998,22.208191501563757,100,FTTH,high
18.982255743229913,74.16818145579232,Pune,jio_fiber,-54.177458297463374,28.275196429214837,12.355951911372847,40.90456101195178,30,FTTH,high
18.423428374265285,73.55238124923939,Pune,jio_fiber,-48.48824069545803,934.7647999975276,432.117917260894,27.685499907748017,1000,FTTH,high
18.70550904166929,73.99320536086898,Pune,jio_fiber,-53.299821894794135,30.106895189938225,13.273819400162834,31.58129825260314,30,FTTH,high
18.98855634053213,73.96315038736232,Pune,jio_fiber,-53.14070992366878,25.786836367539834,11.387385576859012,36.1831118256511,30,FTTH,high
18.75453217921334,73.36642116778629,Pune,jio_fiber,-54.16963350148609,98.98579457963275,43.25915315183067,52.81558322008782,100,FTTH,high
18.987370110618716,74.14574347882518,Pune,jio_fiber,-52.380361809455444,936.6985058894621,416.8085133478961,55.38934359379207,1000,FTTH,high
18.750562819097567,74.21037208934627,Pune,jio_fiber,-47.10682021210982,88.7890937181291,41.590066299727155,40.798983308182535,100,FTTH,high
18.990799460056987,73.6403095602583,Pune,jio_fiber,-51.74127830186458,93.25588062423331,41.7615258779185,52.022475666032946,100,FTTH,high
18.637824984267066,73.87586892305085,Pune,jio_fiber,-47.218359711054525,304.58090845670614,142.51901174675186,19.993976384881034,300,FTTH,high
18.685177102942127,74.05174870367762,Pune,jio_fiber,-48.71800494537556,104.93485981267739,48.4015515650533,41.24185957274451,100,FTTH,high
18.42820177320614,74.29997881354619,Pune,jio_fiber,-49.24063676951074,438.160249549871,201.08510382858645,52.83678967801946,500,FTTH,high
18.266962128527368,73.3750855256448,Pune,jio_fiber,-50.06599499667716,91.37519759193883,41.599677543610106,35.89191245185509,100,FTTH,high
18.888859967108207,73.85245834423355,Pune,jio_fiber,-49.20998006383507,27.196446477273135,12.484984439246155,32.58606348329241,30,FTTH,high
18.839336258750656,74.12216957902336,Pune,jio_fiber,-51.61377720943526,31.027498120732506,13.91220928018688,43.03316636261902,30,FTTH,high
18.843809910515382,74.21689777562467,Pune,jio_fiber,-53.1555850446602,101.66138699021516,44.886626729294754,50.05364091033107,100,FTTH,high
18.227997868595793,74.20018968685757,Pune,jio_fiber,-49.51723479289046,29.50303882129948,13.50357564368943,30.808463382520266,30,FTTH,high
18.24717213028268,74.32805210505495,Pune,jio_fiber,-54.066164151867845,283.9932343074081,124.24241514575796,50.27910968649714,300,FTTH,high
18.927100864624734,74.30544997197046,Pune,jio_fiber,-51.72238819005354,279.94377419131115,125.3869555736145,55.432413272745826,300,FTTH,high
18.13413242245244,74.1585691587446,Pune,jio_fiber,-52.583847448386805,87.287910268649,38.762098481394915,39.448513874895795,100,FTTH,high
18.05949723725262,74.2456423335564,Pune,jio_fiber,-55.99802286336459,96.68776279450277,41.4691567759446,54.666188783940434,100,FTTH,medium
18.74545530125459,74.21180192172318,Pune,jio_fiber,-49.549665399013385,30.58295810234644,13.993447865442313,55.19049279530387,30,FTTH,high
18.437786559574015,73.82457530648776,Pune,jio_fiber,-42.15470927923949,28.32001458401851,13.888801077732,30.677348826290626,30,FTTH,high
18.335632282527314,73.53892747218403,Pune,jio_fiber,-44.94423744084049,30.125719635093837,14.40086554664872,44.86212180625336,30,FTTH,high
18.44323709326054,73.99259777452505,Pune,jio_fiber,-48.90958801750902,88.73833654645235,40.855292628835265,27.619207546519295,100,FTTH,high
18.255011356834174,74.21424410984386,Pune,jio_fiber,-57.205461099117294,500.98516971573866,212.18289219663015,48.662235417812866,500,FTTH,medium
18.10698394066036,73.76400973416617,Pune,jio_fiber,-48.92600625810731,30.679599049011838,14.122704888471684,46.813633491265335,30,FTTH,high
19.005365996712424,73.68866415213863,Pune,jio_fiber,-49.792763439362226,26.051147321222075,11.891739335985692,43.36380756356836,30,FTTH,high
18.187787348774922,73.67887890931267,Pune,jio_fiber,-49.189710979356335,485.8215026622537,223.06826601102594,37.92583445901371,500,FTTH,high
18.43400068755916,73.57389380949239,Pune,jio_fiber,-55.39868419191106,86.08093150262171,37.14920762173575,27.637286839809438,100,FTTH,medium
18.668135820525432,73.73557789479283,Pune,jio_fiber,-40.0,299.63130634487493,149.81565317243746,32.73087606320406,300,FTTH,high
18.902501641360693,74.26696669122391,Pune,jio_fiber,-49.04217114038984,86.489413146746,39.76891957112962,48.13594436433327,100,FTTH,high
22.691248408056605,88.00677875452133,Kolkata,jio_fiber,-50.953228163553455,29.136972390092016,13.150068832451185,29.302413175719717,30,FTTH,high
22.18706603797888,88.8014766421562,Kolkata,jio_fiber,-52.40113601290909,30.684714652610555,13.651133682197154,54.944616920787894,30,FTTH,high
22.4108175445649,88.44661737812444,Kolkata,jio_fiber,-46.12517364749034,30.932363910499912,14.62411039845362,25.804572526014706,30,FTTH,high
22.830121173952776,88.09204039178745,Kolkata,jio_fiber,-52.971066172231886,309.493643217572,136.9047659374071,34.29176293184903,300,FTTH,high
22.151978262691664,88.79451015052155,Kolkata,jio_fiber,-51.1940903183789,494.05702499587136,222.44842823023185,53.5132928500242,500,FTTH,high
22.394470175806166,88.58119599422135,Kolkata,jio_fiber,-44.21147957936349,28.803834368786962,13.862776027720082,49.661307211551176,30,FTTH,high
22.35446876749126,88.10787057059542,Kolkata,jio_fiber,-53.75609902936032,95.44311400981827,41.88633510273319,38.85786745009435,100,FTTH,high
22.79461212311091,88.13399279983526,Kolkata,jio_fiber,-54.490873689618375,30.075461289595005,13.100754152777377,42.33120673354395,30,FTTH,high
22.664497240844312,88.6179855851589,Kolkata,jio_fiber,-45.389955178526215,102.15064658284659,48.62826815124989,31.5412547054341,100,FTTH,high
22.24678365207321,88.78521795657812,Kolkata,jio_fiber,-52.259861378631264,94.4653365435973,42.085415244641965,49.05924762322157,100,FTTH,high
22.199616145453007,88.54903320379738,Kolkata,jio_fiber,-49.48990858919602,30.261832819471717,13.854551844409999,35.66528652278598,30,FTTH,high
22.491989560231065,87.97735726423865,Kolkata,jio_fiber,-52.01195944298743,103.58065891550623,46.26052201788212,27.310296521222917,100,FTTH,high
23.00976792683338,87.93491799926694,Kolkata,jio_fiber,-59.608155089022326,93.39301151094286,38.55755173797181,47.62639411358434,100,FTTH,medium
22.084632290916954,88.16452313502862,Kolkata,jio_fiber,-52.50425432997469,99.08583787309304,44.03627663759633,50.636539189377395,100,FTTH,high
22.193532942237432,88.7563405432121,Kolkata,jio_fiber,-49.3446873252569,311.6601590675184,142.88622736386682,47.59919440941504,300,FTTH,high
22.46651833935143,87.94348252012502,Kolkata,jio_fiber,-53.45941404243022,1031.967371497314,454.2517918319425,44.227535694260006,1000,FTTH,high
22.31813937832549,88.61733979748146,Kolkata,jio_fiber,-49.670199147774085,29.458549558345442,13.463185708800397,44.227247518298384,30,FTTH,high
22.186304644827764,88.12501044531854,Kolkata,jio_fiber,-53.13059028222993,262.8266091521642,116.07522226477165,44.731437156433394,300,FTTH,high
22.54694216068507,88.07173392589971,Kolkata,jio_fiber,-52.38313590040276,27.543027751983935,12.25565140594138,32.22219438400158,30,FTTH,high
22.325483884450453,87.95204319168506,Kolkata,jio_fiber,-48.886165216547866,488.8625239225026,225.12409238012268,45.90706401083532,500,FTTH,high
22.167735756263713,87.9994154295351,Kolkata,jio_fiber,-55.02514626287681,27.38232044159894,11.862611911235089,52.27183414337217,30,FTTH,medium
22.779540949777697,88.562591732021,Kolkata,jio_fiber,-50.96184602366298,26.792022226695835,12.09072212529638,39.045105439992966,30,FTTH,high
22.667128115745683,88.21000292036578,Kolkata,jio_fiber,-52.48945823370429,31.053613438555967,13.803060905738237,33.78003265593741,30,FTTH,high
22.747090694536805,88.6931591635482,Kolkata,jio_fiber,-54.67959444060629,89.59749712037174,38.95317113520611,34.11381636133549,100,FTTH,high
22.24854772245176,88.56764863659788,Kolkata,jio_fiber,-52.13998308731504,475.9108179626403,212.27741217626806,41.05291008162991,500,FTTH,high
22.122047468546963,87.95678100037352,Kolkata,jio_fiber,-48.69884589072925,285.4763785431342,131.7012336164995,49.95900048223308,300,FTTH,high
22.849128004268383,88.64685284977014,Kolkata,jio_fiber,-50.530469860874675,26.24122679000853,11.892469182450656,42.9455692758543,30,FTTH,high
22.43909607391033,88.59115315993907,Kolkata,jio_fiber,-44.73857637539702,30.295316139415007,14.50962842818121,40.79326796237229,30,FTTH,high
22.789023879109333,88.15398863864044,Kolkata,jio_fiber,-44.24299929689457,95.92867543132483,46.15533637163069,43.46430117427127,100,FTTH,high
23.059090001700664,88.35981255181139,Kolkata,jio_fiber,-49.3924214294389,103.51339816877073,47.43562593241024,39.57924768455182,100,FTTH,high
22.43522255732004,87.95374065921523,Kolkata,jio_fiber,-48.976068990404315,461.24013865085305,212.21952130021003,47.318402665270185,500,FTTH,high
23.03778210478397,88.54017988640703,Kolkata,jio_fiber,-48.190053634371075,310.91104749105597,144.13828750343802,47.9492108202298,300,FTTH,high
22.825345260206177,87.93792277140274,Kolkata,jio_fiber,-54.58223792304409,101.27485891543,44.07381128737045,45.92965383947176,100,FTTH,high
22.218631703867626,87.87999402914869,Kolkata,jio_fiber,-52.481263661218435,87.43600849973507,38.8677292473354,43.42538338351179,100,FTTH,high
22.49021504552988,88.1555633353098,Kolkata,jio_fiber,-51.47212446191695,30.45479445117627,13.674591926005949,28.348358265436723,30,FTTH,high
22.352874477572342,88.12917107796223,Kolkata,jio_fiber,-48.0904093087258,105.84009362757601,49.11431490836156,29.59495321228725,100,FTTH,high
22.66921840634185,88.36505829087139,Kolkata,jio_fiber,-43.886985041005126,95.37505292279704,46.03987577697192,28.89832924150831,100,FTTH,high
22.644267582332642,88.57638823048218,Kolkata,jio_fiber,-49.373985102117295,483.1959609319772,221.46699495852368,32.91763606843508,500,FTTH,high
22.964018881751635,88.56279273069202,Kolkata,jio_fiber,-52.33855670900665,310.26046560077356,138.11616013648475,33.43774291104905,300,FTTH,high
22.341022707690772,88.2234480662302,Kolkata,jio_fiber,-48.65811308976683,29.398296660635584,13.567887098609804,31.74764318813588,30,FTTH,high
23.013746761051735,88.10548743469575,Kolkata,jio_fiber,-53.776467865622834,992.6155075119877,435.53115090195917,44.84497079917618,1000,FTTH,high
22.43692461312223,87.98104268081029,Kolkata,jio_fiber,-48.297453865713464,27.731474606561076,12.843067831386561,36.51685516570903,30,FTTH,high
22.258871271316174,88.84225766642652,Kolkata,jio_fiber,-53.19275324377943,97.92763751576693,43.22188472458662,48.224238083517875,100,FTTH,high
22.713615731748376,88.74665594252174,Kolkata,jio_fiber,-52.35299035692613,28.67449426429596,12.762954904874283,52.6270081413548,30,FTTH,high
22.997877201889818,87.96403895860296,Kolkata,jio_fiber,-57.00758449196114,24.99452086433601,10.607942985784538,50.556203893800856,30,FTTH,medium
22.823530164901328,88.21339488564527,Kolkata,jio_fiber,-46.72762758244216,31.247550601193943,14.689455819226529,26.29897139695577,30,FTTH,high
22.379314981794966,88.05979637994636,Kolkata,jio_fiber,-52.62805635470191,29.188754987482756,12.956167525272406,42.36067602448162,30,FTTH,high
22.85163474437835,88.81969039887807,Kolkata,jio_fiber,-49.68764717395322,29.894448906005856,13.660082793175565,44.42816933038823,30,FTTH,high
22.168621358400745,88.66624099954606,Kolkata,jio_fiber,-50.55037267251396,85.82399245203898,38.88766242774378,55.709736142105655,100,FTTH,high
23.029495576422324,88.19211006894145,Kolkata,jio_fiber,-48.385186210271236,97.04056042866898,44.903821684807966,48.03431644358368,100,FTTH,high
22.538311571958076,88.17412161770115,Kolkata,jio_fiber,-44.83487321052853,28.136421878258407,13.463606350776669,29.16994406235803,30,FTTH,high
22.68040323494459,88.59457587064887,Kolkata,jio_fiber,-51.461255690059495,101.35803989881829,45.51595145374866,37.81352846841211,100,FTTH,high
22.217078703492284,88.85105683964899,Kolkata,jio_fiber,-52.02508591145445,97.59376469706369,43.58100054895647,49.13396888120338,100,FTTH,high
22.474655007661628,88.78137748826984,Kolkata,jio_fiber,-50.263069356265326,31.110461855148053,14.13616947101922,28.597622035570588,30,FTTH,high
22.935042623351922,88.17278275079218,Kolkata,jio_fiber,-54.78016974378267,26.892507589616198,11.679694563650358,42.122601012770076,30,FTTH,high
22.277449605485938,88.17726734010633,Kolkata,jio_fiber,-46.32241580090322,94.25048132493708,44.47683740748403,34.544925591892955,100,FTTH,high
22.409650757278705,88.39329431365354,Kolkata,jio_fiber,-50.68036382464025,299.1993430613189,135.39719224182284,20.97647841779224,300,FTTH,high
22.56291831929845,88.04838806245166,Kolkata,jio_fiber,-54.330260025973345,27.082379682754944,11.816311872595177,43.58128722684905,30,FTTH,high
22.22069641076448,87.94848874787884,Kolkata,jio_fiber,-56.747905236559795,87.04736702873397,37.04430105174798,50.448182476927926,100,FTTH,medium
22.406463479389267,88.73966191342754,Kolkata,jio_fiber,-47.5243467565934,26.963850444516407,12.580212508313906,31.497911598752598,30,FTTH,high
22.454929372815997,88.83856355333162,Kolkata,jio_fiber,-52.188440676561235,88.77413812652176,39.57809876918104,49.1505298749481,100,FTTH,high
22.99762595930042,88.2492386017416,Kolkata,jio_fiber,-57.35200460267384,28.58271693970818,12.087058754766359,43.70352154538614,30,FTTH,medium
22.688680069075463,87.87509261894083,Kolkata,jio_fiber,-54.24900689317831,300.9442906711745,131.4136685700929,48.379083608618615,300,FTTH,high
22.804691666748383,88.58703387760801,Kolkata,jio_fiber,-50.460647226691314,29.883516252040476,13.552420697550497,29.36752452901495,30,FTTH,high
22.242645193472296,88.11051760959755,Kolkata,jio_fiber,-54.757719694403306,95.58815534118328,41.52446343667936,34.68475581430896,100,FTTH,high
22.43811478461702,87.91808640885141,Kolkata,jio_fiber,-51.44080557173766,29.595802949556827,13.293013353510236,37.08912741598766,30,FTTH,high
22.68488401261315,88.24307667180162,Kolkata,jio_fiber,-40.0632029362789,93.39095664785411,46.66924462311799,38.39984684418769,100,FTTH,high
23.01171347529733,88.30795786211375,Kolkata,jio_fiber,-58.73107077657213,965.5082629420259,402.3763376553138,38.602393144057636,1000,FTTH,medium
22.950604089749312,88.59656633299721,Kolkata,jio_fiber,-51.8251333249222,29.522574447337213,13.209694428403255,42.93404917483299,30,FTTH,high
22.771767945534044,88.52480568979173,Kolkata,jio_fiber,-47.57720299507613,100.7320430130325,46.97372311532297,28.12351470157521,100,FTTH,high
22.342546981668974,88.23670818152273,Kolkata,jio_fiber,-47.65733947982128,91.33675597468888,42.559948887416496,32.11000094997691,100,FTTH,high
22.87403058664385,88.44766039699338,Kolkata,jio_fiber,-48.527374688975215,89.65089804244721,41.42772991539666,32.150823450267225,100,FTTH,high
22.703598058657363,88.29419739117832,Kolkata,jio_fiber,-54.12523442631888,490.8372698412976,214.60445046872582,27.86410195792237,500,FTTH,high
22.086703449824405,88.14550390570757,Kolkata,jio_fiber,-52.15333949164871,98.71759928758298,44.02658409738022,54.66048861272877,100,FTTH,high
22.1026579835861,87.92089301114429,Kolkata,jio_fiber,-53.35205251081151,28.461370152018844,12.541717481345426,49.94325249721365,30,FTTH,high
22.92481446830467,87.90943458870362,Kolkata,jio_fiber,-51.47238403159438,276.7724140292524,124.27403180087052,58.505975487779004,300,FTTH,high
22.44434808820452,88.76196840212465,Kolkata,jio_fiber,-51.72080050732798,271.4280130592793,121.57465722666974,41.07726517043786,300,FTTH,high
22.127758067243605,88.62697614611155,Kolkata,jio_fiber,-48.903616695064144,98.1703973133195,45.2004360411933,38.13206429209937,100,FTTH,high
22.31819180137895,87.97082489084524,Kolkata,jio_fiber,-51.734208014381686,86.76187644870367,38.856129753386625,35.604154295595244,100,FTTH,high
22.13017043549613,88.45363097512735,Kolkata,jio_fiber,-53.419840238451016,273.8722448160132,120.60135898055397,44.03616994003008,300,FTTH,high
22.4440662592806,88.71603775717044,Kolkata,jio_fiber,-47.67957676449566,92.95438578369061,43.30452470863466,34.08811608466748,100,FTTH,high
23.061413974631375,88.48881702820951,Kolkata,jio_fiber,-50.08549923638916,92.51944614951731,42.112590614793746,47.95764229343137,100,FTTH,high
22.485301259823647,88.36286321409037,Kolkata,jio_fiber,-46.27590908412739,973.3568732339857,459.5286622044284,31.147309462586964,1000,FTTH,high
22.379194485294203,87.90807595487821,Kolkata,jio_fiber,-56.45302430641451,29.278520959330972,12.498281737444422,43.54831801209961,30,FTTH,medium
22.624711762553705,88.83942349882514,Kolkata,jio_fiber,-48.716275381847545,28.97091302809979,13.363152265087795,39.80266037034529,30,FTTH,high
22.41897251242047,88.5040274843853,Kolkata,jio_fiber,-52.80898055940822,29.708048010826666,13.16278040795269,23.26599460843257,30,FTTH,high
22.107033225720702,88.5213537574199,Kolkata,jio_fiber,-53.07842530436483,29.433736752602698,13.005993142758006,42.93685797091228,30,FTTH,high
22.51657658747974,88.55476728215658,Kolkata,jio_fiber,-48.63490376716698,91.22909698386754,42.113417499839365,27.589362089389915,100,FTTH,high
22.94981375966316,87.86855752568034,Kolkata,jio_fiber,-52.827660819660316,28.46590245925089,12.61005815552409,44.01309841678647,30,FTTH,high
22.54241614814577,88.8236463985912,Kolkata,jio_fiber,-49.125345697948,281.21351286088196,129.2015541202637,45.03792522617228,300,FTTH,high
22.814831276193615,88.34125154250604,Kolkata,jio_fiber,-53.83173304732546,27.567896348552164,12.08922913885603,30.842395462492842,30,FTTH,high
22.78241040320521,87.97301266314919,Kolkata,jio_fiber,-53.46998704191648,937.0361792179203,412.42091097841654,44.515673953338585,1000,FTTH,high
22.23081920114775,88.86285252257682,Kolkata,jio_fiber,-51.41752435906376,476.59893162552686,214.11466620681577,63.58093465672337,500,FTTH,high
23.000611673090898,88.49441748195768,Kolkata,jio_fiber,-52.03767794230226,462.09687005771036,206.3258870292969,29.695099024498997,500,FTTH,high
22.799253889884756,88.3643747474324,Kolkata,jio_fiber,-50.305692193916926,29.053015420156886,13.195790224632848,32.049609047223214,30,FTTH,high
22.382125573382627,88.68696363118502,Kolkata,jio_fiber,-49.10277950624085,1022.3329985461522,469.80617986098866,40.02563080165801,1000,FTTH,high
22.840981029098756,88.60952761432702,Kolkata,jio_fiber,-52.66636422653888,26.326347937727864,11.681133472269034,40.87838614291884,30,FTTH,high
22.140185605330025,87.92094767837446,Kolkata,jio_fiber,-57.94905342341465,299.50881831037157,125.86152124124511,54.29628847766084,300,FTTH,medium
22.934573523241923,88.27149937683978,Kolkata,jio_fiber,-49.67033807095987,88.60728723104317,40.495366179633436,38.52531043147859,100,FTTH,high
22.611686341256696,87.90514599007962,Kolkata,jio_fiber,-52.93167209991177,284.49530632864935,125.89654198474223,38.10429867498009,300,FTTH,high
22.590308200847964,88.5534608839409,Kolkata,jio_fiber,-49.3087609719061,93.53045629419385,42.89566076382599,32.10193311438333,100,FTTH,high
22.877570918574175,87.90801590076953,Kolkata,jio_fiber,-60.33664582401874,268.9950563971168,110.18438513029123,53.239221849437016,300,FTTH,medium
22.076167413712792,87.93302850339413,Kolkata,jio_fiber,-55.846519297959276,304.6349955006711,130.86236737240168,57.640817352025024,300,FTTH,medium
22.553773366085434,88.44679080509682,Kolkata,jio_fiber,-54.618687555101296,265.61758181239077,115.55110007216473,14.982237493139834,300,FTTH,high
22.093865426294865,87.9236469232576,Kolkata,jio_fiber,-55.25701970166145,87.21402424530909,37.69311840633517,49.01135356205664,100,FTTH,medium
22.226932537917538,88.76517648336593,Kolkata,jio_fiber,-50.145687405096346,97.75976995729664,44.471706904066714,39.92211775114637,100,FTTH,high
22.366654953110004,88.10753359458649,Kolkata,jio_fiber,-46.91975185514245,519.6059324767527,243.82277017082512,40.15336870760862,500,FTTH,high
22.759934582235843,88.00057993321569,Kolkata,jio_fiber,-46.92928686586117,26.770575112328718,12.56083869164254,46.83703970519405,30,FTTH,high
22.84328595113553,88.3261539887996,Kolkata,jio_fiber,-48.339417936399215,27.487846978504887,12.725111737583374,30.962215333353498,30,FTTH,high
22.49405340512834,88.42550484040085,Kolkata,jio_fiber,-45.76700942796851,263.5146633772447,125.00314703038003,30.15519562017439,300,FTTH,high
22.473103978464117,88.41723335356556,Kolkata,jio_fiber,-42.523253560682406,32.13619092702527,15.707705427142029,14.611155559103747,30,FTTH,high
22.82045549119838,88.69049649635939,Kolkata,jio_fiber,-48.26074041942752,96.57400029578048,44.74134349140508,43.05883896252624,100,FTTH,high
22.214589802195047,88.82623295156283,Kolkata,jio_fiber,-53.577324553601166,95.28007261228818,41.890487553487546,51.88069906788627,100,FTTH,high
23.02867652307251,87.86665607810424,Kolkata,jio_fiber,-56.2850640376743,94.89776953249951,40.580368082386585,46.49622015426644,100,FTTH,medium
22.262737445094825,87.98498362133843,Kolkata,jio_fiber,-55.19986649427902,86.97915794097092,37.61370524387405,41.27782232366735,100,FTTH,medium
22.388585873384287,87.86579469756155,Kolkata,jio_fiber,-54.94928162440261,30.277551495962072,13.127097329267748,38.28773989090857,30,FTTH,high
22.852156464385743,88.60176464796778,Kolkata,jio_fiber,-49.51609228181504,268.7025174430025,122.98682337775178,32.94500889355487,300,FTTH,high
22.58207486720456,88.06090774895452,Kolkata,jio_fiber,-53.31174664436132,30.771510420678876,13.565210541075432,36.795335904076296,30,FTTH,high
22.937135753869526,88.50064880786132,Kolkata,jio_fiber,-49.81632577414369,501.8099850150489,229.01196899807607,42.99642569148814,500,FTTH,high
22.719086003988107,88.61413909509346,Kolkata,jio_fiber,-49.74848313334867,96.62709304887872,44.12702391638822,30.653692043849972,100,FTTH,high
22.337737404957835,87.9190556718193,Kolkata,jio_fiber,-54.63538462801495,28.67248796579665,12.471208917913597,44.64029122154433,30,FTTH,high
22.552189155371952,88.54755635723328,Kolkata,jio_fiber,-50.69080685509287,30.304964421537058,13.712551004630244,27.833635499539874,30,FTTH,high
22.19627053859096,88.83965054689573,Kolkata,jio_fiber,-55.64945000014006,86.0075026092838,37.021661919215674,57.20282640002006,100,FTTH,medium
22.45483730572165,88.13848493404993,Kolkata,jio_fiber,-49.80181019833129,103.53465248851695,47.256983965846786,30.34369691493652,100,FTTH,high
22.98398921823697,88.103393968443,Kolkata,jio_fiber,-48.411215690055265,29.429665962210308,13.614658456241026,51.87219393498036,30,FTTH,high
22.28902461779135,88.15637875068506,Kolkata,jio_fiber,-50.847921059705214,30.73331595691839,13.884913154443066,29.144367420789283,30,FTTH,high
22.527197185246177,88.2465539257179,Kolkata,jio_fiber,-46.48131265371956,105.96342878681956,49.92934945195412,25.24206697649803,100,FTTH,high
22.72551747765571,88.19294330914623,Kolkata,jio_fiber,-50.400877335850346,28.923217727705257,13.124600687212832,30.531984225470225,30,FTTH,high
22.584090622419307,88.57283409593843,Kolkata,jio_fiber,-49.052959809388014,30.252992224170555,13.90925556666686,37.74342835224193,30,FTTH,high
22.94813890969999,88.79841323468642,Kolkata,jio_fiber,-49.838111568344246,29.37467262348128,13.402930504836657,43.87007786559873,30,FTTH,high
22.880851612364317,88.68545523790563,Kolkata,jio_fiber,-50.50281075780133,982.0767024141891,445.19583673997545,46.30344758865133,1000,FTTH,high
22.25028400137384,87.88925549619088,Kolkata,jio_fiber,-52.41646029637854,28.203359865644032,12.545298163949814,50.024341059409544,30,FTTH,high
22.603876554380978,87.97165147151689,Kolkata,jio_fiber,-44.608852903414665,100.14495942263767,48.02113132466387,37.97399921633684,100,FTTH,high
22.735379198969834,88.0229094221417,Kolkata,jio_fiber,-50.21580250124092,94.75233249457546,43.07407240152553,39.53307026540749,100,FTTH,high
23.015953400299782,88.65333710272596,Kolkata,jio_fiber,-53.647819916241914,102.97017917057107,45.239229753893895,42.326078293846344,100,FTTH,high
22.555308226603213,88.60104029575835,Kolkata,jio_fiber,-46.60392035686178,955.7534809837211,449.824652184261,27.545743657527183,1000,FTTH,high
22.592270854663994,88.65057228448008,Kolkata,jio_fiber,-48.52181231787235,99.90262130737402,46.16752670326515,35.1138057300833,100,FTTH,high
22.266005502053094,88.1558470578989,Kolkata,jio_fiber,-55.09413946036165,484.5869412495166,209.78492452746818,25.40238172394631,500,FTTH,medium
22.115573868003565,88.38797301903224,Kolkata,jio_fiber,-49.61590808140895,93.90325369623719,42.93844882105974,42.11395029407112,100,FTTH,high
22.6462840136499,88.09687225403171,Kolkata,jio_fiber,-43.48542334605368,308.81059883742716,149.62158532672788,39.32775443412921,300,FTTH,high
22.103823492638302,88.50821360024095,Kolkata,jio_fiber,-53.811335760824704,26.41284173626529,11.585102532056714,49.6522564157432,30,FTTH,high
22.99868164567978,88.44268538127132,Kolkata,jio_fiber,-48.194730891472354,507.3657797372651,235.20410751979287,44.43924755810421,500,FTTH,high
22.50536906115068,88.06621998124298,Kolkata,jio_fiber,-52.37707407606139,486.76283392777003,216.60497406167357,33.85039141787822,500,FTTH,high
22.932054626789313,88.37031373233825,Kolkata,jio_fiber,-56.92146694838458,86.95549994552356,36.93812944694652,47.10106139225498,100,FTTH,medium
22.67224667554747,88.82062047192976,Kolkata,jio_fiber,-53.58499388647152,25.387479171404127,11.160900699762294,52.28047638748842,30,FTTH,high
22.644110871499787,88.42732382300096,Kolkata,jio_fiber,-48.159755955922485,101.2151946402048,46.936969376567895,25.62430811087778,100,FTTH,high
22.61828896340932,88.8173923795321,Kolkata,jio_fiber,-58.39837173824054,28.626871474212262,11.972600967837726,34.286857748339315,30,FTTH,medium
22.58021648097219,88.55142352864898,Kolkata,jio_fiber,-48.07053114739702,87.47756504765688,40.601047353092596,24.69149951179235,100,FTTH,high
23.05405802588897,88.70748923062567,Kolkata,jio_fiber,-56.00598630161453,302.0738749441056,129.54809167458183,53.603430838436374,300,FTTH,medium
