latitude,longitude,signal_strength,download_mbps,upload_mbps,latency_ms
19.03460409269962,72.81436217314385,69.73973004426684,46.56348213814514,21.76258682914149,16.918604960311
19.250969311700203,72.8876478540562,41.63174486599219,42.145849856404254,24.757144413664292,16.103838754611278
19.16883533102599,72.95564960534946,86.85655569215614,70.45274350331607,34.67862529431202,1.0
19.118765133314913,72.92674334115426,77.97313799239673,49.835616162224895,26.385597741945595,1.0
18.952544797868264,72.94201316146852,61.97174739920028,46.42474947694477,21.078589154060616,8.699300841896706
18.95253574027391,72.91165731466457,69.28299778056832,56.043196722934375,30.165680863120052,12.680628702145224
18.91576818708321,72.9185373366387,81.134161288329,56.61715983407958,21.97687738891127,5.3698318763401325
19.219223499349475,72.95077094936411,35.31397045987974,18.153869320804418,12.172705965428198,29.69328621059457
19.119687609767315,72.8276186788738,78.52269105948986,62.22933474856464,27.972243054802085,9.455578729350453
19.15985236845026,72.87686847361923,74.67541485236286,75.9871164665859,39.6089545988731,6.335608033659705
18.901686499590205,72.82177284809609,51.307750959555506,40.727015821210784,20.058290783255416,10.928382465519174
19.258177632638798,72.97921531769663,50.05233247205528,32.52395547669238,14.130189757318472,20.72652880436719
19.206555876694694,72.9702574212914,44.642173201752826,37.72025660095913,20.67298237561199,23.44945781183753
18.973694289011462,72.78443187817066,59.663646784665104,56.25865417895428,30.552991175949515,7.8691226896461
18.962235602598092,72.9212690768499,51.77642087272831,46.25539157932868,20.395158817120567,11.888488388516496
18.962828753242416,72.9663933457461,59.468227963907204,36.899253228583035,18.57072389765531,19.220634387904987
19.008205799197288,72.813425974807,52.032304096487714,55.94926358936519,22.029575382782422,13.114049060542419
19.091013397584753,72.89299775350658,86.60395108301813,72.54112403223617,37.24248352400476,2.2529832110411188
19.056160809372997,72.96438848639319,85.89283258537073,72.22211782584468,34.59275129355236,1.0
19.00331911234174,72.78330603016418,58.47680634255506,46.55276445105523,18.27987106405306,9.933083491092395
19.123719904952594,72.91959393290664,53.46262652103798,38.66301462580622,16.01793845358846,3.812842704990693
18.946339404298985,72.83741309502393,59.83756208177819,43.55384653824207,23.795573720804082,11.927753343511965
19.00366290449027,72.96621830667137,65.31499890044722,41.03819273960993,18.508762647221612,13.026823718081678
19.031532982574568,72.97580341495976,52.01988578820881,61.005198621149894,25.500942687547074,11.0053094109131
19.065220228508174,72.97029997299448,86.51703023729728,75.88823200623095,31.883666543424148,8.216054257511624
19.188806269610286,72.8737439504218,47.9747860644186,28.634535804828467,19.8526712488491,15.005658360906429
18.968938198512998,72.95340992217429,61.833719168364325,40.04132142026081,18.91135619115387,13.558306590812927
19.087062173430297,72.94981653697478,54.24705867391197,49.551321779260114,20.09846737940708,19.15579297870157
19.116420415106358,72.84188118326149,53.385301556627404,36.25052773893624,13.57174475414446,14.443733261254247
18.91139968220982,72.94660508658039,78.71747144196377,46.810871069205135,18.1370234388708,1.0457439595149047
19.122102146558454,72.7839349417889,57.20839142208863,54.75807027454582,31.89138124978183,13.909736743231615
18.957991904189115,72.89881607522332,77.2853177780403,73.44703724851414,32.0867529533042,8.006249580261837
18.918384806723626,72.82358038031586,83.78721030117212,93.9051118979073,37.902393932590755,1.4241675754624739
19.25028257139214,72.80109930712538,66.47659576120003,62.71002208098942,39.41640233043793,16.631593539560228
19.256571223876175,72.79214038038926,56.17798130844675,45.244000772108656,21.33906073514346,1.1328359329675397
19.197526376363367,72.91936150704139,58.85082125767975,64.03116741045133,28.902336896553408,13.317790898882288
19.00834531490687,72.8461485856199,73.1268768959598,37.82295425240791,21.1716438491328,1.8616354688591414
18.930634481087733,72.92521132875696,71.6511725665245,49.799373997313765,26.495559550752784,15.206900460158373
19.150900128232358,72.78975820542338,60.20766688286698,46.222818052090304,18.680307307998124,13.28100706855877
19.059242884525343,72.84109852239064,80.1732062309387,63.531956846604764,28.22394458875007,1.0
18.939784458968028,72.88715287356892,71.52444321129492,72.53279201483063,40.87263443196704,5.830805429417543
19.079905680873438,72.93875979426697,44.346322691371235,36.944988272952486,26.533597277753366,21.18029977191629
18.906870194643446,72.84180970476604,75.27134510917963,57.148264600469986,36.1811247893946,4.9639092178892845
19.235425052048825,72.90490079003649,82.25977291013001,70.2272248237981,29.661617024684816,12.376730025692346
18.99113378808043,72.9583265621428,61.96211722085026,57.15907977789969,30.487232701896502,14.59434646285407
19.142747299481748,72.90284084473205,73.75547904037202,60.089980290062854,29.87884019180912,6.832772001525697
19.011010499148632,72.82418648698625,62.83745312950336,57.59645611089352,33.075528098859984,17.58538601190969
19.089252803346703,72.78134529874382,45.08412481201325,45.25884158571061,27.6323323830702,13.121661511012798
19.099257517454127,72.95506479523179,57.603815313734366,39.1511839786233,10.397303825001465,18.57508435248741
18.963373237566174,72.78070206666453,55.18306051035488,40.03830552873806,14.49062942193935,12.37047669544986
19.25805550421046,72.95601028144526,49.556088823218246,38.031428942056664,11.952372380173196,21.199755398962736
19.185034865394975,72.88498488585476,86.21315212265938,85.12634993360983,36.391430607405304,1.1737330674377167
19.246757712285653,72.96923206082387,45.239140087115075,24.724664924483026,12.389795213458479,14.049731655209493
19.229982614046264,72.94041545776805,45.968702844959395,33.07485197714624,15.243445675237608,24.202624999035763
19.118480298993127,72.98132413428226,72.39443458408695,60.20537191788034,31.300568660756216,12.801283378458194
19.240139273672998,72.84837464292691,51.25656077811255,45.48241788059282,14.886828179953913,8.98919442201721
18.927187348616787,72.93392536596492,70.84089499656056,59.177240074526225,28.492839938697802,14.886335886727725
18.96755218248707,72.85889583958449,71.5078175324975,52.48534824902673,16.346175072634423,12.287206020838422
18.91094037414533,72.87490689048254,60.41923458360661,71.67702346815568,37.297820544077915,16.37155448065925
19.016124808473386,72.90523234847973,59.55385515775424,46.58360058316204,36.51351702666619,4.618991810697961
19.03991289016284,72.95579982124914,76.60164183505086,78.97248047067355,37.677424891152704,8.420114394331991
18.99585372408625,72.9784789978673,54.95244399757424,43.669327061209614,27.46491478446565,13.257298182785297
19.205164523805486,72.93414826744568,64.32066099142995,44.20383901353325,23.30427575341766,1.0
19.02792478761664,72.86214877244228,64.62637118087224,54.55663769327437,29.883930988533876,13.838166575488614
18.99945326754506,72.86288625930123,67.54669519898346,51.99280636233453,25.320131554198802,14.753824241221391
19.097750104495628,72.92784383727202,64.0975026488046,47.392817588154834,29.316972394007486,15.508381515972909
18.946876535424636,72.82538152678656,62.77967462648213,44.90817032875514,17.982335601000557,7.746300103059879
19.19519801131125,72.79902609518594,51.43366288058706,46.27778450544258,26.764371186961277,17.150792571398675
18.92195189498995,72.84917788782285,58.65884990696341,58.75161819162377,32.29832517640843,14.650624561040232
19.264552875875694,72.83533634109011,59.33138390217281,40.016080673673756,16.63214896196497,11.47799147577057
19.183950341888664,72.83719928071753,70.67718900444717,62.62782562712514,28.997568035258407,7.699624240441533
18.968578412087552,72.82431965298579,56.53772936979475,37.60293571017366,14.95575610615034,8.339165683517255
18.896030268183313,72.78497959359574,51.31152060870723,47.38282963540231,15.987449605546821,13.94396041967835
19.20017908334407,72.78000458324023,65.89663212590017,39.62910170952902,4.716990075660382,11.150258085998423
19.15939602319033,72.97922648854882,55.70733370485809,52.387693043444074,30.41070963250733,16.08504526851776
19.167713736246334,72.86420423215291,54.64690633983504,38.62788881479305,19.186072846436556,4.760548573603899
19.18358442622268,72.85527965038962,69.92550539613352,56.09419413062787,32.82257896252132,3.858002238224678
18.921761884641512,72.91594308639803,85.86805815576102,60.02314436749982,26.720989738373625,2.720952409388372
19.02856782961581,72.82116573150275,75.2159380597171,53.53554667797657,25.969800529863306,12.160076909028525
18.937467807167405,72.97146975158172,49.85704050790597,34.05804583020896,4.8349371237223355,14.371492036696688
19.218069630036517,72.93786045430868,62.008912759294894,41.4430903464255,21.6790798671764,11.739179318762837
19.128017824235346,72.79469940574546,51.279059144997554,37.86251875572755,22.010115126719484,20.635704442344817
19.01821559174168,72.86211056384825,68.14851046030175,54.68771553066624,20.136447457284234,8.508184033664099
18.917824063478584,72.95691752670703,67.48043685698497,68.50902483029543,35.888236238159315,11.258240740958652
19.010736836941824,72.970395600725,74.52473425218251,63.271041521576116,36.490227417672365,15.653845852379796
19.016069603679146,72.87234451513415,68.27586667281068,65.87504118239625,26.990461126861483,17.730604764436613
19.1679386768926,72.90233720722041,51.84987599258103,27.354543159854803,4.958030996762913,15.040129232495564
19.133372500422045,72.81064436155347,50.30617557420589,30.30144671327959,2.339055062663242,13.95300851473739
19.227123172698633,72.97993439892224,66.07755160715497,52.445233261825045,36.31215645007872,11.258318925696011
19.071282984804277,72.82392195837552,74.16731546370681,59.530018947905354,33.129315653786776,10.708876029594848
18.938866691031873,72.96998471874984,84.39214386416079,60.09141988941229,19.23790827811018,5.96022510931361
19.161794639120373,72.90978049122609,70.45162384585444,56.870176095243735,29.30179636947391,10.084278835786169
19.179646981849142,72.90117155758843,51.63011205235925,39.50784963953503,16.038253495927595,10.525952366381315
19.104727693869897,72.88164716683471,65.32861130883991,54.56989810425876,20.984125226266478,7.319609567150642
19.183470580900128,72.8237161547089,78.48968921928773,76.92169893169849,40.08938625491524,4.6051655896279975
19.079386969244553,72.81259459395842,55.21628792313015,31.597251749357966,14.628526579144076,15.766905495292626
19.09025349345594,72.82162428487925,60.33105930746986,46.70663270268486,23.542625926387178,14.823545347506883
19.054507016984513,72.8146303088375,73.76758769576728,55.439615928509554,26.817849555442738,14.73396606465247
18.903502003184506,72.93647173442994,61.77043021456972,37.094920873507455,20.786769175512696,13.324341192198695
18.93447204261024,72.84825415517436,66.72387473215308,58.00082644654189,39.12196133970521,3.1669675573900236
18.905758903523676,72.7882147823276,84.07874410846617,61.45153483227277,30.859172701689065,7.636840659484757
19.132941755842978,72.97540170132169,54.91127055566677,42.01997852726043,24.608778974371123,7.060254043944152
19.01200371519177,72.9578763194527,58.037503437508185,62.05255406951077,34.11871893703776,11.551361355328183
19.084935320231516,72.96690769912868,79.64753555115558,59.19712511259367,27.248351817499326,7.435130482913568
19.234766416071963,72.98070248784282,63.41402725386307,54.12115865618292,23.270618215498093,3.144043159020619
18.9875709425361,72.81205377956604,44.907518641875726,49.1390552362307,31.667542640683536,13.525626578743758
19.0480638004498,72.85772725243389,54.157478140485566,37.4033172041373,20.734045988260743,5.854679020824945
19.177681541321256,72.932086935606,70.21508964740714,46.63267752395927,21.281157197345735,12.367065390561363
18.979875001504496,72.91930642326783,49.688154495956645,66.0927440332649,29.020825817200993,19.88296479209789
18.922864134228863,72.80794560454875,69.41482269538297,64.74835927555097,31.73643403588781,16.731327842621845
19.002764210473902,72.9439177692865,61.94283181739524,39.29206906646592,17.814876836641652,13.636551605868606
18.954498498400266,72.8224365722841,68.38952593806576,56.70110221841755,30.534243867876324,11.50461599338876
19.24307712725651,72.8223086072576,66.41721746817156,57.36032462955329,29.22751533501309,15.33747946629685
19.197422368994218,72.88663586956585,74.86546330398754,55.020085002054515,24.131502105219198,7.7111230962438615
19.13181269534667,72.89813205318546,40.90566265695581,25.23421541601369,18.703975556764995,21.831078297945123
19.221207916557585,72.8954916984261,56.91227215488829,35.71816241251382,15.537059894709971,15.236622819792997
19.195751940153194,72.79512581444747,76.9577718554053,44.365191974846056,19.190466310705226,8.055551080967899
18.964017481797914,72.95657706182764,64.94771030757191,65.97415417552183,36.239327550441615,3.0002853989293365
19.229130801392454,72.83089136554837,72.74149106985652,48.63142402438875,12.769793355770048,8.962820706050296
19.096490668355287,72.80293737231275,46.026007259482896,54.772919366709544,28.536813479311782,18.6809132676121
19.197166930787287,72.95889563120032,52.94414665604553,47.75555964100565,17.38219659899749,8.005696959821734
19.23045725299292,72.97263863033461,48.130665969905124,55.24945710939948,27.596748460554508,18.904508486991027
19.01337342392317,72.95342737556439,65.72123480905896,67.02119172878409,33.20915090743399,12.557605405494217
18.935283353724596,72.94262014924765,77.4923711310647,62.49163377666137,31.281132681471565,3.4506829633133558
18.97955092620533,72.91092985907395,57.25479050009364,59.67141306138645,24.85374808485789,11.424197419141798
19.054344330338825,72.88948764221236,53.7478008103406,39.07811424908119,24.838739044773703,16.96068950478131
19.201137913906596,72.79420142878058,74.73039261153929,53.3866688147901,21.680974749365575,2.071916226938746
19.217178578989714,72.86023562098951,67.21770969620367,69.11144485612793,31.876715112802476,1.2978973031741656
18.896567267533136,72.85288899806633,60.03588359516465,46.493864086573154,30.183219098549557,17.722354504260245
19.08575268243758,72.82969045336802,57.347213771788134,48.48057608325937,19.42149341057663,8.010081293988344
19.05070298860793,72.9249347043634,60.62328328097011,49.27336381214838,32.204671779338085,8.746210953117556
18.977362636041875,72.87819356205907,49.098820145873745,32.778816772630016,15.972218537363204,8.022127857745225
18.938968502673827,72.79298114896378,74.11136785691774,63.24845104180192,31.207304144529495,8.695052591629976
19.020738017973077,72.82156204252011,74.09306796092898,67.57177854753493,37.84287204622542,2.0307631679582148
19.248038523468082,72.91668494056651,59.77811623850212,32.457256841363865,15.154076644931541,13.450532375075808
19.0153259266339,72.79197145856763,60.01968013217131,47.58097460759843,16.134949791020603,14.565369740437784
19.088773113672378,72.95118409385277,64.62311691357262,55.90301830333368,23.629553797095937,9.908425354540118
19.157954630953796,72.87804377141984,52.679512306500634,26.077838837813715,21.78683893993396,21.103416701502244
19.030506970100273,72.87505293207484,60.998535967639725,54.4782462048631,23.746098924451278,7.347853680469639
19.258880693594417,72.89802274128972,77.90591733359155,77.1971954202325,35.69833150326604,7.825247302599424
19.255375289420307,72.945735252956,39.8994663594161,33.98732088587705,24.078762507846655,21.436857608103214
18.98850601361949,72.84777840234582,58.69028314457754,44.85908831986842,27.794434398764267,24.212277529723544
19.08068360755696,72.91560802698599,79.19576606773121,69.76847947829567,45.59115533170322,2.488255691774561
19.006942573341547,72.89254311425017,84.42593930310686,59.87418556465201,27.189307102783104,8.970157643966953
19.000920044868874,72.83118474563098,63.3464242526566,50.71806947887984,29.32488157340541,10.913393972964892
18.907808404914046,72.95681721796213,73.78605137877776,67.16089297050198,32.18563183359195,6.4653837438875
19.122860503478297,72.94013666494139,82.11530868352872,67.34134838108855,30.198884336877377,7.015304699725666
19.082722878142413,72.91158921284227,87.60932423174239,82.53425519276178,34.51175576534078,1.0
18.91328792640877,72.95105567117275,45.99292947208701,23.16061733045803,15.118490783771453,16.247312090935434
18.998594059573364,72.95448867193726,50.724335315363945,70.43205827832526,37.05343746653415,13.215050974528827
19.23502905963114,72.9218417350434,55.71691359137298,60.48257992214356,24.72617268371929,15.080026685367804
18.983917000964205,72.94826851135248,55.706265566958194,41.614113311187495,25.686140252317294,17.88039254962461
18.94836759481513,72.91960444903452,62.6095144470423,54.3372727201093,23.2703549577511,9.77768063368084
19.07775614526581,72.91604445670153,68.59534935010053,49.228539438371,29.721186196332493,19.863609059319465
19.264088551352838,72.90340536556175,73.33124942349977,69.21718805211025,34.61082149699285,1.5147820635256881
18.984853316585635,72.93095266487305,62.98176291320051,51.242281944594005,20.994017841999067,12.382389904411435
19.14635727682963,72.80891294700632,68.61724512607431,42.049492356783446,20.364311150796006,10.298600428687955
19.179960378758047,72.95727750743622,77.39800694796574,50.798735300630966,32.72025384407767,11.76489178293932
18.983194369338797,72.95542317417355,80.49421294601485,65.71557958298746,34.664999976230355,7.543469450803498
19.1674167673389,72.78234084526818,58.588053355808185,44.84063631068998,18.420125333356758,12.105961120180769
19.0320667058903,72.94596856072563,67.61870631065196,63.501926486748395,34.23178777136388,9.935727973549984
19.131400401657416,72.80280486826199,87.59105744789677,65.15382148325537,23.194147211418315,6.8212399954616485
19.131859993749785,72.84517160700706,74.63777645355722,53.534129344837915,35.575509326379915,6.194434333043868
19.095150977251095,72.92906112022027,61.71381415561049,37.994194620240236,17.989639640382528,11.45324917716956
18.927862259595717,72.8093555744267,59.64679447457888,51.86391543071094,29.68761195438472,15.226318733223714
19.207629810794916,72.94435610524292,70.91093364756466,63.70777964344201,29.638669716078592,6.329255068734384
19.014416090388217,72.94726625823228,52.00298476936527,56.019555424992745,31.930415666819876,15.952060863553934
18.963998124284608,72.88057473826434,70.55730697179749,54.26538662351425,22.8945236686617,5.572363465495451
18.909268501544215,72.77764475703164,76.15122745651416,59.35356120738857,22.81490760219726,7.3098562518575365
19.11584901347252,72.83529508164519,83.73667100290771,77.29514265856675,35.358398560022685,9.151624834460767
19.148395907941193,72.90305935140161,49.94949761498886,51.01020539002018,21.418098210473342,11.96731157132343
18.900185669812902,72.9778838493526,61.210945474699216,36.64352323207429,21.08326130443476,14.764871025820238
19.086258041299075,72.90611729155889,49.62750619388453,54.04935475175107,24.72429610520804,14.779810053884782
18.979010406750216,72.82970068250607,75.77285342491653,44.97025502631268,22.96184851036288,5.950902892113796
19.13623220884095,72.90656759850505,74.89103277619053,56.99022860193473,26.149369150838314,10.755831398731326
18.959434768603167,72.88725436676701,65.37720936471086,58.426455431904714,24.12981207306987,9.166434822215736
19.153417884881108,72.93652533176767,74.26071063919935,65.81390442766981,26.900435464995738,11.181192532515633
19.03918365061045,72.79830848141495,85.57028991742028,79.36603618579589,49.744370321401775,9.447460755308821
19.24571791373541,72.9326599271064,59.15807563905723,42.40502535928576,14.432420887150858,9.486616391108397
18.945598533706175,72.88751754489203,62.641652890956934,29.113057236249308,17.68406870227983,15.633661547657875
19.02203400667957,72.9741464839687,66.89577302697805,65.22782473192171,35.405370739739844,9.129413088994344
18.936568233433025,72.84655884192291,82.69691951335997,79.5722947659968,36.07372622030648,2.7643949691526686
19.241198009882776,72.90628334248905,57.28261861885835,64.02558340058339,36.775783673536225,15.183680098003633
19.223415512651304,72.96778601930738,85.31744770335848,76.79371792820902,40.47118646591406,6.7212083395829865
18.99081896901041,72.79739008703007,41.016016453848906,29.68738579207748,6.570051513988753,20.38918585769164
19.141794138958776,72.96885425831991,45.75571767566055,35.09619702486149,17.17836068438878,14.014987316503722
19.20084028923066,72.91763538958928,82.54474996192259,74.02758816859208,39.15774728398966,3.531035498679637
19.102445886372234,72.7902677834146,53.941914489535236,36.83775429997488,19.684703340177347,17.91914571620171
19.092851250009534,72.83815558158616,45.131296342976924,31.258749434341897,17.344709761800626,18.002861638764497
18.984777093205082,72.92180252367511,46.54789211221244,21.752130701132486,8.420296614855719,14.611254899487916
18.928918597917853,72.790167857476,69.12328297711092,50.67046951829362,22.27176152975877,14.522490393194746
19.230879510034512,72.89591983616234,68.61419141976306,41.9301864933115,18.68448910928481,10.322875674640938
19.232082039035003,72.84738274108551,80.3540446803286,60.48082018496085,20.64991208996146,5.143265487973897
19.131699175785986,72.90387867153996,63.03356469384544,77.35718839488132,40.4275943202802,6.069657607636317
19.021269236649502,72.7857291227466,64.04446102608654,47.29755013643417,17.71947233256607,1.0
19.025091954063335,72.95536016880419,58.190095445751474,50.23940782977638,27.088690405969448,2.904608469546506
19.16656783950719,72.97630272334806,45.34596246362325,31.282926984984897,24.15494593423213,16.022490420162196
19.230839893372522,72.97535552908244,69.64853881176116,52.053760845728405,17.507522488730608,4.483108415823883
19.22707573758325,72.93032310584339,67.71334722767837,41.61960028957634,19.053819135769345,23.10936702201686
19.186815854918226,72.80305473005954,66.31065838638008,41.370731196424714,21.769243417025503,4.6202898459217545
19.13505264477968,72.93209201352336,79.14733210094886,59.014010916788926,31.40891269947602,5.301593776498588
18.925552881724922,72.78138353373784,52.268675967996316,36.6829771292631,14.751894110893542,13.166774083699853
18.954651495531166,72.7808775203991,64.97402687060408,42.2008494927704,17.688469774955728,7.123645856883718
19.231382118152784,72.84280755497171,52.610473168166294,54.378183559423654,24.002553044567854,16.508791567307533
19.121683143697897,72.87670788527856,70.37936422884762,56.03017204201716,24.734106246566366,5.221726302709584
18.897410281421603,72.93458662493269,45.555039677042615,41.02089760216961,6.772924587458633,13.834837216129063
18.932061244512823,72.91669246143331,66.65941248947384,49.674170461454366,21.840252761525587,4.452158393728215
19.143115116086342,72.86792832738173,66.72657750595819,92.64363906912982,35.90125483707197,18.605509997018085
18.895857328496724,72.83254015846758,43.538468249928144,31.81580096473378,17.153793840936377,12.470993355583515
18.954343319872326,72.98115782776215,70.93278550347888,69.31772057140884,31.982184850623305,10.512432440004435
19.100017386949833,72.86387724528944,57.62165774701505,47.23602020070888,20.418051016467196,11.882395252344734
19.15377743058516,72.86905489129619,79.85494302834724,71.3340075514506,34.69351729514189,5.722576205953341
19.138781418149044,72.80994386904199,49.98460435213592,25.365436084810312,6.8214157779476565,20.739014690618724
18.978174323223282,72.93959920086124,46.50791384624568,46.75933665937407,27.759902292336008,23.410979224881203
19.161394497290036,72.91882608125002,44.844768379832644,27.88233017010606,9.840280689822901,10.289678253913246
18.98304849596134,72.82168250039581,54.68718479798351,41.844716778408696,22.54264353031215,7.855387611526609
19.016150857352617,72.7932553436757,70.05631979981837,56.14386193815233,38.45011867990535,7.121741638626495
19.174279425695623,72.91611810438532,50.00927362727734,57.48105088097745,33.401483261790645,13.814441475722068
19.13790707106666,72.91077974833716,43.571879965674,44.09720855838324,19.537228406652186,14.464659954327407
19.212857399720477,72.83246474236809,72.55190610393151,52.33801121900841,17.06598910676162,9.584714960777657
19.14090372212307,72.97165511407144,58.836300301367345,44.685658517958174,22.95704645168008,7.305789903755654
19.107368130878836,72.80736263236912,51.542805988535214,43.23234912801531,22.936274970676003,20.898925703973276
18.929133395652187,72.86514126932356,60.7779856392489,53.68605828666167,27.729123068689262,7.2063337974558
19.03204142222278,72.97016633604919,73.59388770812588,64.89629337042554,32.80833099163149,6.860788838056479
18.993545525713024,72.86255149667004,54.612504866311696,49.512448668686964,24.42635122988943,15.869526316779767
18.985579712876536,72.90749612680239,68.50923555659259,73.68426501867597,39.62489813200678,2.7698214875227682
19.259342010025915,72.85800505205472,76.43577676561303,65.48250756982938,21.919704445675492,5.426269779858312
19.041572854115724,72.83266105289805,62.39092559749928,21.59118449689374,8.539797956401875,14.041426320304819
19.228938368423385,72.97845726054449,65.30409754127527,29.879987749878765,16.993804822818802,9.474753781312408
19.130962092403806,72.8604165495742,77.00013091697565,61.94451485063894,18.53062065825452,3.608718663238064
19.19242453811161,72.95999483497334,86.49754927091071,74.188895071388,36.42044317815795,1.0
19.082707132521406,72.82356924034642,76.7060910337321,63.607036869893605,35.37656738812989,1.0
19.110595835206833,72.82010800932966,60.58749428069001,62.26838242195258,28.80810687788589,10.379775202295567
19.078907090641707,72.78272842320276,67.51027690989275,56.05211184394397,22.01530829159154,7.768513368250855
18.967274344399414,72.91019546676799,72.05364334068322,54.72036251810818,28.125691223725717,13.474693236038792
19.165252179549057,72.85203402315918,76.25619964026531,67.93218726338084,27.619441148956923,15.635713398568438
18.999392377929972,72.95388558206993,62.83790504203468,45.24412789531015,21.129080259606944,12.518765250750025
18.903087743872323,72.87353764958799,41.7138066315545,22.199180688173573,10.17036158312305,19.035852926361425
19.136344679295206,72.9752149370918,54.471592871258395,25.931315204236245,11.83737408602778,13.230481691266254
18.960465290886273,72.8144428165709,73.06536109829122,62.648388598874156,27.004779496488247,14.477716328801392
19.247118077825498,72.95476166235719,64.62649686100407,46.95774306976853,23.84604413108986,8.930157626146759
19.2521763362003,72.93585803081464,51.881657800474734,47.22922935213654,25.867631740380965,5.08642096219676
19.23750693324778,72.93469229617847,75.3265291593964,55.50133730365344,23.548313973397068,6.278313149606159
19.032958780199273,72.94986456919524,81.13176733996947,58.78374470042738,31.84791067727367,3.870322899274229
18.89976087636723,72.93265912361154,48.300024747716805,33.440268914098226,14.92630477657338,15.102378441588215
19.242559250782225,72.90496836047808,60.89033545024053,48.33656191039761,15.51227443797418,19.207590502194023
19.05474852546819,72.80329273217156,40.9294927844788,42.08787205989612,19.835187835480827,21.62150365161168
19.25695530097469,72.78301438142329,64.80646709234352,56.54561554755685,24.734678299668296,6.997190551416726
19.255815655606543,72.96548942108298,42.23432665915231,27.68723155233829,17.230413384601256,13.454531055135687
19.21427913722183,72.90300253268244,76.99656201571649,45.28449145796374,16.455112537869006,7.4480737544499025
19.004528195174416,72.93995410589451,60.918021896726785,47.03773592956921,19.487054479103097,4.996676430457136
19.038568691593458,72.87524515459712,67.70542285871304,50.004669007496844,20.273604200264515,12.729604100810933
19.213575868456346,72.8004299202898,57.49044353137658,52.09258652294577,23.700586436077394,5.612124463361538
19.012967309837286,72.80204810209818,79.66327242107835,68.95204339620204,28.957672555449175,4.447072152038711
18.957604600981934,72.91715873625878,53.38882071249656,40.647908533803964,23.35007277199326,19.560520273156705
19.10304688847899,72.86472450055372,72.95822281285169,52.19016148094438,18.419879502810392,1.0
19.245501908870242,72.8175238869975,75.89306638894675,66.14273662386417,40.41928099873652,8.7092165161404
19.155330057262283,72.87731413961616,78.80336252059891,56.272738631893816,24.273072089592787,10.509950303133378
19.108026255622544,72.78952251091376,48.00442523974607,47.350775338268235,28.183504549430936,24.040883206806836
18.930448365529045,72.89587894650994,52.273399252791606,36.57423803960677,14.610601716393623,17.925376842949234
19.124904421273683,72.83158841466873,53.01861915481378,49.514186615856296,30.121527022892614,15.72159855072492
19.26574211681808,72.94016400143693,86.33286962709802,68.67610050790297,32.248502525122035,1.0
18.946561019443628,72.84008615697326,84.04303629118037,64.5074832114197,39.47018937386956,1.0
19.088600010220457,72.86984227453371,78.2773826867693,72.001061524522,36.063027371797254,20.858800472303052
19.22342817465692,72.77872003901548,84.62166201274412,65.30225592254585,27.312953708268036,3.2156598748440466
19.17213040172337,72.79121471367976,59.19925922957715,50.340992043566985,28.363796864999003,17.530813856562606
19.155700299566412,72.85695726013606,60.821611285995765,37.280414463289276,24.70324841874692,20.42767607033741
19.15775377446088,72.87491987570283,86.89034114464832,88.92444728035615,40.07060825427938,2.0428581615144186
19.028952896851617,72.89958652090219,76.69783196689872,64.22959911474884,39.79054315741216,3.7058745279383354
19.004206356154125,72.83624501443686,49.049650843986704,52.79414868624433,32.24806788910518,15.956587233042955
19.19788830578587,72.91909305162962,47.15653116320517,29.308105470184046,21.745254508879846,7.908948274437342
19.198170787026623,72.95301547227982,65.82325763281683,49.77821736703271,31.98176540925654,1.0
19.219560030609358,72.93652648080902,47.14442243502565,47.861991812414644,19.842418527556667,7.693659541055689
19.23689714891628,72.78447132081834,59.53047968462252,38.24512798233403,20.205688868190112,7.012092676411858
19.08597615329146,72.87503657482443,57.01725683739721,56.447209849030926,31.94875773907946,20.09205152454652
19.082286249739084,72.79788728506485,87.31394960761642,59.70356475423462,28.04446854364738,5.888045308222337
19.193732804753193,72.82605279795591,92.05187986549028,67.21955736704952,29.34326214939309,2.810857207819675
19.13803138026763,72.97900878992726,74.21974234579073,61.955553688844404,36.49716356100349,10.109916028739686
19.15755955273125,72.80560379319287,78.38155761453868,51.91132152063741,30.137304356995983,7.679679646570465
19.19279306112298,72.87881235948528,59.44893594985531,34.1378712750331,10.239814860439356,11.420472666206923
19.228171850962003,72.90331176924282,54.8209582840606,42.30110968203013,24.9815348868856,18.605781646035098
19.020880710298467,72.9206301931568,69.78906977750383,71.73707654818156,39.263194724387176,8.37830161953656
19.034995698166828,72.8912935141428,73.92531693840434,62.52277842601526,30.3544621974612,5.3506332291951155
18.929248745040013,72.77834008350803,58.60081713464458,30.007210236608564,6.0341426289648314,5.642517344045181
19.11111264768695,72.84339321286359,59.20277521574085,52.47085006407586,38.458338794950464,9.527755746464425
18.90745366062729,72.88267899608168,59.99687170920445,38.35211941826165,21.70588747641015,8.359577475205601
19.06879820056811,72.79438214085508,80.9931872119067,67.34451727627135,24.442017385915396,10.300560406849499
19.097730784547707,72.84835720638779,57.030114866657954,47.01469587986054,15.622365528975283,8.876843320248403
19.001558714269837,72.78315343319393,74.79438016175075,61.561006047442504,36.79289176198629,9.147420875027152
19.115826601425503,72.79247424128233,83.51382639656616,72.5086646892394,37.23174100238615,4.451626074833623
18.905410069107237,72.85786719324258,82.12352832346221,57.56351916510741,28.274868301232704,2.8990778617466533
18.9079816105132,72.80359487297463,62.84932018755985,70.74807810724346,31.999368959668967,9.129823998406891
19.202859973839196,72.89291468711606,67.61588175781411,48.19703156632728,22.926841227953325,13.752459062697525
19.029215569758076,72.9179597913678,77.84897341002073,66.46123628689631,24.350559373206146,11.965012914798061
18.94167042724129,72.94078591709084,59.05422883311893,52.98025336652068,18.88214247009699,21.017426037606054
19.09006965013741,72.81744696249666,49.51724439591747,26.85075135135062,6.983837588357622,16.608404091934027
19.183104964056366,72.81073651837603,74.14229901701484,60.636567118586086,27.355735733228393,8.932199668976784
18.975001820156127,72.7978128552062,64.49189085874335,39.04215896726073,18.882806076039415,7.849394558140448
19.12786474292479,72.90706563792513,63.15222284957565,52.41289044569993,22.568083448568842,11.101659115240714
18.926006322728192,72.92145406459416,82.19416602921855,75.99063926522828,38.87175352728376,1.0
18.913364145774096,72.78282128373243,56.45360390700869,53.37255196929096,18.49825139736212,13.661920141232914
19.093491156923786,72.96864550666827,75.05000086048854,38.98353126998759,25.25971735157842,14.416746728167656
19.096976171184586,72.7870087072169,68.6490268435537,59.99343075317585,25.41709174027579,15.076765916374953
19.133324595325558,72.88752365736403,71.26962846065119,51.66253564284436,28.388765698231488,18.294881662105787
19.1666187806852,72.92198502113327,61.08901916778664,35.74939055895149,20.38826973834203,9.931826981756725
19.26040906080581,72.95524355803886,53.25446030916212,41.99352852877586,23.49796661157078,11.35566037505553
19.08783796494424,72.92301752420744,77.10471941027355,64.51323737329369,33.95523798352063,8.278597302002217
19.015233376197134,72.94102037504781,88.26059419529017,48.44028696269149,26.733867518799816,1.0
19.19256531745264,72.84606133102628,40.13085762817197,29.26783916575605,21.47441199169709,12.11703756908278
18.99565966241006,72.94371070815279,72.72209885336076,76.75470251806594,37.86019513758155,1.98810683135856
19.05879936738909,72.79278983122752,68.5272785725424,48.58083573477683,16.18344708677757,11.610562532669011
18.92341857954984,72.96014221081299,60.39316670104711,62.979941953623715,25.932069729244102,11.702922096153554
18.903476323842742,72.8888169617438,64.71870377625338,52.970532266987554,26.4765835171153,9.444948959370677
19.25545081400406,72.94421863006572,76.20617592373394,62.195722755548964,30.53222111519578,1.0
19.207884272844804,72.86924618657346,83.51335283526302,41.702332254195895,20.660465699889702,5.195008103935256
19.15530918185941,72.90853383404763,84.43716942504079,76.58991108764579,36.807544539453644,11.228767865357497
19.047526814162918,72.88446426579752,51.94452034203265,33.65548825281536,13.680983627974255,10.670565811945595
18.959032169720164,72.92661282740613,81.79035189616069,53.203331321372914,26.95793441024092,1.0
18.95270191648237,72.7931010635738,82.49601078284968,77.82246589688846,38.374458994874146,10.248291928534652
18.98792793824022,72.78873025350896,57.20115276367306,55.83225557567005,29.596852602966166,11.702272871131044
19.100202471743774,72.8270918343658,74.15822595715214,70.83265627165241,29.753009368027968,11.548424726380663
19.16230201819029,72.80910595023778,47.73693443860265,34.03740987182941,17.188841991275865,16.23578267761947
19.14187424900373,72.95541085722331,51.3664717572336,51.637298527980995,25.342100658743746,16.674705989154006
18.999077516948088,72.82136295082014,72.21158365787619,61.28406592982297,20.750906718037434,8.571199412938993
19.252528087627283,72.9767908494567,64.9364657375267,37.768573370332,14.717811893953549,7.327675450256252
19.171052019106053,72.84553661751455,55.598951393845944,47.147345078030774,21.878061142665192,15.170620158190996
19.102127910976108,72.81374284271014,46.59823397244373,29.991806508497074,13.535860526683408,13.75036190666966
19.123670280486298,72.93854931369393,75.69021790146543,56.24091862542136,30.16072354689446,10.046922490928686
19.051525025242913,72.9116417870584,72.77756961707243,70.51979793887732,46.36331795235423,8.210869806215246
18.986984665042968,72.87867012219307,66.05238277639964,55.96568832578543,33.94651998997479,3.89494438753567
19.027631638273462,72.89041328149763,58.8127941261594,42.78754973416327,23.40336964295125,8.746345126526533
19.178543350324635,72.92406819288468,54.79102997788916,44.561564962466484,22.646767436241714,12.811476062641951
18.89936165004699,72.82326114491794,67.25580995396945,50.46328347857713,18.508396601941442,10.8812589167517
18.937544255999477,72.98099542953375,62.3379009454064,48.353176420552835,26.843384433803664,15.495972238970104
18.91123153513333,72.97657062479895,75.17665496809896,74.20913253235956,38.91164388503968,10.488147986106872
18.909251100211222,72.90991997602379,85.11231354062751,82.6160182873638,36.726404548314804,1.0
19.215199586238104,72.81732211232882,42.1583910446866,30.69709906700627,15.468025018434632,16.031627637017348
19.158194551183314,72.91606242453314,47.354516564290876,16.557656989884336,13.342015543162526,15.002875808851135
19.072018593385785,72.79116367227965,65.45771749502218,46.748349047717596,15.607035531524835,19.092041432169133
18.930695332924742,72.78262949906686,70.13443238441539,66.80526045737082,27.404142586858868,1.0
19.07856843923181,72.82926505938497,78.62237274948514,46.175400453914925,23.07394902178655,6.518589166976257
19.071754956099404,72.87136292597008,46.2559832774742,23.524315502577693,8.188754366336688,18.729604541826813
18.958997452789543,72.95468963083471,78.88204144443618,70.50970437932132,35.42435611028796,1.1261498394665006
19.056876788247667,72.92570479805057,67.59615086103292,57.36798847592764,34.94820741010124,7.480031660189377
19.04360329711327,72.92889643140555,76.5152951727759,61.49236529180961,29.684037996352473,14.56648286231685
19.125220936745617,72.86373592604231,41.372378919595754,41.33070229245366,21.794158761785603,17.676352583789562
19.13244728532064,72.84739340946153,43.47903447539648,29.611856775829565,12.178984039730054,22.10570235303271
18.9109691844016,72.85255011301786,47.85105373445519,30.683811812761284,6.486563140940186,18.002395781754473
19.03463131635084,72.97921152895962,67.7585353076862,63.366931444059865,28.072121303760497,8.112504364454118
19.12897982847897,72.78457204960858,41.61371865486899,21.568637389528792,13.106168012497267,14.763124744996865
19.082894579390125,72.95443470829174,81.82309026854936,60.780250386516826,26.366502331166508,5.87846807933514
19.21558609340796,72.8952018983896,48.03242574740739,36.01928885262379,18.049045349785533,13.962217015035268
19.14130956189236,72.86643140564054,50.84169808027431,31.76446234479887,11.621223015791516,7.4336590403621035
18.955141817524833,72.925312164943,64.31789214344118,56.59045835706391,28.468797922294765,1.0
18.920456611308182,72.87630234393723,53.79655735839171,31.081008178161248,14.437290338501764,10.149792724651475
19.135198208561675,72.95574767116216,66.07606606456876,51.623563388906646,23.823383226380304,4.257027389516574
18.903912140590243,72.9613511237468,53.62093496758871,37.24163509189451,24.606749969059393,6.533384050864781
19.113927339167603,72.86296101505417,82.58242494299037,70.87502088188126,34.424889305616475,2.583787283787995
19.24703233037502,72.83319772038293,73.39086222350508,47.86897769423284,21.719014477336067,13.891548311255947
19.110058951013038,72.89801093892316,83.90951416092341,53.41018003610367,34.7489942967237,8.968294202646092
19.039722364774036,72.96374657282152,77.04099123043672,60.182027027313055,28.45130391231973,10.893107449809914
19.13552451343358,72.81960627888569,55.56476141863962,42.93881693258648,14.490462455330812,16.287317783200116
19.06603995456382,72.90429999224598,66.35629527844635,50.44465860281307,19.915861642849126,9.865786535821071
19.098846889532314,72.90606525839041,73.7366030463792,75.52545512202622,38.46216372520875,12.859610160641886
19.247495935724164,72.92692577805595,62.014067999329114,55.56827690121844,34.41398830298467,8.13173717935225
19.038946055598267,72.80335904182425,75.66819863237419,62.96460612644335,23.81880026377202,6.31813715334806
19.254903361122437,72.92337454303265,56.52589092541118,44.2035124847985,19.222347680107646,1.0
19.233934325742663,72.96306236974878,73.87961292538449,64.92940352839565,28.464999230688157,1.0
18.967480184831643,72.81324269565013,51.73814529031394,47.104600109438955,27.476207974790423,17.58616565598527
18.92000319038529,72.82512808086089,59.41979339238327,38.11025465598785,27.12902128154318,10.563921209824729
18.931800805466253,72.97587260894011,71.69170602228255,73.56563361508832,33.510807331701585,3.839167103513301
18.90079926907958,72.81350847122928,54.417361979706264,49.01708585931,29.256515786477443,13.377715499725651
18.929421867844546,72.95183694114705,58.43851093731863,45.28522339293812,26.406023272899347,6.531119710112219
19.150439645056696,72.8774545020212,54.664947665700495,59.012271726438726,33.94365570028966,17.40474897184724
18.92068939686411,72.82711809476406,43.1070423246716,36.45126933616193,23.26565468954726,14.319864379274351
19.01373848817573,72.95519852634484,58.724251044313746,56.11413815562507,30.745218592561933,14.523655925758758
19.211224599212905,72.86780560160899,78.64514537119334,81.29712337657102,34.81089061172203,9.009221677304135
18.902695688943485,72.88208446416614,81.48373108519493,67.05114656559641,29.867414588255564,15.007084100220434
19.19980621181604,72.85012510219194,38.39040482417382,32.64552710688372,14.487411523533497,14.958767697757942
18.999798845950295,72.89813429562292,61.34116383022128,38.05023365961847,20.762924898826995,12.0311393480056
18.9383299151509,72.80992333804899,49.304394989677085,43.23901903786397,27.200741471522612,22.748919460192642
19.15559568870613,72.85666720939209,61.79761858382653,28.617107835171353,17.07429969948172,8.71971293401818
19.130137532294206,72.97546531689866,73.11608863799076,77.81746588488814,41.12635163475614,1.0
19.223465329255685,72.82935760814502,60.27209322056016,48.50225038827972,13.862066094858875,10.316883011148745
19.169990845904756,72.91123689031508,47.5843957261332,55.114026640187916,39.51084414393258,17.61014175087242
19.195680160718585,72.84313207963774,72.48352730560798,64.32009010519877,32.27319931598373,1.227126539036174
18.999866363709263,72.93521636884947,59.95283607443742,45.836482579664256,20.313922964077847,4.110395091121566
18.96058878619993,72.80321647845328,73.37582306562766,66.53655510048819,29.875062243773577,6.396065441598601
19.175827826843552,72.97554927488532,71.22416753344257,67.14026924322373,28.24902706993433,13.608805852354223
19.19693958470701,72.86954840553808,55.4268954238195,53.908548202912186,29.539006680197947,12.26436505809353
19.265911586176664,72.82482142395354,86.63034207060167,91.34656334943774,41.821366981138254,1.0
19.048902996342616,72.79143037110116,50.27798813552158,44.1554610084705,18.387445085928295,15.82285937235378
19.03365701758595,72.8112039049525,58.52596253909703,36.71854601015907,15.853042313912143,19.575176139893223
19.185515583224316,72.8831026255296,44.9558066322583,39.14985535379539,14.616444359696143,13.34885663589855
19.02193531583758,72.84555867598822,44.002594735515785,29.44262767417535,13.905181695933141,24.898344604258508
19.243475056289313,72.94659849104445,73.5334662499175,38.752204392483904,17.43436750473616,6.4118645696831855
19.216308185778463,72.86484397611675,74.40291736313108,60.01904445350751,29.71569866537011,5.154040539223996
19.05505265165688,72.82742276666072,56.485038828214144,45.98604590315865,28.69080063170667,11.1176785287717
19.175924078812596,72.90310414599575,79.79431535117388,68.00940358827827,36.797956369208194,5.190952345901735
19.177302917347717,72.92151599539513,76.37523685687648,55.20124192087228,26.93977418221428,7.4488237698585005
18.9326817267872,72.81064599703242,75.08164630731154,55.133868488307755,32.841229590208314,6.541076955903284
19.232883718792763,72.81076458512347,82.84837510130724,58.50498523258673,37.046438538777835,1.0
19.083689223527806,72.78386587949926,66.04646228680346,49.63157400418092,18.45868311646478,9.694096400202772
19.20430832090151,72.92760138812571,75.08090431783408,62.14075696827352,32.60876175114233,1.9981317604219635
19.014141786203815,72.91268873894369,58.82291186815126,20.85161989771048,9.01679804542162,12.845618179678027
19.230243930526505,72.87382953865757,74.22111422445955,59.41918996950916,32.80402647487035,15.92546439401684
19.04010980899909,72.94973869486023,41.139385368432556,27.762022988474612,10.05196159394375,17.48557539031368
18.89802636030271,72.94183013730331,65.28376701595974,47.452906550839785,20.47731884793271,10.83571104614056
19.23394609247595,72.89657385943974,51.834555491565304,40.48777992604533,15.487542997331154,11.430182774251481
18.928236618510066,72.95468937922226,71.42639102909494,55.534801628021015,25.34653105776682,3.740851092505248
19.01386541684477,72.8186159750803,40.709038916155805,31.955346755134432,15.483216215582589,22.665680052344026
19.2507243448979,72.79932302457838,57.772626507845985,41.12596758028545,16.33118519070786,9.743673780557355
19.250929071121565,72.83174375132457,82.16786025056689,54.65487149130356,20.783544185267136,15.021584564372585
19.109294282467,72.78805952508701,85.1164134719684,70.72863889712258,41.784798418301875,1.0
19.13122442583261,72.8854434541791,63.97142172011043,58.5231186591183,32.64746776318439,11.721219885954065
19.06235708663606,72.96872632658561,47.705592960012595,27.262390300015777,8.70349714640324,10.83960351382285
19.004063255593444,72.78441477307818,64.35629875475857,52.978601018464715,25.463158596453308,4.827327578408564
19.01737687440958,72.80141626904133,62.908259459357026,44.94612998258424,26.46228389077095,1.8308383038926053
19.14650106688528,72.86922168949435,46.94154791965276,37.80087371668024,17.204252022042013,7.704768855938566
19.176488659481702,72.968165403663,58.66026370959169,28.8895830420497,2.4850104994597313,16.625792766030994
19.19121075828945,72.84127636438184,90.12655174572784,71.69573524075992,37.068922133113716,1.0
19.19047439979128,72.88052689184413,49.10276349600858,52.837940153910345,23.364681877929844,17.791587233112512
18.928206361419896,72.78487270962826,68.70288172941564,70.06341218283661,36.80886571188705,16.220330431003973
19.079621560032066,72.80680499279723,70.91693249912424,41.30236371987069,21.47265568678819,19.70603596102672
18.91557109434083,72.97900212002264,72.02078308660874,59.60457235267553,37.96014486461154,11.503494128778428
19.10031596065465,72.97458333958775,74.6040525263627,56.815299663707464,32.20522426928427,6.159991080798505
19.059760354640982,72.77734774865363,56.06266795271223,47.56120471114012,28.478499417345954,8.680928450865082
19.227307718561487,72.9718498938086,75.3821615248187,49.50836600709648,14.645189803738502,6.8789479490467285
19.02573238097106,72.90761814158634,70.05886306573429,34.81026027933914,18.85339863071836,9.211698304702539
18.9379176645424,72.95461687042797,70.83376626683459,58.69937255932798,27.061520032975917,9.678313022043318
18.94765290794032,72.86974361481495,60.135956538708044,60.15972176546673,27.86774593651551,10.253340135037533
19.17991945317786,72.88224441600862,52.86339980509057,27.019041278175987,8.234073798204518,14.77231873964317
19.126110156245552,72.87674966470676,81.09158146866599,57.688459977333885,25.917895984219243,1.0
18.931930237898968,72.91331725489596,65.72591197015697,59.90028460122404,28.96553326062757,7.959321018374817
18.925540429885707,72.8050195323214,74.25008063943031,60.45660276180487,37.20142832195832,2.498903996567355
19.157184878730092,72.78249003995049,71.83753128020902,56.3973773660578,34.300103165117484,3.0653449785822255
18.921280600531386,72.83958658291692,51.834701267198966,23.587106063378844,16.45322574327097,19.93285096367079
19.202581900394744,72.92108535121793,49.26882237570081,41.409297760428316,23.069840291015232,11.991492927112784
19.15916503426292,72.81779682779455,66.22749362846487,34.943103642684946,18.3225620688093,14.908370922081819
18.924504734781035,72.91466646000765,59.19962768887572,31.537934517639307,11.066972676397889,9.436307158437982
18.925814900812128,72.97556796790714,58.939756126550904,46.07185839960204,20.021104699040222,13.907615082513104
19.26445998783855,72.79562166248424,55.32262947338648,36.01198107436157,19.38899436473669,19.380614412111452
19.034502956357734,72.91449590041627,59.344211496760074,44.23604418788588,21.493123442371864,8.17193945045128
19.03314032438763,72.86748617317355,77.70015704898215,68.62018751033123,22.451796950871156,16.90030114994476
19.19917949989632,72.95466287525407,82.14486795850169,76.7963229506337,36.366949230969205,2.2723852268381366
19.249667859403473,72.81272231257422,71.68014219619857,65.5433662833112,34.39338419172994,5.8323298500559115
19.264220212487295,72.91860910628951,75.0205063988052,58.370795422817416,33.00206846607809,10.050481301170219
19.17686555281753,72.9484948712807,48.438505208196744,49.47010281867537,20.338637497277745,17.21142403684588
19.03524978768836,72.97037140220036,56.005118073099176,44.087625600362855,27.452421272156897,10.91653227138287
18.92531283088504,72.91668273535512,51.409032054357226,16.14661546855639,9.07560589134684,17.621817164965993
19.18579119844253,72.87846040273617,71.64251009820099,59.61501981325942,18.852139543806388,6.831749576543531
19.103648843062913,72.90324839976955,52.942588416764636,31.02622122073426,17.264961692298822,9.895603289055256
19.05326066102343,72.95481955183918,82.0092938068232,75.28054737584071,33.62696673675178,5.0111246406132945
19.234311251867968,72.89354508641068,63.773222385795215,48.293130695018085,22.443571812959735,13.368748449830855
18.935713534154345,72.78257497306114,61.55512430252269,61.03358343438483,33.500584948701665,1.4151928191823568
19.078947425475857,72.9675642917619,78.14412548339624,57.53957540362485,34.518147796206165,8.039647047632654
18.898220126359885,72.91797248232652,80.82176270858166,74.58670785982062,42.76671211181169,1.0
19.069948278611953,72.91529933539611,79.39383886176847,82.0086925032786,45.2198729132555,11.996041229144387
18.91509963423568,72.82063601926735,78.0448368486339,54.388276012719736,21.462136472770947,8.915415537863943
18.938575163325943,72.91167828831057,86.5334343824867,74.66895102939284,41.56348987751106,6.610282447377869
18.93809011495286,72.85723885381965,86.48950410396598,55.50797236263257,28.75141267853085,3.64840773759099
19.137748377255775,72.91010634759546,78.66402616839746,68.46511076546224,34.062929253091575,1.0
19.17411174608419,72.79822886061723,48.357873043524414,54.90804762351807,21.271422130025677,18.870188075341602
19.11302353035367,72.91146462216768,74.02913243814136,69.9917873970899,24.147506609916437,1.8203132630961463
19.255272116489433,72.98162807018603,49.96624234811017,20.41604480527819,11.779436178004277,14.07294241901264
19.03472818745803,72.78623650006855,77.23748928785002,64.44616136200536,35.51189656175455,6.481091782433647
19.00124734549661,72.9770597236389,54.801955093622425,41.07666651903042,27.33124760760435,11.788519694234768
19.22013337891727,72.85991820220586,76.21923780997574,71.71872029568303,38.34136073651122,17.50955385374999
18.977921421078744,72.95519925537775,62.519817085022204,48.91049769794095,30.54373956992755,12.517053723847937
19.25566640962201,72.93704710540057,49.040620323882955,32.85662083834673,17.511726013994796,13.771063565449444
18.898520854412755,72.8928069287587,39.90859514917897,12.593975402687445,11.64270902102329,14.160233995908008
19.258165981944664,72.92802191354296,49.3529381343817,45.325492171858464,22.160367483070708,14.907165044677779
18.910164031715635,72.9567937132825,68.89962592046014,63.848884209700984,39.173709703717236,2.1995003800560795
19.228599107627456,72.8593496862421,73.12205681630859,75.68805158146509,33.36236249777224,9.159894641109606
19.092119184334642,72.84351068039909,80.10533400839887,55.65025172214873,28.936304044226986,6.357199397435743
19.266835236721118,72.91346702909223,45.31802051107844,33.26259868458841,20.675895689257803,13.482317387424278
18.92166872288772,72.94227707808683,69.51042206936178,56.650617046773505,22.390902375416395,7.654842019572247
19.101940237805525,72.9329181821027,46.589219964718026,27.426035466954744,13.683244187413726,19.943247907138336
19.257949572826952,72.94021628958711,47.30872518189145,43.320006893282894,28.480413133966536,8.913365922506435
19.090390563991697,72.86580856440395,81.3881269511141,66.69139381412312,31.9579756254838,12.039931109745163
19.130308691291873,72.94432882443269,61.63091066672463,34.534579905235425,11.44800136381859,20.66883822327454
19.155224495561846,72.80102580321348,76.81714436020175,66.34626083892468,36.604898194535004,2.7603933218107946
19.064646087912127,72.88817950030217,70.32725925807155,66.62696324150158,30.495068309092566,10.978185118144903
19.129617524012207,72.77751591812554,89.59227297346928,43.298753964801634,21.566325270771273,2.593224320470727
19.113378602570517,72.84300796054187,59.41021900003255,41.80135879843306,14.120497173492856,14.249906052693316
19.23235990667858,72.85160987941637,67.19587061314596,48.363646345884064,26.113736442182336,14.03005992378916
18.911022647469014,72.85771301153325,59.31156453003368,60.59739807246976,30.263080975193194,13.09740106483707
18.999464037437267,72.9191927439958,64.0250023338059,65.11024549667233,35.74174616345153,18.873999513467815
19.25085559570617,72.85614885665149,66.30880563154261,51.31967625356405,27.495317335451325,9.439369343898372
19.22826890125861,72.86850162483782,61.7277493518567,39.97197247482158,21.216404313992832,7.470275058745272
19.065065051634466,72.82512824641562,65.06513443875966,40.46797582527983,21.222234427137447,12.483918853800636
19.12682910319273,72.85300470340343,71.03972466616874,40.518428628764255,22.660516821411754,3.4125442227471314
18.998118920523666,72.82301770411907,79.74096913024192,79.43177675318887,33.84551771854956,2.1343496051706112
18.964599951960047,72.79136857727885,40.2845223191855,38.8813072056767,15.459969586905872,13.164325816913713
19.068084856872265,72.90029069453372,61.726754781361954,36.90847737478803,16.983746318365846,12.836156144761187
19.026647605344458,72.91359426612158,78.57265010222369,58.16681153967487,24.119075764409708,1.0
19.113131434950294,72.90358591917074,53.4112704478128,48.61147081776654,23.8442084398794,21.75815580805753
18.92314754974041,72.8715418607543,45.974978976937614,42.70528625472771,23.400823720783823,17.992370103253347
19.2598618253722,72.85434688592841,73.49737103656538,47.02178675113458,32.87641549869119,12.841148025515885
19.26429895187235,72.95367511329361,87.14894460576127,70.8371472666429,40.454359636304794,6.445290500228879
19.15613063592955,72.88296044443464,79.72995527858906,63.76490789298368,32.05678836038757,16.06526450986754
19.095271775537725,72.87476438498425,48.97555966012593,43.91452188522541,23.411997764310133,20.09653025750356
19.01019056523165,72.78160027776866,79.00437166255897,56.69246835990647,32.18790414140481,3.1766970999644144
19.199553312697862,72.84643059313574,60.16307025774831,45.279513635778514,23.33298273643968,6.520447426768458
19.15108719228302,72.8544310731307,65.71051048446024,48.86615246890465,26.391958846187038,6.982543043527656
18.95502259437126,72.85825738094933,76.90719622051905,68.74479183079666,28.02240292842895,10.272041786575377
19.23602843178472,72.89550939731102,57.53040093687612,56.256330482980765,27.128250748706485,7.5950451652075
19.20283619673113,72.88594323393717,77.97019120808633,52.628087207240654,29.541982164491294,6.7058488260642255
19.25062593833934,72.90120612858871,46.82593918855635,29.281480414990416,20.68415026167172,15.783394336444825
19.16647915264975,72.9334518776113,65.36398028442787,49.235078086004265,28.272333924883213,7.137506777829723
19.124306581085406,72.94333287201123,60.70736021798892,43.35994639758661,12.220453692525187,9.859368614350664
19.05101543410937,72.9238466107646,72.56997010294819,65.44778102937423,35.2589918753639,7.942032143745363
19.24421526643334,72.97261237776642,77.32071453913444,59.28105591985452,32.951778888405954,2.1522571489874434
19.219181344817137,72.78007825508675,87.15336869628338,50.58209425115203,28.588303331144072,1.0
18.91093713760761,72.81654883281817,80.44277599077283,73.02615141180766,31.81456271464307,11.654933161144712
18.903857939446695,72.77788653174507,44.45989696513125,35.426927913038284,17.400222845910033,17.868232152494272
19.03532631176173,72.90933434214541,53.040166552642226,55.2534906457151,25.734985909858715,14.814540310836023
19.19833599205186,72.96080239422783,82.68435472377728,72.34487162605052,26.61585135471274,5.659589815513867
19.26469902571841,72.82634803769237,79.5093759543235,79.62048408123468,38.817819748042034,1.7377041059872775
18.950441226155643,72.9667602645366,36.72778105302133,24.087555207346984,9.234567106914998,21.37847045124071
19.11706486329439,72.78871285611002,64.67072348897388,57.90418972290891,25.769568048206807,10.883415057661717
19.03698892492751,72.96828064366426,86.08776016303547,78.35833909514459,39.83261966989421,3.4660431842546195
19.258179339624537,72.84856175011066,71.3066840497484,49.94004644653665,12.102402004777625,7.072493756636346
19.21018951907538,72.7971664101863,46.26115245338384,31.787606262507154,31.278104982156094,22.922233764886414
19.208766214357478,72.87613859034913,66.52881050946056,36.38960146184013,16.61878610010267,8.850592171942543
19.069960489712788,72.82907888704659,42.76451687704959,43.889873741891705,26.913847943598046,24.040216862942373
19.049729826927592,72.83485030959295,51.18191648464164,34.68261896583713,15.21769840222496,17.145258515906757
18.996626560354954,72.83945512179031,82.4946045540446,72.35536115035306,32.067300516036894,1.0
18.915126754690103,72.94128696631624,67.1606200202559,44.06116683476023,28.075244115892964,6.544350274282539
19.218677579092486,72.88708508322888,47.578698186366886,34.33027608968037,20.387730503066642,20.36761900081156
19.19921759339903,72.84028042667597,72.25638163729369,60.83947717233319,37.080119549750464,1.0
19.269371080531243,72.9017050192657,53.78868725825441,39.27461314894818,26.392877024407664,20.327120270114712
19.26821416337641,72.9234414488209,50.710166449054434,31.57800760540054,20.11522855441998,18.83673413204621
19.10253259180375,72.83233419542267,58.17401070013654,48.92475809784663,18.00957193919222,11.831502213138073
19.182727138642292,72.86128239546437,81.69608191189504,74.30363695389735,41.99955881139416,7.847937880570134
19.248735499268314,72.80137029280586,75.769592669323,72.91557781984524,41.37120462377233,1.0
19.213016612970875,72.81354388420934,81.50737859717846,77.19927068702528,32.304307213858905,9.482869269050923
18.986840882840657,72.91624516453113,71.11002526095243,69.41934845644438,38.65927283912645,13.514837550478807
19.063145158963714,72.81360324891106,78.46275783962908,62.07267197941529,25.364933723976478,5.702503856008738
18.942458608157395,72.88420969903765,65.65572194364799,50.16746510635171,20.386416343245944,15.899508004726083
19.25222231878171,72.92198209237483,50.739551578215924,53.67880805179557,16.47794059503559,10.018533825389136
19.121587601816312,72.79828717659596,71.74827442159057,35.19440944792119,11.607372577874287,12.910916555754266
18.97981666064406,72.89286772325117,82.61074984811745,75.796648403866,38.318856641375454,3.5407387792676728
19.146193976858427,72.8290349724954,63.65324092581597,56.590310002494576,25.008292231273664,10.659202567962957
19.126076425920868,72.97413310554036,74.57461779063945,60.21232019130174,26.571636199962885,10.235127290657429
19.02845404295705,72.87566077079379,80.41870345759673,51.59264157530944,31.038734042907684,8.313263068142673
18.9365998038016,72.94189636260833,68.11141337741522,57.33738348816854,25.891467779759264,9.67590469768655
19.146146102195605,72.8893580602703,51.36242815742016,61.511721631283436,31.532485811638725,16.582007878386637
19.08934280799724,72.78525060714263,69.29814870052306,38.680601126053446,10.20937131594317,14.44731410210834
19.183977988623763,72.90639210639333,71.57991940117532,69.80731912851365,38.558662698184236,11.218198965729666
19.089288658019324,72.97176599324105,43.91347982639359,35.42945309369313,16.428761323814406,8.758876788819492
19.21396822309037,72.89991339284126,62.05812619741288,32.72379264149702,15.50996749380753,7.318444189093313
19.101208932050014,72.94460708915358,54.72026327622027,25.761180655895455,9.55956860821657,4.0525594071303885
19.104600307539954,72.95796271277194,52.315856068883114,39.13953507442352,13.486863516533212,8.69759244220993
19.223157999197063,72.82318412039477,68.82603188387647,51.16539756126964,19.230801424592798,7.157520573117044
19.045472687661512,72.81989029681216,67.70504741947254,70.23982099957314,35.01710771303404,11.134404139751869
18.9442820655954,72.90183796531531,78.05500207679226,71.33941397312407,43.61117774683675,9.839874597555765
18.904765085000523,72.86076461863958,48.97405856109613,53.95996583244135,22.01203533825049,15.987405267762902
19.177526119819184,72.94885352945902,79.68755475120454,59.50900564512265,32.21408051331826,6.299358917848022
19.126895552879027,72.96121169990435,56.11504354856236,37.834300007896246,11.957358099189467,21.68599732572688
19.158352986556505,72.84893122934015,84.1551301366117,68.62242327216968,38.343038759373385,1.75090586809067
18.973929008411908,72.82498988430702,87.17374013313176,74.7558425581933,38.61954699167606,4.238466636240554
18.945166884698082,72.93666503897657,56.58993715676325,35.022669059552925,18.744941473269495,8.04653538401848
18.899418420123936,72.83278241919513,65.08680010855706,38.02704442422976,18.342621158730257,13.070753695622322
19.02560941537683,72.94531073154464,63.890598042645735,34.54555323852068,15.646962957152217,6.147235361012616
19.115482784726495,72.86337540524238,81.81846602814176,65.31206929301952,33.4040244341037,5.943596065097086
19.041252279937872,72.9134580963379,53.305504327683494,46.905434771980765,23.655787820818045,21.17127929282143
19.058237401455813,72.795957434259,71.60849405377135,50.69640249413063,22.477697870647322,11.19952128332531
19.23348672503564,72.9044833751081,79.46243922491236,74.15017526108801,38.03324744088095,12.15393136813223
19.02473366710432,72.86913308361164,48.234626918322505,36.47385923647832,21.969986441249944,17.1575010084386
19.086970189964035,72.89683147076741,65.97409314078293,35.231387091402475,18.213990068295907,6.020431977132459
19.18823437117106,72.81084572249101,65.85594266708206,31.938353758201966,15.509392966079654,10.323343611351184
19.042866543888675,72.92769828875457,49.40834766449176,33.98972660023868,11.2506062504729,16.45789509398258
19.12756290871292,72.95356489308207,63.72925750229726,32.453221172862115,15.60217615968072,10.959711729099615
19.217791851090432,72.82085471440554,83.42268486385072,69.00320141223345,30.56422418167795,1.0
19.250521059356227,72.79599425327945,60.05358369572981,50.18095489599448,20.50059692494356,20.639773050117554
18.94918570709521,72.781188731972,64.60838067102598,66.07496833136301,28.586212065438236,3.0054123273585054
19.241909248294455,72.9082038967493,49.05366459751807,34.141323541512286,17.81794221907269,19.137651668838515
19.078756356435374,72.90103952497019,63.81387432232118,64.93310884639857,36.08832697952768,11.161620002982204
18.990932661816217,72.88863312238136,73.56742048098022,53.78384979208362,24.322421762797596,1.9350168657365554
19.06637148875047,72.82397852872221,62.50338937300569,24.535390380782697,18.871445829522152,12.095858444456349
19.26197892268749,72.85663115060193,86.50825729315221,74.2681823891289,31.85393719473111,2.762797186445428
19.07894479296525,72.89844765363043,61.484395925462806,46.49399569310267,19.265364619903746,12.393747445740104
19.01740956907097,72.87837661269597,71.427968393085,57.00932836068164,25.505554063741574,1.0
19.131811605513445,72.9792394565277,46.97042513797574,45.733991760280524,20.132065462863068,12.533434563804825
18.984136202836396,72.8043598399913,65.75323942641594,45.21561655783713,14.472783674584822,20.38697932492262
18.92244483490303,72.91912646614196,66.78331289499765,65.12073263756274,29.268316643189664,12.277276062136337
18.942353577611748,72.85938634190953,72.41222284597832,65.17114386992763,39.03936405557596,21.21587801385993
18.942040437468343,72.86429183799974,64.07280111162962,40.32716528330248,23.2127280299687,1.0
18.95099917541908,72.92373870383155,86.48321162962347,75.18234471615233,45.68511055638051,6.134169658389674
18.946089049286893,72.91857011824237,61.24672663021105,31.748212344750744,12.439424082654117,18.589256452356942
19.134618204605875,72.97995234557433,72.72937745610776,65.7717461265223,36.36748737366277,9.575185825094977
18.96225630023361,72.80270717716536,81.75724627726201,67.98154673070157,29.883349082232407,4.623727689205606
19.02376175106742,72.79771873568306,65.67691600683646,64.8787755888311,28.41391188926301,11.239304003039576
19.23071903208211,72.9251234202899,70.0746199715303,69.77444379863346,29.964944416996243,6.7212613538932615
19.07193891213233,72.89514263775033,67.54494719282268,56.13898815647809,29.06146166412648,9.690604075227505
19.144638215748284,72.83264985040171,49.52886446270578,32.65000006317436,7.247291883960498,17.826219145906972
18.95866624419357,72.79264696939055,82.09171874936142,77.6064850587604,34.94453845639629,2.8826751411023657
18.96616506848754,72.79392853216997,79.94409903092816,60.90057893226384,26.726504689932735,4.364889974016665
18.909303603214695,72.96001366561457,41.58551176951783,27.655029451192206,12.180068224506172,25.898644833714975
18.95739517935239,72.81574552244075,48.52097005390703,2.9961499682505206,7.1804275259604475,10.881170111857717
18.99857298340845,72.84275853111774,50.747765248237144,52.22080817364639,23.412447983137536,19.250223205662984
18.960427665560847,72.82289173819166,65.43720399376502,49.42345699170997,21.26214860571036,10.577707088695053
18.927266219827715,72.84925474366061,86.6828527563649,66.31002147611191,30.7105801428375,11.939845815310948
18.939257842633634,72.7905937333696,70.56134112740975,70.86712619208689,33.625676538826475,6.308000610841498
19.066988473361032,72.88295592647931,60.505821626057454,25.91033275883833,15.998844325041249,9.06260064932161
18.9714391411026,72.79022166855657,79.90122844598373,62.40945989055268,31.328723118419376,1.608186451263288
19.030747400355704,72.94073863223258,54.94903476906465,28.833938162262967,7.763443424476852,2.6254509083071653
19.08300010526005,72.82434108416167,66.17928187192481,38.17878908132184,21.371906216499895,8.893413595329099
19.153214011244312,72.88725981744443,49.887722208218015,43.025086354552315,15.573716977688523,13.047067074777786
18.908719114409198,72.95711488581098,62.579848760233695,42.83256602801438,25.960345070757032,9.186187981423627
19.194151592703523,72.9100333002015,63.33968265280513,59.43348543917486,26.16958693294505,14.221072366234342
19.12974606821182,72.88581079020334,66.69108460818879,49.39076426374,9.339627192374863,13.882536434876583
18.924658792556954,72.84295618006307,53.7097363023106,42.766801524151965,17.52739926432953,5.017231028746174
19.22200328171389,72.8447367544718,68.62426788409313,62.83290754413509,33.509318202023316,11.210399352361408
19.239763064283906,72.91385599764551,62.25408097874664,43.470950815847544,17.482409143164034,8.618741377461511
18.916892626023678,72.98054463395492,72.73078724251424,56.80551727689659,38.39895712011581,13.88063939974828
18.997929832871062,72.9122850281025,87.5295493395253,84.01850374134368,38.865980345298986,2.353567103841242
19.19670170768853,72.89091035957077,57.56116280415879,43.359768296349024,21.618746222074886,20.66828942930345
19.174943453062717,72.92641993988605,70.41330002116673,57.57816101357273,36.3663045485476,10.784680838462526
18.963248025449214,72.87189344345006,65.75332090105688,39.697429447932606,22.947159332026864,1.0
18.972571562574064,72.7886871693765,45.728279151713416,44.03413196421891,22.68789806208867,18.4232265077896
19.03307646927627,72.89183748158196,79.54865609087719,51.55301963027833,18.720234789290664,5.451418648950139
19.075904913660423,72.97304407662931,49.641972592977645,55.70828747552002,31.369856448860027,17.77344481160327
19.12612394093244,72.81234294155587,57.6439772688884,46.73426285541069,24.844934436639075,14.151917072360495
19.03249123438806,72.91807069965037,71.17870876571611,55.52539147229751,28.4405128182223,12.28898058785785
19.067647867869677,72.81760789412274,55.950812172731624,45.86788408005027,25.142085282119712,11.126726509321122
19.174647260423455,72.88640031171987,50.41296979915923,33.71496141417447,20.624578024599387,11.803415141796759
18.90773189469108,72.7961918412424,71.32071063858635,62.47394498703098,30.13874741584672,5.38040705260664
18.98875184755854,72.86884617105694,54.08995156717613,68.28096623308372,28.862285667548875,12.004585732012133
19.16183399316616,72.93166066828668,51.38622955592548,62.46524465647269,28.682018630841966,18.23172788815337
19.230125119291717,72.84772957843731,64.15381788423741,64.60362319725961,27.4379890148298,12.78696480584215
19.086101968901996,72.9129161743414,52.91408353011812,41.9710564665501,24.839372265450745,14.37012085749033
19.09377612204357,72.9397307514206,62.11260937851149,57.159895903856295,28.737405763238126,14.816585568129614
18.934201887284317,72.96678969537727,55.514549652074614,45.34094206279957,16.583070095220613,13.30270909507959
19.061969115695728,72.82453212056538,73.68870606064745,60.88475936775955,23.701494456742324,7.9717993641638865
19.093965302207824,72.85835867850392,57.50247695325237,58.1716701894151,27.176438372729102,20.27821251940472
18.985009244760164,72.80764161158626,71.15069503596571,72.32379582697143,33.39601168674937,7.3850329572241105
18.995062952707727,72.98020449483761,78.93610515418696,54.30395593674258,32.953718873206164,7.918118426524076
19.035634537571127,72.96675336732665,83.05546355428352,71.03431086016974,34.576143236220766,4.565426666686043
18.90149374622509,72.88724856389514,91.19396562568049,66.77344087707175,32.54178794776167,6.485050752136843
19.014903929299376,72.94929969018098,79.99958440327973,81.66478552590011,46.02542310899414,6.465916367514794
18.973359661311346,72.88334584338033,63.44483730147862,38.91744343066621,19.03442649038634,11.835554633943106
19.016938569438526,72.90442716589392,74.71348373309311,58.795533149018254,31.036821942379746,12.348345664836092
18.93892973562183,72.79464053978532,59.73013554378705,43.08339343914264,22.565038909021624,11.52589202620508
19.228367849727086,72.93147725106155,66.40115066287149,43.04180357601513,19.822106749769944,11.237692171979015
19.116862734954843,72.80256732909767,46.84958612623264,50.665848163180854,15.684022922565294,13.959169329563046
19.148973442436297,72.94602009530213,68.6650134963309,64.31841102385417,31.278643342127772,9.81543304516328
19.190306578107446,72.93697369064284,49.96524049117496,23.776632105265918,10.515304420030764,19.376343556540544
19.081131863762938,72.92192014645921,54.84756413320294,29.092581936574366,12.108123863512368,6.364461435398532
18.926596950042732,72.78376090264568,54.437865072525035,51.004764878589356,25.694874867771038,1.7271782244865932
19.09565111713697,72.83860026280068,53.88636437372789,43.3101561676733,22.553189446996267,20.55982879014371
19.11432747005976,72.83038040010452,78.31693294667703,67.74012440014003,34.15296314659729,1.0
19.173884404065436,72.85031060020896,76.96473731020812,46.631411915269,29.591434899509018,4.422216189792367
19.05605360862994,72.79433617864787,60.405946601038146,48.630122230784025,30.211357788442644,21.891629851731516
18.941865619095942,72.96879865969683,54.18416924726891,35.89565769464163,17.422990309502694,16.808702933735773
19.00052027003349,72.89009256417705,73.73800595816172,64.478763596714,43.99824099321728,5.118380136736151
19.030301445484763,72.83909242903597,50.578079445903384,30.101027836970744,19.334201025837665,16.816817248775298
19.136511765423464,72.85787915682057,76.7257876469805,65.22341846744392,31.186554992347652,10.192391213582447
19.10829555435842,72.86819533345907,60.37898255764834,65.52473702420062,28.927031235098806,8.867113745239566
19.027678220557522,72.89970438528444,56.337320776568234,21.019161122152493,3.669210018416301,7.566430986460021
19.264413299484364,72.88226154747998,51.528699684484835,39.3184978882957,16.788836058711503,13.135762670214119
19.121437463052306,72.96519036187382,48.24260470250687,43.81918446411061,37.35904027048723,16.928246294498912
18.983040123446095,72.87841700232283,71.16714443472526,58.9565196239924,29.38878492695445,3.767856426263436
18.93217800500965,72.98013763469393,66.5525473892263,51.14887174516605,21.06099290347266,11.73012367890953
18.951358340376068,72.95122888340768,64.73826242263222,60.32262538862132,30.30846565269842,13.161743502890172
18.986318769141814,72.81916429156196,68.66203584592158,74.67359612153756,29.54643438150121,23.56886730569489
18.954295749627114,72.96749168131369,60.135570244932026,39.74753949374936,21.413819257961382,5.445105108896666
18.964016342155258,72.80023646180484,64.83997856110358,54.607270560300506,31.549348309811208,4.17541089513208
19.0010156802955,72.94424984059457,62.74735894338653,69.62034310227222,26.07406321630983,11.64889754033083
18.959061939191884,72.85451892414113,65.50750416094719,56.838384309609886,28.395166223168506,7.378940969709171
19.230710400638426,72.95668253402138,64.3332786549556,49.08428617340831,22.489550673055504,19.794509064514944
18.92408601628773,72.95464529902677,62.38543690027629,26.526624983288336,6.808114617394564,12.927218178303711
19.090921379267115,72.94188256902785,49.979236552813845,31.565172923569556,3.606024802870335,18.42704507720062
19.04806902166957,72.93861749708923,70.28964758915741,62.21569814753012,27.86129719691311,7.514529276650913
19.262859909410828,72.83891881769739,45.400745079068045,36.664349153519034,19.135121742618317,23.190438494704985
18.936029504561596,72.7929550749876,74.86208810394128,66.55001621705162,36.63813691288557,16.394901822486617
19.043359533481457,72.85911137491112,70.13455719661721,44.1420664711269,14.603484344297733,1.0
19.258012621838784,72.81197762500821,64.89341132757733,56.06948057712436,23.58285499726179,13.670032664689057
19.21897226866927,72.91908672540244,46.03117527611314,31.644250026139943,14.317223451103862,13.033462279750141
19.20078391261891,72.84742724837662,51.30548747098658,39.254555562872355,18.834021864091117,15.696251440418838
18.990804398563327,72.97673845721474,72.10296653001285,59.765598310266206,31.68464273465741,3.8158846050836956
18.95812839226051,72.90799859975392,74.80514193321217,47.162677030254756,24.063184715427358,2.480316146445121
19.14504583626763,72.94528325621923,59.66990866300321,64.45858597137784,28.54239346819913,7.928103157435917
19.242956336125186,72.8035556219136,58.4523905518689,32.29017650408445,21.64840797665028,10.560217673710735
19.103032479966036,72.95340413588326,58.876807030235554,58.0194990149349,28.658647699879367,1.0
19.10860888295608,72.9658816296679,48.08823360907809,31.721801922961294,14.942234587646624,10.083587080177587
18.999094489240857,72.87638306758515,67.27282452801633,52.95124826093098,32.76371941226229,11.848433253735507
19.182916971018702,72.90086675033459,85.35632210470519,70.37967738106612,33.19730410112049,6.823959575917815
18.964195361980195,72.93343678765739,61.205491264817844,49.78428115010147,16.130255099345753,7.334706803577957
19.015504788694138,72.812247564038,61.686312128101946,40.376500427500396,17.355090590652985,15.723304482786379
19.053716704147455,72.87956786187976,75.3375123016748,37.129569181338795,26.931994018784323,9.607479991385343
19.084574703208776,72.85822456518136,80.73001605406867,71.66116167191623,34.08132211706748,4.767911345757803
18.984986423921377,72.806400486787,81.98897031530142,73.92720830061462,33.95797138696308,11.232891506685693
18.93708018184448,72.85183026712222,69.00921382871621,48.72436778952913,27.877509628470072,6.658809879300339
19.123256943647704,72.79033664901857,54.37743113709703,64.04013181054358,27.957337054661863,24.213257806162453
19.002343289668058,72.78163516577197,79.82043645738257,71.80821778232126,32.056141568649096,7.684090944614525
19.11222346752773,72.80409825086987,59.38113049902446,25.967598661304955,15.218707915701737,8.992731724567513
18.951922964021126,72.97417177220464,86.13831361675504,71.24244613135262,40.68845186509513,10.220346504483006
19.07463457161857,72.88921488438064,78.69867915513848,66.88807842959295,41.39605705766467,3.5446552600957895
19.093954850006487,72.97472784214436,66.23602211541474,60.526174064116276,34.95670511324894,4.0134992933284614
18.913417400459327,72.86517476792612,83.0372938005973,54.25579710550832,29.46765066341342,1.0
19.02035840684952,72.84038486688577,63.8343666287982,45.273954974661976,13.09891845254699,8.107694315818891
18.944432066691462,72.88030238382625,56.01681734253153,55.75524934923998,30.272640391583785,8.888406898755001
18.91775520059942,72.86661551327637,68.59870045446559,53.53514968177185,26.390508936354927,17.71509138081815
19.265706961447187,72.79803816394997,58.96488781212084,48.33769536982132,29.526427362815852,4.777863505411753
19.01500707704183,72.90796865784525,78.47844678468655,43.72945290323989,18.245707729861593,3.8949902332891755
19.198081056844554,72.8207105912793,61.498297829446614,32.24890387839116,20.2256139307255,15.637041669857648
18.989579385997214,72.9036059695493,54.34620392994587,44.57036890736579,28.764319812546354,16.528263960955066
19.14987484300089,72.90989438249551,71.47185695545471,67.37785063338467,31.873267082606944,12.830452918967188
19.179437746059705,72.80756126121784,62.85517707074648,78.14464103473043,46.763972712627975,13.54604026931718
19.11763115769243,72.78893516432774,46.630774058898545,44.52908909932863,20.43814025864489,27.950606309954097
19.07104312611245,72.93671353158304,74.90230340874871,48.98651986240224,22.78671070015188,10.202027044656342
19.04861130600104,72.87078313394878,69.49164693578075,47.88512952133771,17.550801616657232,4.675366114640566
19.024963785886357,72.78828074513565,42.907849040345965,32.899737251384735,16.725081412097584,14.745656484888634
19.243013849012517,72.98069396197458,53.85275909676536,39.75183108687468,18.323960586549514,6.105164489425237
19.20587121532215,72.78820202282735,80.68521404189605,72.2713170779239,36.304274053568825,7.308852171027699
19.256343988006943,72.91910400905358,46.89783321646289,28.806336273094008,14.76393432065581,19.62183618914194
18.940632755511903,72.97839589827244,67.05486149594344,55.92380083384536,31.0848119635089,4.378376121798747
19.168412319722208,72.82546430069756,76.63824392476963,71.93913207014786,47.65870476201543,2.7047428140600145
19.246322677515664,72.80555322519356,72.71663685981686,62.7058545007112,27.543549105496805,10.112357817222572
18.962013331623062,72.80126734802393,70.28584664287578,52.7876970316773,25.821486656844336,9.653025544137908
18.918927311569707,72.83863041607516,64.88852492503992,64.62606141657132,25.104804975731593,14.666957394395432
19.172262596781728,72.79708937579166,78.72443807798646,63.32762586738749,27.652815893517847,1.0
19.109683030697877,72.91851366808477,71.24107602149928,57.210155727096655,14.44348627120206,14.425658640427704
19.210080563162656,72.78912870085878,82.90883289787209,73.16031143345859,39.53387739428092,4.02678147436423
18.94644399275689,72.88097620116494,81.42862375164131,50.81340816514218,31.85944521141088,9.89719562510892
19.192595778583282,72.98106998258262,80.30675059068855,55.538122756113424,31.392020271672326,8.150402093775636
18.96967179203799,72.9435351098957,66.7153991539736,49.612962124043094,16.426775966526037,10.527442620572424
18.9554127614929,72.90270860851393,41.074942113596066,17.534770922580222,16.66457491976441,14.618719168398258
18.955641774571944,72.83924224064069,70.05171364276943,36.818229859675895,11.693488591615242,7.006484040940637
19.199846106228648,72.90449087515977,57.79583059989629,55.0038063437782,32.32268259274899,11.134027307822704
19.143751792914447,72.88459548583013,68.50004858868654,53.35163010359124,32.29108103942794,11.38632192556669
19.090378389842012,72.86385713134352,70.24974220509156,45.43598189005267,19.349040416728954,13.712763154871368
19.028704802813298,72.80318293739327,62.218155267543956,46.00334547710069,15.62461573308023,16.447117388216896
19.223363385686408,72.95845524817572,57.51228364615861,64.6844469585404,26.531894377988788,20.65689866267025
19.0413277829619,72.86872573852995,69.62758279410906,37.08722172973236,16.02441459542778,11.914987759661157
19.200606429810087,72.81631148057691,68.81303872048261,43.083775053542126,20.214084964178358,16.206597651907074
19.058860760433742,72.85187647094013,56.46784898573954,44.504555591366426,23.217318747343448,17.882654090796606
19.035506960609855,72.8614016701806,76.98702745935098,57.9538890183305,28.056782513170237,1.0
19.067702344454542,72.9463221105868,53.63676839385618,31.721753086946485,24.69599901545255,8.587745922177028
19.007130169995055,72.92702876479021,53.26224408424025,47.58767836156998,26.48089919488689,17.232832949783806
19.174699248248476,72.93436014937977,60.944736949639186,38.19354915303102,10.079755905379209,17.182193794518028
19.08273841224772,72.77859899269824,60.54873002941244,45.125461032651465,29.644789474827196,15.701580924505064
18.98115722738788,72.86181748161309,48.424185427455406,32.33616075017017,26.343125921759032,17.263777541115253
19.23176529354335,72.87520854958024,49.79056431657975,47.250674397165064,23.1654948675673,9.653258861460412
19.03811562339568,72.78027539113974,60.35753833139398,43.72498216761753,16.66432136968487,13.998163451680838
19.098071842181955,72.82970266018096,49.25798411230998,41.26476357887552,25.231739369209908,20.3172209667565
19.234355460345462,72.93250831416154,74.75359780188326,45.24175727671693,25.968991800259886,10.89903300665489
19.12837076434462,72.80449745875717,60.47755598711767,55.169325482488325,22.93898103869537,6.186632274189909
18.937854210695825,72.8862939983074,84.0258548219953,66.25721754265332,34.662100639623844,2.0386596128085364
19.246882828975394,72.82053880014135,47.52179385630132,47.80201314170656,19.848363421745148,20.028339528023533
19.129673841943404,72.77882279498385,67.38330780180065,46.043605710057236,26.474955703812416,4.348805965736476
19.019720523868834,72.82587951801354,58.71470529795121,45.91085788494677,29.122459324236733,12.34714343200779
18.94625611836259,72.97679259530172,58.76688162822477,43.57029328487985,22.479307056028993,4.632824869686812
19.192129336087376,72.94098114660599,50.38469015584918,37.42200095313834,18.13820333920657,15.30506489449623
19.126806631342653,72.97344491618152,71.4016302416564,75.1972074152482,39.09626622284016,5.698201282361717
19.094282175989495,72.87654578236015,82.25964591332709,64.15691108063122,32.23725282322286,5.700473929068806
19.229631589733586,72.79887451611943,52.20913430381338,25.93122809884873,23.41826355928243,18.448420619052694
19.19009101905764,72.88889237240727,63.7353553743818,48.63554519978105,35.04689722527297,3.1547137769184586
18.950913626674684,72.86966914736729,71.6649007868141,62.3961283794216,34.319503972955005,1.3746409414522436
19.011014626759618,72.9497770323295,57.155969800551695,41.45673389108878,19.433672962652437,11.913912054790893
18.987269366027697,72.79648068237309,67.91733442279926,40.47977362005812,20.38623172955319,11.781525172549038
19.17332368376004,72.87662529728189,59.00044021314609,32.81624050257129,13.832265755825556,11.667273451286423
18.906548716658197,72.80715532148244,61.30190742108755,48.678366602710845,24.328119954002613,19.449452928890334
19.10796185940772,72.84302646786008,64.28488126554723,44.78139403741716,17.87665238389458,14.760859111545763
19.180275466898685,72.92779757273014,73.07423341599215,61.42489994710678,24.257733721927305,12.692796159674852
19.22320007029959,72.87411450205335,82.3620915575145,70.93238072639545,38.07343735849537,11.976217900525452
19.02241530931867,72.85354628003735,45.37904541869438,29.896399967877777,15.172290969439727,19.052654388309655
19.202355553679087,72.8573645420006,66.49318828891153,67.95334213616889,36.433898622556455,8.906638358717993
18.935501085177286,72.8707104876555,74.48125697941745,50.97930768930834,18.40497180227591,1.0
19.211816787818293,72.93758756586055,50.351677141242135,14.100009726070908,0.0,8.19714798283858
18.941831206223238,72.95958102242099,84.73775470500361,62.79407052778812,31.07890107665725,11.651886925975658
19.043146121994873,72.97257355229554,76.42146616477528,52.156900668575645,22.24822432228582,4.767224898075881
19.19335735440522,72.93797515253932,79.26624813347244,60.14502507778505,21.899044945120544,1.0180758505995575
18.950253667276723,72.84112246519352,70.16461513570927,66.09142889703188,29.554405204758975,9.571493883010287
18.98004519856346,72.91768653471811,84.26411856900938,56.09566878974422,25.227260391814134,2.8686014222449896
19.165177245609247,72.8662234645294,84.55878089191226,61.01266314133494,30.6942058673468,3.05891158848586
19.16434508022205,72.82864629316289,63.64635964144471,40.5717014046729,23.35172071179429,12.833439486807803
19.134720679674903,72.94906105592356,80.11688801591923,43.8167376960269,17.478167613121563,4.302036695974856
19.154548466840506,72.78422636768526,68.13439020188787,52.22657984153996,21.84986483960578,10.516124240114902
19.09776075432811,72.96156889049549,57.58715308763978,49.883978645455244,29.928317161021987,18.633304286502536
18.98851230850027,72.87112762413462,77.71883466323881,68.76814892570432,38.3758147195977,7.5622099096058
19.02377253232859,72.9072240599593,58.25302837072059,44.02196754046486,28.353899948469774,14.981155270561459
18.96215026541213,72.91177451560685,87.37150966067331,54.102153557665915,21.858295248653533,10.250693973483418
19.235098409017283,72.9602040582661,88.42960489637127,72.18694863435738,22.576734081641902,5.167897594869719
19.11303217846647,72.90711482109721,73.07261030022462,41.054409984034855,19.540366956969983,13.914262328168405
19.04448452444879,72.90244447428027,86.39069498385025,73.71297922568486,44.5586958117258,10.359540406287298
19.067449250387345,72.79002436223779,87.48143980996352,59.841402288151315,27.276088632149104,1.296174596762675
19.2496809133327,72.88282204303188,62.20540065596785,47.98940168703145,24.40690967668994,9.4917859524187
18.95154319557385,72.80718004038732,71.76891319405738,61.66646302238312,25.324359696492692,8.394437173634635
19.114097919633863,72.9278133263188,56.36742475208903,56.21494599388461,31.533923420497146,20.099819203968902
19.083928169639034,72.88155132197468,56.200116030208235,44.367412598163185,7.236741193265525,7.690747265835153
19.123570200217536,72.91606232937997,52.76016720705998,28.999210940586373,25.214640743217736,11.823127516196323
18.900757345283495,72.78489325971368,44.75555553912798,38.01342099211626,13.25158694876946,11.75049367611573
19.22145700634866,72.79375059437206,61.95079547155215,52.01102302039578,24.655752026072072,3.697506642605621
19.243986123497386,72.92347692692059,66.51501143734438,65.88048155554677,22.768996480218767,3.834250411451073
19.10617569566801,72.79114023992133,52.53157455115493,35.9470207147677,9.146572422233982,22.945235067638475
19.155563265707663,72.79097023636226,61.776855700079594,55.94032403943335,30.20642279717793,11.4270372682176
19.24037402886939,72.77882026849461,67.20105342047648,55.79443733636887,31.305935712260144,14.652198402857564
19.159539205576685,72.97281321298239,61.07628251836506,54.87040982180932,28.116078284643805,15.202981854039072
18.951238137664685,72.92782864841244,51.203181574293176,42.88906058591479,23.2715015025831,14.443234950498251
19.110364693154022,72.84889631470315,78.04289613223438,66.54106275998551,34.43483443981563,1.0
19.12179053757521,72.83724600469799,72.2903035170948,50.2080633076467,21.302213447742695,6.344851034706513
19.053226361752806,72.84816746378985,74.82389942031018,43.90344707402588,22.123632648302614,6.969010184999062
19.170506507583912,72.93545884243434,63.082558775226026,68.450847891562,36.989950088778414,6.392272336213982
19.24483056856957,72.91218877475833,65.34384327923003,63.123352024945106,33.295164154980874,6.971267118017341
19.241526550751008,72.81437504017127,60.54489074969513,63.79748032830556,31.342145920163777,13.331961445196992
19.063256026169366,72.8120977561723,44.45185670346362,19.674604058994998,0.46745165108527154,17.586525836095802
18.93647980759314,72.7965449915837,77.33408822401682,59.71772219842395,31.787610940120448,10.313073525291484
19.263784659454934,72.9119694133188,81.57896449520418,64.41606726753481,32.99670967182581,7.07134531531049
19.20898002887122,72.9333469925966,50.91732703577603,35.23596803224049,16.041652346538967,16.065054027215957
18.94076999237679,72.83077764459759,59.57728791494513,49.76998111154802,21.23717547708593,3.2426853176363384
19.239751604181418,72.78063541964264,74.4402176714966,52.52305975680161,25.072494691271107,10.000091135612607
19.22062051682975,72.7932123341605,71.33707962998827,68.70492230025388,33.94931710787789,12.596934241284739
19.08879092663101,72.9751464529877,49.782352320886154,28.195455353862904,12.030608823749246,15.227275372152048
19.11599264726865,72.8370219366879,70.44218929365888,58.76375396889957,29.584699724926587,7.1537901045028445
19.043790294858663,72.93434335752474,58.57792458140718,46.05166861077157,31.74875365576203,16.725790432915133
18.91452071799127,72.90464857932798,59.73486610382827,48.42329338808599,17.30279548162522,4.277049379479735
19.01983003578149,72.85478932204911,75.22476588101101,78.0190386568265,47.416981615503325,3.013225759993051
19.19544452844425,72.81858435180753,79.66290302855168,67.52981799956935,35.21774692772796,9.798855127414194
18.8956960195947,72.80126765177941,41.07827503564666,28.931718021502718,6.625917682950021,10.214206139276037
19.019192375703042,72.90266619633618,73.97739851473061,54.2289581029738,24.67769222156707,2.6794620730250482
19.043477106901616,72.9354547853666,80.46478356839079,68.02942671564179,24.30687435471979,1.0
19.09575966551305,72.90860091419327,54.49695864719817,48.062058905925845,24.019500516108796,13.592684661669786
19.239381241003127,72.88526527785244,38.01610375211034,34.549045577405074,27.952456439089367,20.005339970413612
19.024016620977303,72.78495043153681,66.9659793365675,41.68256287699416,29.23023021222459,5.794154941659307
19.02424463985267,72.97527560649394,78.5257098461677,61.17907374971642,36.59919522255593,6.48622925931005
19.170903437440796,72.94040127503581,81.28920723293332,72.09621339216122,41.639021781834145,11.60645087509732
19.06377370727191,72.83648318507994,79.96774154707941,57.90157909680269,27.949783276899495,13.005817286231972
18.978300315412834,72.97763409519041,52.22354143401247,36.30068077994403,19.462980451588642,5.811104028314933
19.063856913317906,72.89996880767593,62.04176874325585,56.585067477906094,26.414365435366346,4.863384924858497
18.946851298721533,72.89597164154696,83.73273761196828,43.7255529556829,19.517128181221008,2.8601215632355284
18.96019352936631,72.9299988261891,49.67561682669066,34.304424500422,27.112395430007545,24.26679768211468
19.081103915203016,72.94308309690543,56.4480151875444,33.89368090256995,12.627510619306474,10.950292438607782
19.051271694260674,72.9111838813643,58.30047398422192,34.873929748377,22.077417929143905,3.657452115853035
19.237499990192042,72.80264585178767,70.32505423269875,43.24751714223802,15.382406021774994,13.085084510385286
19.030042938193226,72.8458183888776,84.18713422277573,72.11211091209725,48.705694202308386,1.0
19.111979427590587,72.96697576501938,43.88845596077807,26.39301735892982,21.663136858166823,16.986839092120125
19.131384801531684,72.8224725282147,61.38300483500974,58.09152091352344,24.91659659057148,20.81707815249332
18.89887383688528,72.85278187528509,52.86014962184069,45.79864450701934,12.979338837774897,13.91444583654636
19.143128485708402,72.86508828894841,56.7016120856147,52.02756850306067,19.26415606222397,10.713521850234796
18.96081275529691,72.86659359566058,65.93922381462859,61.2052928844836,19.613079214371744,5.805430798383776
19.254858206151287,72.9022402908079,46.60404116000049,29.134551438906954,7.18596299944458,25.046659815433927
18.94978250185721,72.97005539474824,61.3115955514525,49.210485415768545,25.758729299556446,7.4116791363433645
19.049656458254034,72.82577501374742,72.89681992077163,47.06090625861145,23.32399632038242,1.0
18.926007150031726,72.80129126596354,86.29189571505121,74.99283004243263,36.16334995481863,1.0
19.268303317490314,72.81689649940982,66.98082526400674,66.9779261060054,30.056269287233853,15.722632696615728
19.082541121377094,72.95852112183893,82.57523346492663,85.11041760729549,40.07774808105826,1.0
19.11753587939653,72.90899255098697,57.65803733858402,38.95461086364251,9.31553661032933,6.09480986586954
18.91914519232714,72.83506268606494,86.77593671973031,68.01149013679613,33.331745807930666,1.0
19.175582130824534,72.94394114844171,52.54579045590088,37.4380397415693,16.570844978147107,7.730716531273011
18.97278045327205,72.95327174848799,54.43607064383523,60.012148592022754,35.04535878328594,4.332811048673056
19.23119439579792,72.95022016613923,68.94426612978667,62.18074604316789,24.428131282111117,15.172558324594736
18.97099074036362,72.96509475337083,76.84452188583877,55.00184480219136,30.95554886174572,7.03649097034272
18.96556374820748,72.82814721527942,88.14169493685762,72.83430232877147,38.9115671382268,1.8467482633065209
18.90768174954515,72.93143031531437,79.68328589811003,83.18770575374297,39.19531917908237,5.943750921939889
19.07122741526118,72.87093495110231,66.71904134917602,65.0158346052002,39.25381254704362,10.106446796137362
19.106066024783345,72.94929255374119,46.85892974017981,54.57921533567348,36.98477117182664,20.20572295708111
18.918631541132452,72.92597627669448,69.08627793953457,48.55181445904688,18.00510229454542,6.499033110419083
19.18518311838512,72.93582734044647,66.23968288926687,47.2095446452043,29.171133886299117,14.82388969894085
19.064175849868995,72.91111881196817,60.67897485313725,43.2692892661136,21.609111472920677,13.790126366182898
19.090875896133028,72.812779619395,80.06346811854337,65.44020259187485,31.917783536852202,8.617508031434808
19.059472047111615,72.88828997705866,56.46627396294273,58.70755564656622,36.08663613633459,20.27846940694837
19.04445134500143,72.97859942687928,64.6829721604021,55.001835881542405,38.72052431828645,1.0
19.104113017033026,72.96888703837354,48.9121803617464,39.45613265630584,25.41497181629749,17.323692754487006
18.952252494772022,72.7852015545256,77.74590515626014,64.72680899178603,29.305396599878694,4.140150715094236
18.96227434252765,72.81018851778046,50.17291283584568,30.814617836856677,3.978422695953588,11.035169336505632
19.217574767295805,72.80339213186355,52.111949692708585,46.25077634169076,14.976722344614402,17.147960152369887
19.249242351398152,72.92546052619957,45.53775336855111,24.899359377443062,17.28865203373866,18.333634776943146
19.03414190110403,72.94431878242523,46.3925112937532,48.09597021743667,24.197956302184217,14.79309972869388
18.9956267750312,72.82019154406639,54.71173035872255,44.94062644847655,23.65143145555944,8.890703043529827
19.135791630476888,72.88024298384904,63.77740850031909,57.139797290281905,32.9463489122236,17.57689120487051
19.047444660297842,72.94902643285043,75.15702998293435,80.7240740037215,43.15565618658317,6.670504124503903
18.903489696970748,72.92686179571892,49.15085103319499,28.242152630990883,4.7474349126884015,14.177714050186538
18.95259510143925,72.8877169266847,64.28006034527776,60.076945837574705,27.654090615568172,19.10156124735103
19.16281884936289,72.89759956600943,59.1771418665599,74.57120037049096,28.975026617488275,15.345173030844155
19.14139604812807,72.88075813592508,68.71516285447541,53.69806155968073,27.362258422538687,7.896470362537577
18.904131700652904,72.83745406390187,74.3919622165991,40.19733000151053,25.581378980631335,1.0
18.97731169723514,72.89239727517412,86.28068646923016,59.53706222270414,35.07481240391266,1.9488462258001875
18.98072992315215,72.91784071876326,68.76279916263236,61.970893500876386,28.660815878359003,7.481885807285821
19.146266099022565,72.955727063423,69.41214067643656,55.08364721931924,34.25272426588389,1.0
18.901358310992787,72.90703710662332,44.026486708586454,35.798161588527,21.519916998649318,7.9260169484788285
18.93305150676114,72.93267916109248,43.6740750694167,28.827488535340088,11.773774158841976,23.663123280007028
19.194341488337383,72.80921419493001,61.92092927469597,49.590447208116814,22.44823279188103,19.081933548336394
18.961003780766973,72.87114405938668,67.3605445322379,61.29917343261318,26.266101288210127,13.094136402086384
19.139076144793588,72.77824985935258,67.06391119399895,65.26721709177053,31.19581799512959,4.728797955662525
18.983399117030057,72.82700466229514,42.07542238277701,32.500367183006276,25.739620054796667,16.808310593098106
18.931298881529685,72.92555949644078,70.01408213420112,37.09702678886183,15.35645130108322,14.301208500533981
18.985272742750208,72.9800661370614,57.698573057811906,42.569274594455386,24.93350198239867,8.03541952449422
19.165182639383904,72.79670571891575,37.31648472520152,25.419091047975733,24.841863897022826,15.932104428999335
19.215288165551506,72.8588061556398,45.13965847304769,46.02363790770482,26.749043810987686,17.94748341320492
19.20572117865213,72.94067997807082,76.67107350887714,68.92486814685941,35.1700947341782,15.366312155924822
19.043107157634086,72.8182450819051,67.32074985604544,65.40353755200356,44.53884059613738,7.914950605573985
19.144836264527576,72.8903560524034,77.02582234047436,62.4734985597119,22.38552839997852,1.4573770296046629
18.970932405106694,72.92691720680958,67.21851065572513,84.95161981666058,42.41559214353063,4.230608549801216
19.00403958224148,72.90286595925791,85.76764652035594,79.4013077243149,43.74396768964389,3.2988073575788963
19.23054907473896,72.81495619487339,57.90786276441179,49.10181534646475,19.885377287296826,7.6429830386658315
18.898839088817713,72.84933449886886,72.63984407099738,54.58502626684209,24.188844400408264,4.734139405024959
18.926066806260735,72.93733598130595,43.33388255121914,19.955841987240134,11.65931043985788,13.314688428870772
18.972022150475564,72.89017971651369,58.86145299334812,51.10123402950845,26.774368648178093,10.257137701732995
18.903919986464796,72.77740724368071,46.15581912731412,43.41347456088969,18.78473239746469,28.415103826149384
18.96208932530264,72.93265229746655,52.7291444589197,48.711730910347335,28.524052439192126,15.027483686418915
19.11290065849612,72.78358649963072,51.643884037186645,42.099499690586015,21.96472209351931,10.335478073504179
19.05221015795077,72.92951827784663,62.534799206219375,57.103262874317195,27.260188120583006,15.582936594830073
19.22917312727948,72.81792564550662,54.9038173155193,51.62274116576767,21.936556462563914,20.369325989418698
19.200923415025798,72.97313614295545,78.02356613843985,74.91642862623144,42.90714938413655,11.955533729354404
19.022316022818263,72.85191373339909,41.834467726538875,27.050302744709807,10.395571283931893,12.55838499173595
18.991375417433837,72.8434898214359,87.6835394497994,62.70823766861037,25.61741125269854,1.0
19.036538882961175,72.80691691330306,79.8541836766014,33.436781548849495,21.826566843562787,13.225585068238352
19.11562445196063,72.83910884272703,48.79353123736022,34.53019348105092,12.226085082532938,9.77761076912721
18.994619992433627,72.95641065456631,59.10102925570276,59.715106185591466,31.63424407074642,3.2233526503478807
19.12833730994996,72.98099551613086,83.70889372260183,68.72097622348093,37.87187024949836,12.239493398282143
19.04769906833668,72.85198948636382,66.75975762046336,60.652716700187966,42.17279485415147,16.94924312485692
19.101261633377124,72.86848457706284,45.65374190420163,31.883513828517223,21.995263179996194,16.21751123849865
19.057731052284158,72.92465756280637,68.65545933777487,45.82756307709514,20.657267216829247,4.313804746281745
19.00453452925606,72.95837134934212,78.13076730365808,41.87449572791831,28.187683074837913,1.0
19.25012026005708,72.89815349842914,49.80535409389991,59.2795720863419,25.841420954408182,18.376625506994234
19.18070622962577,72.85675844705405,69.27740660560774,70.6490382774479,31.396018034332236,16.709114639002884
18.946571969820404,72.86109192174884,73.95130417464995,40.06906874994753,22.3869493556193,17.676331143016018
19.22008412854317,72.91922374937171,53.009836530464426,51.41993702929462,29.93922443699233,12.386316225243371
19.076997007282255,72.7769940812274,74.71470091272296,62.915147561492674,33.65332444924842,11.75148688253402
19.229879299519382,72.90360625354897,60.71457669832759,39.75851473543464,36.26125409328232,14.48574797544794
19.194318645640962,72.84935677448631,49.4705174527919,45.316833271073826,22.109096020027234,14.238410429082833
19.053632987805038,72.93947344190295,60.302209585683485,31.090568121599834,18.696182022625486,1.0
18.902394285895024,72.79543471877459,61.28130704606871,31.39267864782012,19.6064762617807,7.057521375409873
18.994850456334913,72.89715886276633,64.89784988879184,21.606341586132583,13.371345962392052,1.6976514362927038
19.097351351106557,72.87513228666239,73.41588918490906,43.16320048086247,21.78016934902941,1.0
19.131840657848223,72.90827661906658,77.6222087564325,52.21039382094782,26.901082490086814,3.234741750734822
18.990798712577718,72.7896549335375,74.2911922544901,67.31499521156395,24.754369241244532,15.226313955180913
18.946287662613862,72.89547065968644,45.84873059863502,48.36263080839102,26.185431222871937,18.285366456658313
19.20749001998799,72.891670637378,71.51633961926188,46.71252379717765,18.807812956547153,12.342598301802045
19.263619799098887,72.89150127362454,82.90424563517898,62.52545408722363,28.929952199477214,1.0
19.091364040103397,72.90029872077774,76.54799198574294,49.721582498250925,35.417272919623386,2.732775385207683
18.958425691261397,72.91528999955932,75.0161555542873,45.990964585869406,24.836407474994743,11.684505422052759
18.996213583408217,72.94169021786392,70.32818887382241,73.56576924762962,25.554955135988994,9.878559444269877
18.90086267605244,72.83175835813549,64.16923103617275,57.56069826831014,32.91506643648105,3.189199128840296
19.237294544989002,72.94581093711683,51.348864050973496,33.3370530572498,13.655405005552112,14.604255990230996
18.938174545522447,72.87868244009998,68.43223066955271,22.58521254307081,14.08012537670459,9.02833121516382
19.11045035514335,72.7921619649375,79.54947046234018,64.63783952086982,28.982252854352506,1.0
18.99686995350007,72.78836026840611,81.52912812940963,53.030438645267076,22.50590843844313,5.846692424168675
19.10206180059373,72.8449907313541,65.74448222334239,50.12218190842235,13.166110750445053,13.626903692074901
19.138578309944087,72.93756300500183,68.83923380190299,57.27252577453692,33.52398889654004,8.856548148466608
19.20554165699903,72.92170163305026,85.57675902641517,64.42760976144532,24.787874067223,1.0
18.971472019182176,72.93832673727566,53.08754316976008,46.1872269227085,16.666090846214736,7.56084965430429
18.898085759075745,72.88258808186347,68.86223489928287,54.69052328569266,31.319877212224128,16.08700505578229
18.945359960246254,72.86675669726452,68.54933181142512,55.30475010847719,33.57147034679247,10.97946370050823
19.23193205039612,72.80662203449963,73.7390904664496,47.449638525364264,28.000826801423443,9.199723910831375
19.222120238871312,72.84374887857902,64.04848853004944,45.98720551705695,29.24503732323464,6.116684760284683
19.118297466833546,72.86548730511228,56.89641856190364,28.306359639918217,12.361161942394666,6.806074988128658
19.119462991688476,72.79453290156285,72.15212837369103,51.8277967504484,18.466241608322715,5.115131245862223
19.143691504543945,72.82165011457215,66.67080344749814,39.04759669288125,25.46993065271955,13.334984702896767
18.959812110234317,72.89921774789275,56.749200698896544,55.97425335213902,29.841670629245947,11.808796981599071
19.237337031139713,72.92744960644299,82.09047362548986,67.36985658009851,29.45243927570472,8.412595747381811
19.051213516892734,72.98140905322653,63.49787249766257,65.13664288973163,37.32610833351831,2.483142796525865
19.037832971697515,72.9680089415146,52.43638200100927,33.458057090905186,18.257356388665574,10.612812555632434
19.088820836146663,72.90832585174512,72.76168214001291,54.80422526489856,27.330515418870416,6.08395499042097
18.91159328332635,72.86286387949143,72.08425298350045,46.86737630297904,24.24767124198908,15.849875653629054
18.956399413776968,72.90701369146022,58.6069637315298,40.219284828437395,20.653559233488526,4.7239239947460625
19.171103352657237,72.93771801995375,67.65129008193445,59.04096693391252,21.48919952494647,11.679402827036203
18.925049197178577,72.80064108782662,77.46781831680232,52.28374413806603,24.975452153246668,14.138317899921029
19.120452581722873,72.8605338178694,64.01334089745508,32.926613909544436,6.1214283776170575,11.242974125421544
18.986090220342085,72.94884140640498,65.36800526827743,65.26689621648248,23.806304620612707,8.355722338047327
19.04014508363285,72.8551782377378,72.19978384640478,62.58772831772701,36.711779674413485,6.672761380169705
19.002367016379,72.89380442853026,68.56351936414198,71.57044509204634,38.64037986800891,12.573941655909302
19.027518996323277,72.89706993714618,70.62333188564958,51.65849427229882,25.808882950542234,8.606702171054826
19.16397307783774,72.81422728177557,68.27659399712181,60.88097994758463,29.895514170235405,1.7865601993450948
19.00553189521167,72.85074177436472,67.30895591583757,45.79189790756485,21.820379952929976,17.51869636355524
19.10665315372661,72.84504680363256,53.40381636454743,37.442441961380574,17.710713011031107,22.242599869720166
19.072723285059006,72.78171420998146,58.66724930147307,32.84460841427321,18.646783682186026,16.653422181861316
19.143178727852565,72.78130236327561,72.82029709271809,63.71955473419199,31.75857876060776,3.2634689909423233
19.2457553721261,72.94717646407517,55.7396590578919,31.260247161541436,14.393443761288626,14.94425495758254
19.16905244023044,72.83242597696596,62.09218934154827,43.07346998413119,16.45231506432637,8.845618736534036
18.97467111843859,72.88275440880632,68.50822415474151,54.93179796709108,35.65195720705981,2.290758518305412
18.90566650646978,72.83769586306151,70.2268953802917,63.30341548926612,30.504829307809285,9.68126684285138
18.992442125047493,72.96956309747499,76.51114202497325,44.49130088669693,35.79730866502293,9.646012483017582
19.117420562075523,72.8295965733708,46.17761072413793,34.12561475676104,20.271353604337154,25.566722470607914
18.913268047192513,72.86459116901717,53.35423844514815,45.852910825959675,26.97659160551042,10.369423047455296
19.08035230133213,72.95560532076841,35.88969225235233,22.40597217871867,17.704230810619542,12.225443089631709
19.118083325046694,72.94927920458932,62.089346041026914,49.368846256851675,37.67853762879875,2.7528871333517504
19.01947203300153,72.8145611157976,58.076081307252316,37.34576535903314,20.38547753521911,14.060918012715096
19.18344993620673,72.94120837680333,44.19065106634649,25.952361531839653,11.045616885489117,21.81890913916758
18.93398642931592,72.8704516884327,66.39416605702203,55.30144771096469,23.533110771197457,9.899867064595869
18.92217237736632,72.87554229234384,62.59617455731698,62.012805000616204,24.30395929347592,9.622016243361127
19.167406405823954,72.8037518552738,39.88392151312204,33.13274519877622,18.826859041641548,11.41674655361819
19.08002374680741,72.79288980024917,82.85377584076625,83.5137678490755,49.95316650824651,1.0
19.152465812107742,72.92586301671166,73.47989940597094,61.97946053697552,28.375855527404944,10.470016650836603
19.057243179606147,72.87831381584164,75.59466882839402,69.00922483611669,32.03366230272378,8.740822187995478
18.986485614722966,72.86606890550304,50.98398832723091,37.113632574102255,22.652090979154625,15.27770658733495
19.201546311884172,72.92618529754274,72.06373021812509,54.948308130861186,28.562745070866427,4.257629233109036
19.19415365057837,72.9335812149027,58.09688377278533,41.47911104421163,22.138295525605734,17.501354325552956
19.15482936608349,72.80897520071588,56.87435996467152,42.2330123398511,31.128643508149537,11.399834925019551
18.996152678005163,72.90168270419252,43.599988289136824,44.5602413900153,18.222713010085126,11.00592600173751
19.115600315138014,72.8041368264881,83.89496373689968,68.59417837988502,27.215744893239474,1.6176289644303568
19.029509698265866,72.9306770889842,81.50212986404456,76.94358554182887,40.86444434166395,1.0
18.928347545966652,72.91128177190218,75.95006739816357,57.21799003344297,25.646667739818916,8.850341654940156
19.23842665251437,72.97283647069716,54.37010756124096,36.60884448375003,17.986290222777,6.8779932747144485
18.945334800692002,72.79049804540885,57.510360221004476,29.456041054909253,17.6506407866418,11.406196237489844
19.250790206225464,72.78805292407264,49.04238012053599,52.447066124462836,24.56356076783104,5.2395856879818705
19.061440910864057,72.83429859904163,45.40484629590371,31.4670895909725,8.294236278033136,10.752615602573076
