latitude,longitude,population_density,tower_distance,building_density,distance_from_center,signal_strength,download_mbps,upload_mbps,latency_ms
13.046107122951685,77.57386035482432,4226.602026602692,0.69704274544259,4.258337039857592,0.07733979733973081,28.18186213538951,43.923387410532676,10.272625553042227,43.28321989641451
12.88589297513688,77.45598757433794,3370.3037504243985,0.4534487279092073,2.4965582909875312,0.16296962495756015,57.23748627650506,54.561946518453155,23.696827800143716,30.25237535931479
12.81836717079866,77.57033669204037,3448.5810347236725,0.41934456233089146,18.741893134298614,0.15514189652763274,20.0,25.968612358691235,11.482916607584421,50.85684140594985
12.954252757641765,77.5494344456616,4516.17625976705,0.2702563329087568,20.071614483681103,0.04838237402329496,20.0,25.34428882628022,10.513900621449261,54.43874229796678
13.105749849516314,77.70784966958671,3244.389855726843,0.126245139970556,5.379535838172237,0.17556101442731567,29.633138132935294,33.70317599288418,5.0,39.202397813129
13.09347887335913,77.79803600428562,2628.4885070700198,1.2097015308472563,3.331306283637377,0.23715114929299802,20.0,27.3818125199332,25.07602502411332,45.39804597466312
12.91180424149772,77.58547038687878,4395.113021250565,0.08732806653340466,13.427173617744023,0.0604886978749435,20.0,27.571125715117464,15.660807938242819,47.40864890863176
12.850325959566023,77.51933644346232,3572.6949931467957,1.3988402932829727,8.542235872907224,0.14273050068532042,20.0,25.755532939548328,6.180217149641609,53.365627513869875
12.933105472596118,77.53942614138009,4327.245712383935,0.31216656075511046,12.268620014842575,0.0672754287616065,20.0,19.79354677234641,5.0,45.9886136538919
12.9474071432501,77.65520762852218,4347.422115544553,0.39835529710284834,3.4375698174674785,0.06525778844554474,43.49222303596472,35.45562142325543,5.274027254798341,33.29095758500169
12.98695215238245,77.5297086079178,4333.173084740868,0.38260116217777584,9.143139077004129,0.06668269152591319,20.0,31.519330326867742,13.410958833275556,45.4530627260263
13.068963009894366,77.4111689694987,2923.3079514174983,0.19963671369869196,2.246506056825242,0.20766920485825016,61.6530309677921,70.76302199929376,25.296492686636473,23.019162933934176
13.00571899019062,77.79067141314236,3009.821501893092,0.47664863000231844,6.992284468334446,0.19901784981069082,20.0,35.9072725611364,17.26916583966336,45.664269219752235
13.064246126826673,77.77716061954702,2952.765655197845,0.14630758033814978,11.423846854604001,0.20472343448021552,20.0,28.738329209117875,5.0,53.28276804316915
12.825397749465901,77.71266269056137,3120.8007832104104,0.29077741529852175,8.259581915270473,0.187919921678959,20.0,25.458618524283093,5.0,46.14109625253371
13.103401032228636,77.55866082377092,3633.869095417336,0.5669737380973747,5.970143441969549,0.1366130904582664,20.0,15.428424435837174,5.0,52.41236207621593
12.938080582201122,77.70170007411382,3877.7710908749177,0.0639001031422263,7.356753581938587,0.11222289091250821,20.0,31.770497949036077,14.759005226442408,48.289291436973095
12.832693007118278,77.51765520235466,3412.0562177417924,0.48626568514302426,8.70377689885742,0.15879437822582074,20.0,12.570297021693769,5.560025908249546,52.803922631841175
13.134057686476291,77.75267030780523,2733.312502684376,0.33608054602325577,12.942136993072472,0.22666874973156242,20.0,32.71913988812393,17.002523608104813,50.03653186370316
13.171232199195813,77.74283039157562,2513.53134058723,0.918633170447741,4.1643485166818115,0.24864686594127702,28.486988340273058,35.0031274021909,22.074231054024814,36.42017986690473
13.176115323642756,77.71891489664073,2606.6610952166507,1.9814454495891638,0.8966554971002287,0.23933389047833495,47.86525138305516,56.290937244997195,19.412217568401445,40.39615027932303
12.861988789515552,77.40261204001052,2789.25364990041,0.8196282413833361,7.268685165558136,0.221074635009959,21.527370744021994,15.588968479483492,5.0,42.99739871816475
13.068674404518058,77.6135142241736,4011.0011178659197,0.47784116689547623,26.22558716163462,0.09889988821340805,20.0,29.883172064845766,10.369910958128894,46.88650240089703
12.94038166244641,77.52064985980118,4197.304052892082,0.9718978174040345,8.397953278861042,0.08026959471079184,20.0,29.81314134035724,5.795438115781608,54.383773249761624
13.054360551569761,77.48808080631088,3651.0875669520965,0.889550213274105,9.120412813324382,0.13489124330479035,20.0,21.97807347566106,5.505016026562216,55.49388425993595
13.095412452348205,77.7166264454001,3261.6106094013685,0.1413382289332906,6.334336993423522,0.17383893905986317,20.0,32.53974711067856,8.406721821760856,46.93452658545811
12.982970683729059,77.49302574327318,3977.9128179028794,0.3423819965984978,6.517572816330495,0.10220871820971204,20.0,37.57880788099988,9.107125329787165,51.01911363763733
13.055466380392179,77.72548123871456,3445.53969469965,0.12014739055517351,5.323145371118027,0.15544603053003497,32.60496858991091,36.99149079077462,12.651985065222409,51.07429678979231
13.100248943480304,77.57060922050549,3691.3324272622685,0.12437348262282669,8.085105461216834,0.13086675727377312,20.0,31.708631014640396,11.976021723394144,50.444365030658716
13.199034998440085,77.64146877216469,2677.8596011509835,1.5641928613796687,4.222737115775375,0.23221403988490164,20.0,29.14438834058749,12.301390892620695,44.376789540810655
12.818542512910676,77.55423583431066,3417.0957001165525,0.0937477257102197,8.267500719081319,0.15829042998834472,20.0,10.0,5.0,39.803839111199494
12.931188974833317,77.7022313383694,3850.323699721921,0.41824632905006454,4.613153904064988,0.11496763002780791,30.413159492122496,44.45984568751025,11.931028173497644,36.46995427296371
12.97067012904892,77.65506789906284,4395.249516158951,0.2295455402423023,3.163543880283962,0.060475048384104835,45.77909115706896,45.5361115252092,11.091498870879292,31.81438681202076
12.962198135409025,77.73787134807519,3564.2049506608237,0.6224342942931491,8.451280788029628,0.14357950493391766,20.0,18.409745067661433,5.0,49.042335880433534
12.892024827858421,77.5082272639033,3825.58705890163,0.2901132020671034,24.27777058160477,0.11744129410983702,20.0,14.120641542034587,5.0,54.84311578152211
12.82575971784139,77.60652236777263,3536.732056204025,0.3697350202315742,2.1660712712980392,0.1463267943795975,60.03930916989426,61.23169096772915,26.805215465681567,34.38854419980012
12.978878244191725,77.46995748253835,3751.4516429992564,0.32658019609468836,12.430781154538085,0.12485483570007436,20.0,18.674196977795955,8.243842141490669,51.03751742579568
13.146767309248972,77.63276312649518,3207.2364781318274,0.16491729930050492,4.5877028378656926,0.17927635218681723,28.715819864388934,44.808193108072714,5.0,47.445982191172675
12.931069502198369,77.73674254064922,3521.919382636301,0.9219453622922198,2.0893549577479873,0.14780806173636987,47.17376171989302,73.37288718662445,23.646503024808148,35.317616496009165
13.11648830119394,77.60690823067291,3545.8984779196717,0.8497000829520525,9.62957887834454,0.1454101522080328,20.0,19.223425532348834,8.16192678843661,51.668310526434745
13.127230991638685,77.5180975401718,3265.824924691672,0.14533069631480505,16.69091328772865,0.17341750753083277,20.0,33.73557447520124,17.05018894901587,55.04301474924418
12.988009219190735,77.7034649935848,3899.0527123123175,0.6514827346473633,10.001700617955986,0.11009472876876829,20.0,42.86828112124237,13.779901095898499,50.50047721289849
12.958065850391568,77.71176099014247,3820.5988461602037,0.11905940996788192,7.231066060959578,0.11794011538397964,20.0,19.7311893005258,5.0,41.72571664067115
13.095075587594287,77.60559769507826,3760.3560983577254,0.2745707505275088,20.920263587825115,0.12396439016422747,20.0,22.509633332704702,6.719622726655223,43.404274773990274
13.09226586651663,77.57101791599533,3770.5136833533866,0.2864916073521948,15.681871419331214,0.12294863166466134,20.0,12.934740912583298,16.747221290024292,50.29609217007244
12.973689393786943,77.5909812369335,4958.213623597678,0.11989073794524774,11.55797758171854,0.004178637640232267,20.0,12.928955453999786,10.821597981401375,36.70324321475314
13.11195175897212,77.78533326424912,2631.9249518291863,0.13213868135076073,5.7514816465927865,0.23680750481708138,20.0,22.696548540127917,9.311352159141537,44.73370639677502
12.918997770818182,77.56021759226697,4371.57781098873,0.17073086765628714,14.284073128782014,0.06284221890112703,20.0,30.159356069442637,12.01331311067471,48.45226780343005
13.020519953336319,77.4069329635422,3060.616633894182,0.3705623274891911,4.3970621289928955,0.19393833661058177,25.54136451122249,16.519393960049214,11.1892918706627,36.37992930918446
13.049248853070369,77.48573842802698,3662.831864140443,0.11007254462889965,2.3612813665200907,0.13371681358595572,46.331266536045405,46.7597419546118,16.897757382391916,28.066498142433865
13.143990998942852,77.48912353623112,2979.0116050382085,0.15740887713042856,9.659532824938509,0.20209883949617913,20.0,19.99618639816682,8.497544020010597,52.662975546852756
12.808432859710736,77.73402237610172,2853.7913748187025,0.553390871120797,5.0519787866237325,0.21462086251812976,22.4823992493885,33.18560007477298,10.844185027098163,42.08207858175525
13.028629677650894,77.68618786179258,3921.0782901108732,0.875342998531335,13.67371407679405,0.10789217098891267,20.0,23.42095092662215,11.118708951179343,50.66923827123
13.038595959727564,77.56260914360513,4257.580070802614,1.808355957770996,8.693060082375647,0.07424199291973863,20.0,18.839552717826262,6.132469700052795,47.68862355647479
12.906425565885153,77.54822418147971,4200.098543218139,0.08003274449128446,3.156029117615463,0.07999014567818617,47.3388515697594,37.50977592056971,8.000008568386628,41.54830376155307
13.101764753625634,77.63705483080928,3630.8661224896155,0.5468349484115623,7.049781608834054,0.13691338775103845,20.0,38.0934744018558,22.922532938652992,48.18580719780171
12.811013288048425,77.69699348546857,3095.465465741825,1.5927048535827968,13.556385139916486,0.1904534534258175,20.0,27.824097461840505,9.179490279617431,52.462256320040744
13.090985975727122,77.75187964077614,3025.414053453532,0.18228573972407686,4.4007569780665055,0.19745859465464682,21.92893061974037,44.27349347464366,10.218104589971166,47.0970268904499
13.014479808608737,77.64476851849805,4340.0334679234475,0.5654545772031376,6.043098253441271,0.06599665320765523,20.0,14.49316208594673,5.0,49.95860962724975
13.07581415462698,77.43547598062489,3097.868470196984,0.13469899658760695,5.435252489206506,0.1902131529803016,28.738242639660584,44.92749993828342,16.887707429616583,54.86441530884988
13.059189227798894,77.54070618638194,3971.5829652954617,0.8497459186115932,14.335586423634036,0.10284170347045386,20.0,32.57445931717406,14.814941919045127,57.658444006204576
12.874221301264448,77.66668431611161,3788.4406908158217,1.1243511244852855,8.574702930740537,0.12115593091841786,20.0,20.066611876726395,6.163707677692006,56.39225931303649
13.000264860202986,77.60156548222342,4705.009804728787,0.5143323843080924,25.92177710002885,0.029499019527121393,20.0,19.986202426677735,8.68597250198754,50.23977025141553
12.887761722909262,77.65118178125968,3988.547842156551,0.7605254734723524,19.92228688541772,0.1011452157843449,20.0,19.93507123303738,5.0,49.11129839256297
13.068895450208144,77.74269633488849,3228.0257045145963,0.21332297950085816,11.636317470696767,0.17719742954854037,20.0,23.00824136220617,16.13565738890018,44.64957616836924
13.047425271591724,77.59026126737378,4240.506984050514,0.14058073992789352,11.575706477469948,0.07594930159494863,20.0,37.29152530132431,12.170063438904645,53.54501878794256
12.876409244705997,77.7439628355022,3228.8270405547364,0.39224540256991947,16.16912909547631,0.17711729594452638,20.0,28.254575617849646,5.0,49.7614432192901
12.971059619136415,77.42084529662112,3262.444563251036,0.5682489893180914,6.573746311092605,0.1737555436748964,20.0,24.376602331679376,5.9670500410968685,49.56930777258318
12.944748204932377,77.48481843715547,3869.822560880748,0.12770312491829328,17.721270086191936,0.11301774391192519,20.0,33.246336829127685,10.272052898339176,46.76531611147213
13.07633349704204,77.65362280781326,3797.8021275673336,0.6861436300576464,4.600167450808373,0.12021978724326664,25.38550836646254,39.964064749743365,10.999453792081356,53.89363695042466
12.901444819803217,77.6465755822596,4126.890014965599,1.79396072646392,3.302736918377391,0.08731099850344008,40.07826013063837,50.63565107922807,13.894443110867293,46.129304541561
13.126142518104777,77.63041837385397,3413.609574924638,0.19455544643905487,8.996486148017933,0.15863904250753622,20.0,13.650451354678673,5.0,52.24195146807931
12.883285469568982,77.59599376287963,4116.744722052795,0.12444858956556976,15.07328814156531,0.08832552779472057,20.0,22.60410371844826,12.32214519922206,44.800470364372345
13.063516085759385,77.43658766552394,3171.982913977572,1.8432160494157261,11.936387654123562,0.18280170860224282,20.0,14.828401948039641,5.0,60.017036335910525
13.11604482936712,77.64074311331765,3483.6393688326634,0.4985125775928697,10.943190367965085,0.15163606311673367,20.0,12.53654606981312,5.274141147139102,46.22862074990321
12.961979248011051,77.64391436154553,4497.5594439661745,1.0481387583095678,9.063067149533502,0.05024405560338253,20.0,14.662777472597773,9.63343388002939,52.84975152670691
13.079819941067761,77.68990953983223,3557.9367549326817,0.3580844106243092,8.199479051274473,0.14420632450673182,20.0,10.0,10.97252531612486,45.76519325840836
12.980471318340864,77.7635175539023,3308.496517726235,0.410752369871313,6.114163314872322,0.16915034822737648,20.0,29.639091200523595,11.865499068483508,54.267077793901535
13.085439288468015,77.6367787135954,3785.980746467875,0.20021563481549298,7.338387319465628,0.12140192535321251,20.0,14.157276247074964,9.101686533794037,46.91276693770451
12.881394853407318,77.64256729012138,3978.343042239928,0.469952284172077,19.19192695922667,0.10216569577600723,20.0,25.392154086449032,13.648413204287667,51.91985776273431
12.92900872836762,77.65477883244904,4262.741002483331,0.15601999696591135,1.8453904073714726,0.07372589975166692,72.68218385989354,80.28956865391316,20.494834268327963,28.133529954775437
12.927357548256197,77.78176131090106,3076.806020326955,0.6467924505863374,11.878700156241957,0.19231939796730446,20.0,16.650895855222004,5.0,52.26768916872588
13.12625943709821,77.61088140140427,3444.8593145563386,0.6039230544773151,1.148146519705936,0.15551406854436614,47.96882852019196,61.75278431789081,15.000776016575196,35.73674035161549
13.055349036878258,77.60600080871185,4154.785257031084,0.13863031861879754,4.166836861302025,0.08452147429689155,26.894026918687203,29.205028373710935,15.331555885332778,40.480269092024365
13.077816301503288,77.73810534751918,3214.6236399112313,0.10768400203021501,5.594805482168458,0.1785376360088769,23.168441194033214,34.88302065140662,6.224412698725827,40.41068291447463
13.011708847110786,77.6428546709294,4372.5262648476355,0.8117700335397487,9.079272181535778,0.06274737351523642,20.0,37.13068515588715,11.391884624736175,50.85248617520215
12.937828020897497,77.62423683830771,4550.679540041046,1.0127692946661733,8.961800278295627,0.044932045995895446,20.0,10.881637676498404,5.0,48.473876478226664
12.880173169676109,77.56655430455218,4043.6827756322023,0.06089130120279621,13.552889002105092,0.09563172243677978,20.0,26.93269314133503,9.496305034601294,46.03359053083163
13.052616906752469,77.40222520683177,2912.614069553587,0.6295677161846305,6.3974721161936285,0.2087385930446413,20.0,18.363509725736574,5.0,48.16387892022504
12.865586486417273,77.63996745715401,3846.8707257737105,0.08981469561107802,12.343264247212856,0.11531292742262894,20.0,10.0,7.671599556196369,43.165606507922895
12.937885189716098,77.41908304609109,3212.742616690526,0.9681517447107404,2.1638396312648105,0.1787257383309474,65.99315108723113,87.82278356638366,22.3646341646172,27.547652607430038
12.80380528577018,77.44548406504367,2755.2143046302403,0.5092310232693352,10.771543400129529,0.22447856953697598,20.0,22.27053940076577,15.239704220941448,43.140494285343216
12.992080299662412,77.53980176730319,4414.996668303845,0.06621163001931381,19.97541580366354,0.05850033316961554,20.0,30.802653792954803,15.02987034800649,47.7429517119968
12.906191976852519,77.63698152891602,4220.61540396789,0.7617211294134634,5.473429505365381,0.07793845960321094,20.0,20.773201611578642,5.0,56.64097070924529
13.0550345014101,77.66298316581224,3921.2241478390583,0.0753670862626016,4.773269137758474,0.10787758521609417,21.75150321285409,31.180161418321145,12.045528820744508,54.48678508012197
12.916857090568568,77.46871854989915,3627.3046363992307,1.3847605213921417,10.717663075044108,0.13726953636007694,20.0,25.476993252267768,5.224042317974847,48.3427185113768
13.003170581229574,77.56991553934871,4599.247682874073,0.5389996563944103,21.33316561003099,0.04007523171259273,20.0,26.825799504882998,6.804284220547164,58.03672788009996
13.045246242745739,77.70483166790747,3674.300574027919,0.8153393482314004,3.6961256603228856,0.13256994259720808,33.91222832163903,39.83574148878891,16.014169574856652,45.93343840813804
13.165062913112413,77.69557720269049,2817.7008863783913,0.1963342909256423,6.417158301284189,0.21822991136216086,20.0,19.771880389144567,7.234878282495407,42.997460198625284
12.838476173329685,77.52898125495149,3515.824372619949,0.25656537454343115,12.702519930414075,0.14841756273800508,20.0,38.57195759956247,19.97704885452118,46.24547225109943
13.14658228864655,77.50865032925135,3050.483463989457,0.14627708129545514,2.337879651870573,0.19495165360105426,43.191134569298356,71.89029036474926,31.87460499260677,44.446263868316535
13.12520937887172,77.68347904238017,3225.307760433613,0.24596720504144398,5.4708230613485895,0.1774692239566387,20.0,17.507344219240757,9.991332279958307,53.41017225021963
13.154755054328803,77.68191465552029,2970.9701087757976,0.16442372680422712,14.061397001262941,0.20290298912242025,20.0,27.486443443342207,5.0,44.127647366166414
12.892433470363109,77.71031584878737,3597.9480367928113,0.4350898950196197,11.778836652170005,0.14020519632071887,20.0,18.672991603380886,5.0,35.63868893359175
12.825143709307495,77.46073162409647,3015.8077928170123,0.241040558507013,6.082415061787475,0.19841922071829873,20.0,21.288763989574313,6.279792725130113,46.263941604260886
12.805040072405598,77.67965832760821,3129.7826710310364,0.5100952375224274,10.580673731469021,0.18702173289689633,20.0,15.89747562985619,5.772088675111571,55.743186747143575
12.819226727153241,77.60385197747719,3473.460994102299,1.0598825323724288,7.222396900614134,0.15265390058977008,20.0,15.709830803416374,5.0,49.71008026283883
12.899188471672696,77.45160070876119,3397.120505792852,0.7869798486186155,2.6358040869826116,0.16028794942071484,46.515289646117125,60.93250258464008,19.867110449047473,36.582762703724626
12.9624434861795,77.48422123260157,3892.420926626829,1.255038228495499,3.3137622801905335,0.1107579073373171,34.23250639356018,52.56346476423976,16.335391481960748,35.69235691163307
13.109484340186281,77.49437838716915,3295.4043603533755,0.5161232024521536,12.708716689220058,0.17045956396466241,20.0,25.177212173809103,12.466030970281617,53.281804349142746
13.096671100873905,77.53043664694299,3594.30742516974,1.2532774517570964,8.923266630222297,0.14056925748302598,20.0,28.23599065593461,18.78342179299611,44.66233542872864
13.16916726010098,77.57688972095134,3016.405377911363,0.40659289031647317,16.37022409673312,0.19835946220886375,20.0,15.601191034892645,5.0,47.946456704487915
12.951704938042614,77.4484206042994,3524.729542840341,0.38218843525948076,7.0115191540309105,0.14752704571596592,20.0,14.574346085569344,5.0,52.108422341322225
12.906316665079906,77.70718802807536,3698.540131844691,1.2733428857147508,11.641362414884188,0.1301459868155309,20.0,34.85982116175032,7.778129122954855,54.040288991405724
13.106970383375268,77.62676762509575,3608.6015380392364,0.17205611114003255,9.476518113151712,0.13913984619607636,20.0,35.61878302608191,6.048869236871701,51.191844913673926
13.117879644467365,77.66976412549097,3355.39122748536,1.1381256240032027,5.623576827733813,0.16446087725146397,20.0,20.47986925146526,10.572976463448175,51.150047618814185
12.990080721017673,77.67732280640607,4152.379816838415,0.7228774223363753,24.007881746893922,0.08476201831615851,20.0,10.0,5.0,39.66072636782004
13.039405001687866,77.40859095612942,3020.179739078815,0.2637177270017653,13.579956247443146,0.1979820260921185,20.0,16.47843594409417,6.5394033353241525,56.702252230115725
12.911733222169588,77.49666548413826,3852.1672384502617,0.3083048204957244,4.322385985510338,0.11478327615497383,47.505427930618346,65.95689665750317,17.37176373883375,36.98125109461858
13.155560771580559,77.7681644578196,2470.846258158191,0.35110348573699324,6.098348293944647,0.25291537418418086,20.0,26.87124165201824,5.0,51.80751762603051
12.800041068901901,77.61088395586648,3276.6998503399373,0.09205284379024416,2.615947580989544,0.17233001496600628,69.68825304265673,90.9523972584789,31.563019220956892,31.59249542943234
13.042246775556018,77.72144022717005,3548.125001075778,0.3535927542482142,2.610917306109447,0.1451874998924222,39.54346322681925,44.95169072619357,14.928975364257354,41.529877580446474
12.951453688779418,77.71622124097397,3767.2145315650446,0.2536379854933214,1.1533323770125161,0.12327854684349554,75.09082387652147,104.92921358798367,30.212489526269046,16.38229165797596
12.826939361808247,77.53007650466122,3416.0182547523327,0.09208766446072171,11.030210978690967,0.15839817452476676,20.0,15.941299335038112,9.606647965998722,58.07791411774116
12.806878178295374,77.54032829911512,3265.678920654286,0.098530592507886,4.254333177975091,0.17343210793457142,31.93443193785349,34.983123427864086,16.360560216292434,45.88099499206373
12.955504678399366,77.66175753887154,4309.406457841489,0.27801253871290565,26.70037814603403,0.06905935421585109,20.0,26.504524077277775,6.855577124618023,56.13860438569589
12.812089699014358,77.46358855488683,2935.840731165047,0.2114308769968086,8.27129599586494,0.2064159268834953,20.0,31.47910256117534,5.0,51.196234320555746
13.064835783478408,77.53915844959346,3915.2568584077803,1.4958149302546928,14.51618405100254,0.10847431415922197,20.0,34.45896715495869,5.0,45.78628704992529
13.06756809976933,77.48580965330584,3549.303074133938,0.3168553676944911,0.3465544849093278,0.14506969258660618,74.31938278868752,92.03880009500159,30.21725217039717,26.066386535406526
13.054940669900517,77.60803710218829,4155.830409533397,0.15407691537555523,19.28534540440582,0.08441695904666034,20.0,34.035665601832854,21.87692170197636,50.96141337199521
13.0803643680272,77.67202674306725,3664.9124263046333,0.7412076804588154,14.431527600355642,0.13350875736953668,20.0,28.496559066258506,5.0,51.05908539487239
12.848563800582696,77.5909958212879,3769.1102213746544,0.3232830063439349,6.672214961363069,0.12308897786253453,26.115743069589882,33.47182875723724,10.047576003982293,42.856685309864105
13.070486850264862,77.73523552064398,3280.7862604635457,0.11172630172484596,10.105358006370174,0.17192137395364546,20.0,17.700947452815875,5.0,53.50368142566449
12.929841324378353,77.68960419722654,3962.233914587011,0.37543724726541156,20.433279098437655,0.10377660854129893,20.0,10.91179600880888,5.0,50.91924772376847
12.860779569690468,77.72808744988477,3265.0629103414603,0.4300267399327883,6.320194644984009,0.17349370896585395,20.0,35.210306673244716,10.5641273265644,49.953498394306926
12.922415792523063,77.61787860257884,4455.851159777211,0.9414352241185326,4.203504517111751,0.054414884022278835,21.925650408923588,21.428810518385834,11.56575083220962,45.718572910639644
12.947660815726252,77.73634574980831,3562.469404415615,1.2755335663598175,11.873744355012724,0.14375305955843853,20.0,22.657208378136957,13.910903193940788,54.631077011207964
13.116409622688677,77.78001960827093,2647.3364466081593,1.8090296481898627,2.1265577745654407,0.23526635533918408,35.39852901866273,43.87600452005763,15.202426443588715,41.67585655887731
13.06493107160651,77.42377503233288,3053.4168780735126,0.41692558497669596,5.975707022827355,0.19465831219264873,21.031928838484163,21.05867956779455,12.690563246805938,53.534347101021375
13.08272365181302,77.51761796502926,3648.160523564381,0.07499317666900182,4.526065491419959,0.13518394764356192,37.655055508479904,18.797981607576887,9.534293042493072,29.12303141022601
12.959994141300085,77.59685288398914,4881.775026990507,0.3178105836337841,10.826071264302879,0.01182249730094931,20.0,31.181857257079344,11.54693587117244,50.09808328846995
13.072529185395023,77.68337212006121,3655.8575311871014,0.13124156687988026,18.393703173402642,0.13441424688128986,20.0,10.485542351080287,6.496762191710779,53.38483193669769
12.91532054295141,77.54694273548657,4262.531889056383,0.5238513917431714,8.907088626335586,0.07374681109436171,20.0,39.781068079115144,6.0842321707399805,54.24281017237874
13.067377679089173,77.55908470955539,3978.496222861936,0.22267575530213518,16.80431183856254,0.10215037771380638,20.0,44.89538721694773,5.430311029494025,50.92370289447862
13.03877926216277,77.65026410769708,4127.558245471563,0.18214294908102752,2.2944154645776362,0.08724417545284366,56.06116826806819,60.653580143715736,20.3255100740799,32.065154753044666
12.875376963643355,77.66778084273066,3791.103458998138,0.38443624311925323,3.6227387965549456,0.12088965410018616,38.73102770772174,34.44590722909916,10.302014384865405,48.44576180589123
13.064373257068471,77.56347837159741,4021.4585863888387,0.17875095616251652,3.1456242695627408,0.0978541413611161,52.66574731678853,65.85767907666673,17.57370504279704,33.33646326847663
12.916280609498326,77.52281491369759,4093.7255613821185,0.6367751105140685,21.59334524140072,0.09062744386178816,20.0,10.0,5.0,47.47910084496164
12.959371599034753,77.64675147253075,4464.34060474097,0.02678878717447672,11.127209262360996,0.05356593952590301,20.0,16.6848659610367,5.0,44.85032664547126
12.859245279356736,77.77720603546274,2855.9723080555746,1.0505399986157387,14.878866963540833,0.21440276919444254,20.0,19.355957376906122,8.117091679331319,53.91695254641298
12.933869167093325,77.50497347079626,4027.553061142125,0.49519985859287274,18.82621340144707,0.09724469388578749,20.0,28.80304653013299,5.79399545829926,52.84240112637299
13.104748313881077,77.54649985616642,3584.298854765435,1.3399040951177472,16.308316957535183,0.1415701145234565,20.0,18.640408545907082,8.292243721856735,43.504416778494665
13.01195361022063,77.63114555705413,4455.574468064287,0.2797703733481753,27.272585977266786,0.054442553193571226,20.0,34.59936384046622,13.464838900023352,53.417846616002386
12.88935690552641,77.61860273387792,4143.258625826548,0.5994145530561934,15.712712577204202,0.08567413741734521,20.0,21.057351282064435,5.0,47.46462192238247
12.874096409838966,77.58208430453145,4016.964256633948,0.20550389014527015,2.9618597845412182,0.09830357433660519,49.77801761938666,58.89977839052106,18.59839646586161,36.09762750328272
13.012324296623847,77.67732144128593,4077.974773450966,0.15932114660244773,9.250992573496688,0.09220252265490339,20.0,24.43779762713889,6.052133603626208,48.36440901705594
12.931153756205472,77.7606447149454,3291.001872488281,0.38833447958623524,9.298701768414322,0.17089981275117191,20.0,43.92515353168118,9.344263120587616,47.2522143204571
13.100538183046972,77.53653040253157,3585.8877980301586,0.24979083938331148,9.236492828904527,0.14141122019698413,20.0,26.520603427052777,6.075519123245153,58.74612101263577
12.818862553350765,77.48971426740724,3147.1712299716287,0.18009357356552802,4.949192285695935,0.18528287700283713,37.411894317796026,50.600403153550545,20.021044248729467,39.637510925185374
12.879764489823838,77.43182742101634,3131.0785624240684,0.45525510068746,8.132932191135767,0.18689214375759317,20.0,17.319293479022296,10.223464173579487,44.2723089100054
13.044003183081383,77.65761417356778,4040.1558985571437,0.3371971286911814,12.486275356700391,0.09598441014428565,20.0,13.629824306122337,7.808025784338991,50.56052473412259
12.991403138392634,77.6488163055421,4422.802280251213,0.3607459864865741,15.013918550379296,0.05771977197487871,20.0,15.999614356023535,5.0,56.187190673420695
12.903004751736981,77.58817649280326,4311.046479871693,0.06910857380823271,8.846364479066226,0.06889535201283067,20.0,25.9153929944483,5.0,49.03025299778673
12.872104351733823,77.55038310735503,3911.215465802182,2.9903659566903573,23.519498709349783,0.10887845341978182,20.0,17.75654610286776,5.0,46.97627667730894
13.033797197765718,77.70726962717087,3713.0292817343698,0.4292624860887204,9.685502144812506,0.12869707182656304,20.0,19.569559788715175,5.0,51.48287772570381
13.041077719290138,77.62419383984468,4244.82129038805,0.49236101846915514,12.403954232160022,0.07551787096119501,20.0,23.076015613966515,5.0,45.06084659539767
13.111584867247345,77.50005312811206,3310.773134180858,0.22266799735812992,3.005772907684711,0.1689226865819142,49.47773383740086,50.29571880341183,22.685135259232393,37.81509352393754
13.12618708784361,77.49592481692218,3166.043635104471,0.6811085723459842,11.878719843232904,0.18339563648955293,20.0,15.825991030926502,5.0,44.93342082201137
13.068294236947654,77.4885059929046,3564.5309546895005,0.12163828318955232,6.890959250935529,0.14354690453104996,20.0,13.833168714235027,5.0,49.80346356186185
12.95142548233974,77.64467899498528,4460.100296206758,0.2145439247668703,18.317547025037985,0.05398997037932418,20.0,34.71411301887491,20.51447944031071,54.833802313044735
12.891954365328205,77.54432933282428,4058.1631191886,0.05675709610089053,7.897159178960306,0.09418368808114003,20.0,14.1973882370249,19.568951298138565,44.48408621345884
12.857857689666861,77.42500769975938,2957.9700917756913,1.0959771077382758,8.792424847017791,0.20420299082243087,20.0,26.88653930807484,8.439843132032296,55.96248279515736
12.953582953518294,77.56723685042714,4672.378889802433,0.051064957330640676,7.94447726540925,0.03276211101975671,20.0,21.941405691196596,5.0,49.11612918442109
12.857422042277829,77.53737137912127,3722.8265161972863,0.28335908377571817,7.753054397514257,0.12771734838027138,20.0,23.685608296252237,5.0,52.865639066206
12.912529719733474,77.41672091793048,3125.6930387830735,0.7392184866572648,0.4365999317959195,0.18743069612169264,60.34358394051754,76.35027371078357,13.26671921650702,28.43379105898745
13.09837369567765,77.58726542247888,3730.1430811629816,0.7401963145738859,1.92773163774469,0.12698569188370182,52.57605714119903,60.36004504536971,23.380171788477213,31.08115966166304
12.942973802203499,77.6047240521871,4696.362776825457,0.09234119634884144,18.328846737835324,0.030363722317454264,20.0,35.797252083607106,11.70971377984892,47.34392852696201
13.044181497678206,77.42925617752454,3194.2687510039304,0.21336954400567565,14.952601203932927,0.18057312489960697,20.0,26.961848047310134,9.964639199978851,56.770095711857614
13.074933639873745,77.57332975625059,3944.999317596613,0.2690803633623407,3.0336551101803866,0.10550006824033872,48.73589755580299,49.11801331906763,11.396506213375858,37.09301486373037
13.014699335660453,77.58777316320482,4563.633361151382,0.15738065624436753,11.383916523432537,0.04363666388486181,20.0,15.85405206829561,5.0,56.106178300334804
13.165980767279452,77.48677514185869,2777.162112943398,0.3227658479860915,10.199388176788771,0.2222837887056602,20.0,30.950206950882233,5.0,44.1386977355425
13.143631879887785,77.6443012470169,3209.324662236065,0.2520282538864996,8.199675778941264,0.17906753377639353,20.0,17.960193740307705,5.0,41.80257918737283
12.91272933409087,77.74408557658691,3393.3982163552155,1.4507550810077305,5.253234244474361,0.16066017836447843,20.0,13.045990969907633,5.405756523803812,49.724008828563115
12.936116706917158,77.76494302207745,3260.005481086785,0.24547496885085718,4.691030040422946,0.17399945189132152,39.38004716726328,49.5491978850624,23.428097929711562,39.99665379870554
13.001571565057807,77.63420301220005,4503.341839155804,0.559889783994157,30.16177914469883,0.04966581608441952,20.0,28.66716234005182,11.131983589646818,50.88609392535843
12.834791884676914,77.4403855388267,2938.482101624507,2.0734987810375256,6.938940113086713,0.2061517898375493,20.0,24.720368612837447,6.355065734345475,45.24040769988882
12.98322207777783,77.63326288102141,4596.28090697249,0.19592846746484066,11.109826297002542,0.04037190930275106,20.0,25.29500451008099,6.080331935347994,42.39729341315051
12.94357949131085,77.64501067518886,4423.251781086821,0.045439546698473075,30.34807991800973,0.05767482189131786,20.0,24.589842215895974,9.611315168782282,48.287253995711175
12.997169565649486,77.4501901152073,3533.4388006856843,0.5477296441198622,10.144625286616998,0.14665611993143154,20.0,10.0,8.719183632101954,52.01650195122641
12.912247893236561,77.64221798918753,4239.069945952826,0.05945600501786598,15.997107523440311,0.07609300540471739,20.0,27.535478631986763,6.980990781247262,56.85204846991933
13.025812597590965,77.4006287684362,2985.9532177247065,0.2842211484332234,14.754870981544473,0.20140467822752936,20.0,38.9610223342556,9.308363688344842,45.79764532157034
12.937888156922753,77.42469964221847,3267.8735629880675,0.21977071978456947,11.610005318162578,0.17321264370119324,20.0,22.606027993367658,10.480074156633655,40.45321956246354
13.169345348727902,77.6055020786494,3019.543530839499,0.10470627128923415,6.340654070764055,0.1980456469160501,20.0,27.44384217378535,7.861309658042032,41.33086822758166
13.022742903533244,77.44167406964237,3387.4883951563043,1.2535978751157648,16.30844702626946,0.1612511604843696,20.0,28.322629506341556,10.847009788743478,46.46187052588987
12.864773920373594,77.5780001947164,3918.918836358668,0.2598869134914949,19.261963174290276,0.10810811636413319,20.0,30.731320206897124,5.0,51.26083675237788
12.909204960807896,77.45273809089548,3450.2276886405753,0.5904081750869844,16.49253560225635,0.1549772311359425,20.0,31.613055634094525,5.0,52.58258642198955
13.117549481799951,77.53827591704717,3435.594248343764,0.16320949390159156,10.52182166632707,0.1564405751656236,20.0,32.929538701087694,19.026962618906744,47.951567036852516
13.015914092984733,77.69411715937272,3910.6238552880095,0.20033148560917813,7.531578168081601,0.10893761447119907,20.0,40.67224111551137,19.8178654432147,53.67810998622873
13.020415528915072,77.5516747044968,4349.958704596792,1.354051657148037,1.6258532024022936,0.0650041295403208,47.311234056705445,46.06495668120215,23.37658244005926,29.942105116634945
13.000021973183163,77.74571659597927,3462.3383291507917,1.7574301264922136,3.1875330484964444,0.15376616708492083,20.0,16.26916544429519,5.0,50.98152208462178
12.8519279377494,77.68885730540565,3476.653614385577,0.33710263166759424,11.385272396760524,0.1523346385614423,20.0,30.032475005713938,10.500534831666808,53.19330084321551
13.130317748763073,77.64974297603146,3319.759791636205,0.2593755566800302,12.70029268379815,0.1680240208363795,20.0,36.126082374204564,19.511984168397507,55.82516052419729
13.174916420165825,77.77012980637949,2313.956820215536,1.7149789438760852,8.739752624687714,0.2686043179784464,20.0,38.182403547575646,5.0,43.05545914485447
12.882334484202842,77.55216699192205,4011.6229219029724,0.10023859659655791,7.096525579571614,0.09883770780970277,20.0,36.769653860881874,12.721013563773104,43.964891760713925
13.094559249753653,77.59458212771614,3770.4074894746814,0.7166079606883213,18.201400815557935,0.12295925105253187,20.0,20.385372333060143,8.197841890425305,49.7304757549713
12.824254462943403,77.76287867843457,2763.2966020014096,0.15681511534808218,15.800072707917042,0.22367033979985904,20.0,30.573649633895712,5.0,59.85432135358899
12.968679695138436,77.46894358521575,3743.0965527569433,0.5383353094010523,3.851878431706478,0.12569034472430568,25.60035419485788,44.71637148528739,6.704272703160641,40.370702125493864
12.949254603534905,77.67001766403428,4213.416196990476,0.26139701039360186,27.499527264274548,0.07865838030095239,20.0,38.25894749624589,8.582457568033018,38.71875032625887
13.125647939497961,77.76048506365359,2736.184150445911,0.5017584239300504,3.6343391515048027,0.2263815849554089,35.4901172376657,34.88077008819021,8.26274709091927,41.14649848117181
13.057064053579797,77.62392225973299,4096.457008762757,0.11156918063797533,8.75597205049652,0.09035429912372428,20.0,25.867620548482403,10.123601444928287,56.89581294098749
12.959092978334231,77.50611360532014,4106.340801290095,0.11556824229749862,22.71288767442837,0.08936591987099042,20.0,32.407344821295496,10.761215983155216,43.536873264238686
12.891774715530921,77.50349683501817,3788.7253527677485,0.9193191854640815,17.72120014791146,0.12112746472322512,20.0,36.691726564583796,12.072267837733254,56.205736719393634
12.879481615248753,77.61574740494181,4054.8540036083396,0.17584836375804003,20.81753176297717,0.09451459963916606,20.0,18.828169161939314,5.0,47.30881907004423
12.951221792541764,77.6375292138572,4524.79596575695,0.3539010932662809,0.7790489214184447,0.04752040342430502,69.43769658550372,100.28246468071312,39.57118287807949,26.064620348480766
13.125129596627803,77.62089301684009,3442.3524219115343,0.5965076631485081,3.817953500279456,0.1557647578088466,36.50678111328117,27.432088161370686,8.827627761746726,43.34241089381937
12.991253114311805,77.54453316937416,4462.1401268853415,0.43143223820922727,9.020207474381293,0.05378598731146581,20.0,20.386894380327096,5.795147507654032,44.947008900355435
13.006518011441026,77.48108540344761,3812.3623804607796,0.4592268345719212,26.779319115109406,0.11876376195392202,20.0,25.84810302489739,14.0198754939796,51.95835307807636
13.085617756438454,77.75276181683292,3050.251065210002,1.7829036261777893,4.41539091739238,0.19497489347899985,21.18591417567788,28.93789601433547,5.0,49.64171742246291
13.032807927025514,77.67721963584106,3971.7775261515994,0.13073030742685043,11.908073352300045,0.10282224738484005,20.0,24.088281382673948,5.0,50.145513541625114
13.1200790210879,77.50232184864267,3251.821607468278,1.075555621332988,19.648740976141063,0.17481783925317218,20.0,27.3868731792169,13.363349361756855,54.36157690014225
12.800147103188941,77.71762372801332,2889.7646226261922,1.1374657641314605,3.6647755917796796,0.21102353773738078,24.3586540797355,25.889020411084175,5.0,48.878674863074785
12.88583809370659,77.64449112654863,4007.8191153135926,0.3115459304792162,10.318003013862038,0.09921808846864073,20.0,16.703353761788733,5.0,48.4851931156285
12.975184264547945,77.5549743485127,4602.125747485149,1.8801575936601866,6.8805305620898505,0.03978742525148513,20.0,22.418461556276796,22.941003314856705,61.539581253080556
12.944382639612874,77.5786494496203,4684.531338504432,0.5598266410965834,1.6935762759004376,0.03154686614955683,54.95407914019887,61.096988204669714,13.352078446277174,41.65926795468563
12.97668511761882,77.43832286818392,3436.401574896594,0.29267365297237113,22.86002562110528,0.1563598425103406,20.0,19.517753836998505,5.0,40.15538428791959
12.913880669874041,77.63789482263476,4278.47642192614,0.5398772937762264,8.18024426443805,0.07215235780738607,20.0,19.875861817835197,7.248753397130196,48.796674127348936
12.97278202770421,77.54575834217772,4511.440410152234,0.758055646707577,11.039192546082134,0.048855958984776564,20.0,10.0,5.440524088596528,45.65968046662385
12.894739217806382,77.45990185376834,3449.1560221073332,0.4274721598402049,9.867196867159151,0.15508439778926666,20.0,24.976703767483354,5.0,41.03446773732712
12.914177421558055,77.57604065805877,4396.5265798551845,0.12884757843831468,15.947341220543132,0.06034734201448151,20.0,18.34488711782354,11.489398558459202,42.61966454114139
12.914538911388373,77.54495327395796,4243.642595049302,1.4286458395347308,16.569714419683404,0.07563574049506976,20.0,10.0,5.0,48.01221117254139
13.1572480636268,77.65156514540614,3058.087764096353,0.33782894715329403,7.678127942292727,0.1941912235903647,20.0,40.73901588742061,7.295732752289443,57.0247116460906
12.898491587556485,77.67464719930533,3915.915405208717,0.3707392287430546,6.117836733795728,0.10840845947912828,20.0,12.928431831975484,5.0,49.24350389883739
13.07100887397789,77.4735290025531,3433.4652685516076,0.4739022203941104,7.056661732227159,0.1566534731448392,20.0,10.0,5.0,55.959496672067864
13.114102374300447,77.63105070830817,3529.096168424607,0.09898446512415383,14.777852410798632,0.14709038315753928,20.0,31.870308368716138,11.048066778270382,49.49139987223477
13.180618179128665,77.70118236534466,2653.7604596136,0.9349394175626874,3.8726815431321104,0.23462395403864003,31.99131796297243,57.78946547033026,13.626922500639356,50.46251715231602
12.801279995628475,77.66778581676112,3146.2182527570976,0.7845767289833024,2.401060991727552,0.18537817472429022,57.50530333715635,68.08791636123806,19.989198264485513,33.98894646919432
13.114039185704673,77.58568772280913,3572.8227051645918,0.4436310420135724,3.2292117318115494,0.14271772948354083,37.17760393972165,32.73847071028159,10.729107870622247,47.48606558660036
13.042690114881703,77.48650609136139,3706.2420041342593,0.5231476271572426,11.941660071905,0.12937579958657408,20.0,10.672226025203503,5.0,46.137156256218795
13.02847296780892,77.77913332634762,3069.013645819543,0.34668632872152694,13.81368802625814,0.19309863541804567,20.0,22.557120573632602,5.122415745303269,51.79651290042877
12.936754325939575,77.59898772195528,4648.791642371325,0.6923749905524174,4.684713881445354,0.03512083576286746,24.04808286206304,10.0,5.0,45.534589356710754
13.066599023910687,77.59799462790153,4049.40344821933,0.7796515764628734,5.325733913061345,0.09505965517806697,20.0,35.77544724769586,9.669741034365916,47.39568167424572
13.091919268792719,77.72393352678304,3233.5377843566985,0.3924041252583154,3.871644624336183,0.17664622156433019,29.21094195539157,43.78941536721518,12.98481077751206,50.028863451064005
12.998787674390307,77.66364074374735,4257.989627030677,0.46571683744442416,7.814040364837052,0.07420103729693227,20.0,27.28932893924098,12.388394319696534,51.251476550915214
13.09296741023629,77.5351780865094,3648.666877844422,0.18026153483928994,4.24921150165709,0.1351333122155578,28.082303632964148,39.4188271425617,8.302005964714091,38.27092420127205
12.949864313137786,77.52770844292083,4296.656521189779,0.23255607521221394,13.711146891137107,0.07033434788102211,20.0,19.92618632618189,13.334823639598586,48.18148441949742
12.97905065844504,77.5857852931585,4884.5827707981525,0.8539643522378821,9.017126787754757,0.011541722920184775,20.0,35.39555536025469,8.68185678531235,44.50689787411094
13.18467564309066,77.57757790311769,2862.4551125001117,0.30873994705575564,7.007770240536596,0.21375448874998884,20.0,22.384440163741115,5.0,45.09796295100981
12.808197500512176,77.77642380328255,2555.4085764896868,0.4072794405650717,6.345522719406996,0.24445914235103133,20.0,39.58789184496894,5.0,58.14821065556399
12.915698662407204,77.55819518782621,4332.896567684409,0.1253286414380246,2.621799462113564,0.06671034323155907,56.66635661897385,84.84311310401841,30.453042506669636,40.15398259719692
12.869467564323816,77.6150206610197,3958.460859418555,0.055767062749745744,8.467621371753841,0.10415391405814448,20.0,10.0,5.0,52.41719945965019
13.172303810394329,77.64991070889154,2918.142799688529,1.1029914409985744,2.7202403699692748,0.2081857200311471,35.140768651214934,34.5108225808708,10.180637775104685,31.436151613246714
13.169545349336559,77.55712851504737,2985.3915142507813,0.976417284549533,16.59025475029786,0.20146084857492189,20.0,19.672261164116115,9.870770684953913,48.51311960378447
12.934642489622819,77.74255647588589,3474.9761860924327,0.395226992625653,6.840615887798051,0.15250238139075672,20.0,10.708148666551175,5.0,49.50554283801537
13.117951751815724,77.4487771402696,2934.0101239482447,0.20515466943025976,12.443972676398225,0.20659898760517553,20.0,19.833746943845377,5.634509017597371,51.97899424354873
13.011132621793218,77.78721436909221,3033.7059384050326,0.42238573375185856,0.3490545315043247,0.19662940615949673,83.76626480833372,100.62830535202276,32.99382702573641,10.0
12.802691905863343,77.55614889824413,3267.7058133469905,1.785592620638905,4.53031800884549,0.17322941866530095,24.323036401935966,25.983018184726717,7.918723145897028,46.14229696273391
12.847957466348188,77.6970890584255,3394.0272970941824,1.001684008026188,2.8722748597855947,0.16059727029058177,28.38718063702828,18.79293819853746,5.0,46.4377483626562
12.82390178227291,77.47572148293271,3104.0341421883113,0.21490681567025072,18.489814519828702,0.1895965857811689,20.0,23.327704378490132,5.0,45.5358520134096
13.154642434462659,77.43309813087934,2558.9472241780195,0.8487945103565284,12.195892579347108,0.24410527758219805,20.0,34.96652268766096,15.909561638976328,58.0204562673862
13.06901456993046,77.68186684395783,3692.1353094032484,0.7953951559476099,14.886259061230646,0.13078646905967514,20.0,44.97939339132431,10.86566334747037,50.16203506670068
12.87072716059905,77.62809062538804,3937.1288075362954,0.33862124905317276,22.07611184640741,0.10628711924637044,20.0,28.38501769565738,8.90939394802888,55.26960455703227
12.826174474123102,77.58249415216743,3540.7147253426433,0.5972414518869382,9.586743081156127,0.14592852746573567,20.0,19.956380073099773,5.0,42.836643551301734
12.993475470532308,77.68239491547745,4095.2081236714334,0.9460650653424701,6.278974083818834,0.09047918763285664,20.0,36.22065274196185,12.47057837851144,49.17719515188663
13.086100122640081,77.67129899662436,3621.848550856006,1.902257412212602,8.821245451986924,0.1378151449143994,20.0,32.46882103884914,9.164525148893755,48.07528555794959
13.052736277784149,77.72602537507869,3455.4701431425383,0.38471220528515016,10.695923272485395,0.1544529856857462,20.0,34.40914082807374,6.587545644925749,50.21792799194788
12.961379132931897,77.62911517602048,4640.032848811402,0.34291516456843246,28.10240371955977,0.03599671511885985,20.0,12.67215048732255,5.553496228128457,45.778379814084644
12.98697269632373,77.52217586137897,4259.623362925333,1.0559609384759294,7.480805563185633,0.07403766370746674,20.0,29.29306211790573,6.456398748147156,42.435216166998664
12.987716656151134,77.65270572209495,4397.005676173525,0.1318822674479971,17.903132097312678,0.06029943238264748,20.0,28.499002294093927,13.042789886221414,43.15818453972989
13.001522794916438,77.58245776906342,4677.07471023032,0.03314371790272734,4.397682358149755,0.03229252897696793,40.151571877845456,32.23432667178122,11.773796156626759,37.034610176913716
13.103772008122005,77.59479885331017,3678.278422902829,0.14535806196124385,2.840099857096971,0.1321721577097171,40.040201024179794,53.44104573782251,13.49364720519797,30.682832858178806
13.005972025174867,77.5878881622866,4649.7879385125925,0.19034204354375925,10.923726832957136,0.035021206148740755,20.0,27.794053976051096,11.790579623422895,51.328084965862665
13.070264476422556,77.58417015706365,4007.8578463035674,0.6143800929049996,6.9330825323290135,0.09921421536964327,20.0,20.45821244464299,5.0,52.70822843925296
13.173596514715173,77.40541822222215,2232.4679405603306,0.5236885078278317,7.311460838788089,0.27675320594396696,20.0,18.490181964617506,6.387131292047894,54.72605767305742
13.046724738650632,77.46282892979869,3483.18289502906,0.6367202733289815,2.9806441479028996,0.151681710497094,41.59237822035202,50.780556040176,22.851793373197996,32.371572755353675
13.102523652650845,77.44967649149444,3046.955552451531,0.11191446677463637,20.15517431874223,0.1953044447548469,20.0,11.833407874731488,11.694713490637325,41.96052596785465
12.93495785903352,77.6597444113993,4252.575031781188,0.8938740519903272,23.362370632193105,0.07474249682188124,20.0,24.141492649657582,5.0,48.50409113786283
13.092937890408908,77.50693170622243,3503.0493200257333,0.3125088950164949,10.057468627187939,0.14969506799742666,20.0,21.015937280761563,5.0,49.139278631457636
13.080429255955698,77.61510078067444,3892.5665275000856,0.3986992513468205,6.083865620795874,0.11074334724999146,20.0,13.20157552218513,5.0,50.9812047033336
12.979979590976676,77.54815254290179,4528.027138934188,0.32744581492891023,10.279253126855007,0.04719728610658122,20.0,19.885288258620392,9.324077396692413,47.13659179920351
13.050083477860555,77.4115518965084,3008.360863786818,0.32174405836069975,7.420412893060285,0.19916391362131822,20.0,20.092680855918115,5.0,63.190876283102995
13.008512542297462,77.47425799592907,3741.241336765831,0.3590228372697811,4.775078173222901,0.12587586632341688,27.765163959059883,37.32511512172892,13.990667200291245,33.00632224776534
12.936904858560546,77.50813706354977,4068.3567088686436,0.18928282198939217,11.872051518537019,0.09316432911313564,20.0,10.0,5.0,43.763536774849236
12.927485228929156,77.63522547737509,4400.28819933348,0.11696372147068379,10.214933038300476,0.05997118006665196,20.0,10.0,6.331348360217616,52.889892618197784
13.058204528766,77.5753010830472,4112.7124142459725,0.3051920041069004,6.100873502984452,0.0887287585754028,20.0,29.476557719191923,11.674500009425511,47.22443131836144
12.902114129461621,77.709986845934,3653.0623466888865,1.5883405324217268,17.425765313822726,0.13469376533111138,20.0,25.117991582033884,12.571183477593511,52.589973881957256
12.975530712916106,77.54906535121012,4542.960095347599,0.3305405781403807,6.940468567973601,0.04570399046524012,20.0,39.885072943536294,13.999159230366457,45.190575688970256
12.99180612021542,77.57682369174276,4730.87467056845,0.4882717616822301,7.12071442837323,0.026912532943155057,20.0,28.958050210275708,8.695510219867417,52.073864453943955
13.009203862403414,77.47280387715598,3725.3099981764262,0.2838150301293152,4.796562545140145,0.12746900018235738,24.852212230495695,33.6646753966538,5.127260009997178,48.82163483274254
13.133380031909443,77.5454394274598,3309.15581388761,0.4241472964615337,8.141257685720188,0.16908441861123905,20.0,10.0,5.093240104084529,49.665545292026366
13.189798471824384,77.48460969742938,2556.4689532139505,0.2586357889533833,7.7126340355968805,0.24435310467860497,20.0,28.86184791561939,5.0,39.748212713579
13.082477074205237,77.6706530408203,3655.4632544133515,0.3041109723747879,10.192709291286969,0.13445367455866486,20.0,30.622501856957385,5.0,49.715297706376035
12.921149246954824,77.49329401417951,3868.2676444544704,0.4713417372849042,18.593263917900885,0.11317323555455296,20.0,37.20414009783834,6.789063787651911,53.13803148780916
12.92967388050552,77.57085417829855,4518.1635605163665,0.36374366978191996,10.89557925620923,0.048183643948363344,20.0,10.0,5.0,55.0329785763885
13.16392036105402,77.53784721761004,2994.806752830269,0.16057911400893543,8.397791137961363,0.20051932471697306,20.0,19.315038866396844,5.0,56.75426165349503
12.873548128904387,77.47364346063229,3442.930514037238,0.0869502301758194,7.5298627201551165,0.15570694859627618,20.0,22.436368625634277,13.74858724746117,45.93819052856239
12.928554554523146,77.63899818572645,4381.606171432698,0.1229520876603645,6.977592244445651,0.0618393828567302,20.0,35.81567716419146,22.46297341332056,54.35373322294202
13.113921964470743,77.61420350366966,3563.3428061316267,0.1559155949324923,11.008278906127172,0.14366571938683734,20.0,10.0,5.0,47.32879864018537
12.994236644543761,77.60129115866515,4763.95142862479,0.3861404336901702,24.190128703328483,0.023604857137520942,20.0,10.599279288760652,5.3408672404244655,46.59309882465213
13.11677390360378,77.74366733217957,2919.2181322710976,0.8673823952108665,16.79968950981287,0.20807818677289022,20.0,19.75277783861279,8.425666812883083,51.00507490354327
12.908192831046094,77.70703726149615,3709.162796960675,0.5898174425205973,12.65898268580324,0.12908372030393248,20.0,13.357799931826511,5.0,41.5574740596575
12.80359288662952,77.69523668724153,3041.578876696038,0.18119213997991274,14.621422881116148,0.1958421123303962,20.0,14.985048931058442,7.512380544054133,45.94039170446003
12.930423155067661,77.46018042980413,3594.1496021899984,2.2022958845353617,7.316644945647784,0.14058503978100015,20.0,11.280809988872772,5.0,55.313286453937636
12.91525495013517,77.79726711349801,2896.4619438221425,1.1132093217360772,8.666455167072007,0.21035380561778574,20.0,12.61941681344733,5.6082236832666545,53.264119377598924
13.103917065811327,77.58335155713091,3672.056726667208,0.16196373590750224,5.4051817397107245,0.1327943273332792,27.83792319016416,48.750328846142146,20.23696974735844,43.782215325765534
13.053108624180773,77.59507215903595,4184.900082812075,2.0336281157154086,14.583202603713689,0.08150999171879243,20.0,46.05529568265414,19.813272609437497,43.70467187034627
13.089652485446134,77.74816644524313,3063.016716008614,0.20527011902139813,3.6670966758966497,0.19369832839913861,38.45304751000724,49.412211018113055,7.877169654378965,39.794983589261875
13.1306134609863,77.5868715607213,3407.9883936187557,0.15663421002874692,12.032431433600381,0.15920116063812442,20.0,20.734091725491727,10.37582750761704,51.10926258401523
12.909841762826662,77.7496708064013,3330.837489736032,0.3757434099912414,6.8627560037894195,0.16691625102639682,20.0,10.0,5.0,56.89234813730752
12.988973688084043,77.65304067861379,4390.315003097328,0.5859187865618383,1.0442534270026942,0.06096849969026713,65.72695616722493,97.4516350012524,34.089514763061736,27.55705435582999
12.844390160295424,77.53103604769659,3577.9339203083964,0.3798562268262385,5.412967422464797,0.14220660796916038,32.52220716618961,35.91316972830056,16.9129680857469,42.87297721992432
12.922600586232472,77.60316767608268,4502.571852121417,0.6433554886861856,16.49506645957042,0.049742814787858365,20.0,10.0,13.210889552673654,50.776624995997004
13.03132208976838,77.58591383751846,4396.495449482099,0.16755487272472183,3.1419432998233896,0.06035045505179011,59.736330797238644,71.82341511637962,15.23677941883221,32.58716481860746
13.119898171904978,77.67087283342211,3332.3701577209886,1.2997714995968206,7.220069565696708,0.16676298422790117,20.0,45.85094895036112,10.32170797009186,58.11942496405576
13.029075228463835,77.66946437242066,4056.1739490292866,0.09332693739975162,1.7261023774550281,0.09438260509707136,55.882776059289576,66.91246712722875,11.06622515562824,28.73759025062406
12.908016493651647,77.54882167317788,4216.51308331386,0.1502194599593613,14.579123353980743,0.07834869166861397,20.0,27.06438834255168,8.135365841582992,46.53567438263994
12.963431129080917,77.52901888295781,4339.120785272112,0.11838036901401021,4.806863292431533,0.06608792147278883,21.48432102307943,26.6350713290449,16.702401822226165,59.53028169010319
13.0775192823664,77.77321191740378,2923.437662489531,0.9721694750829668,8.576153962220049,0.20765623375104691,20.0,24.460792216331512,5.0,50.405412714504116
12.922825590136757,77.45403244321419,3512.10951080935,0.08748385583036264,15.77654469877534,0.148789048919065,20.0,23.857296470506114,7.905178728745774,50.48913587353962
13.037000866283387,77.72117592644626,3575.2635869625715,0.09811279749116202,10.762899644082424,0.14247364130374285,20.0,19.49320983502267,5.0,47.20956824931663
13.066418142084173,77.50118786599971,3668.973822692349,0.17000638357949988,17.19997276579156,0.13310261773076507,20.0,21.88615770182031,10.298904133556878,51.62788908393535
12.909405964914221,77.44532390601512,3382.858997006318,0.6778897624863107,0.7590813381680052,0.1617141002993682,60.32612344346637,74.65640165331253,18.459543971554986,22.86515994492065
13.120362551816983,77.62146057971857,3488.319227947967,1.4984269316130197,6.75048644066456,0.1511680772052033,20.0,23.587073129927173,9.856232423189606,47.04357605599053
13.015244709520617,77.5185487011095,4123.149914063302,0.15520790882424715,23.99026240285986,0.08768500859366976,20.0,10.0,9.603750639130801,50.846875256358054
13.03816089369047,77.52360857717326,4026.853829898173,0.6389131129023583,19.066803669938526,0.09731461701018271,20.0,44.68226041505824,6.415650732395985,56.012882526126134
12.998587155431963,77.72027458028442,3714.604858886759,0.10890534906631225,19.912423809721695,0.12853951411132414,20.0,29.102763111691207,13.117581467205849,49.016095255615085
13.018075638979989,77.69376541665217,3904.8395150300285,1.0341867414724404,6.398168837054178,0.10951604849699713,20.0,12.661696431936459,5.0,46.306512508352185
12.88083998178279,77.70470005772204,3573.1361796869314,0.104014431208058,2.433018403480524,0.14268638203130685,65.85367397716946,86.01360562341124,23.755075468055704,30.989956564035424
12.940299744316931,77.54769973314015,4436.143543324127,0.6452370476869341,12.513086880293772,0.05638564566758734,20.0,20.532904671239983,11.029102687671092,46.26575870503957
13.005092136988306,77.41484118125719,3171.477203974352,1.530615207796938,12.628054962063866,0.18285227960256478,20.0,17.026908493009728,5.0,52.68487848471871
13.155420581797172,77.5670885019062,3141.320661878017,0.51761835176141,5.9374997419281454,0.18586793381219832,20.0,31.70802219987971,5.0,52.139071975764516
13.032793536462597,77.64785384269024,4188.78975190917,0.4404206174902149,5.604591479033552,0.08112102480908295,35.18168661058413,39.46957092600303,11.609565191469196,42.97966415584053
12.98088250293307,77.45546700037823,3605.5769492563422,0.09911818711157164,9.259187538422346,0.13944230507436578,20.0,32.04256272947444,5.0,45.92640909382934
13.13239480513987,77.48689417798923,3064.6573054111486,0.12350571348673807,3.665234671666357,0.1935342694588851,39.171329154756876,54.402349666886586,29.18068148754082,29.167173151617742
13.062910338368663,77.51103041411416,3762.2014066040265,0.17174133475361214,18.67328246121484,0.12377985933959736,20.0,15.157109970116817,5.0,44.84928867388585
12.809867274482555,77.65116353306402,3286.6142356145774,1.8070255346000481,8.433002519107777,0.17133857643854228,20.0,25.493419110598804,5.0,54.01577371307011
13.00754412773585,77.7045581422199,3843.160626571617,0.09515348422872216,13.795001448398311,0.11568393734283831,20.0,11.461951728999916,5.0,52.962389920603584
13.002808254773608,77.48613030529741,3871.3003129756835,0.2643616700679235,6.129663372707476,0.11286996870243163,23.594036140960526,37.07458268608339,7.5752190191826365,51.42595909159562
12.844008012057209,77.51344897013257,3487.875499975694,0.31411277269208143,8.056475806628375,0.15121245000243064,20.0,35.3997511450051,10.112134325138772,47.58863894899242
13.172304074417289,77.74573710241441,2487.540065713999,0.6338718031617814,4.804672480756056,0.2512459934286001,22.71299807118416,33.852097666244696,15.606546654975643,44.90302064129968
12.991724962399378,77.65885130759911,4326.706257286503,0.2106827274491042,27.128713935869314,0.06732937427134966,20.0,25.44949240205459,13.67481791991831,38.771647808637525
12.937534098832861,77.57333636689587,4598.42463781798,1.3391618950861126,20.038994765992005,0.040157536218202,20.0,25.107234341864967,9.740313544654068,47.91197016114061
12.868812417869437,77.77818977277028,2895.9445894632713,0.3416551895888287,5.969392429423667,0.21040554105367287,22.823925187107072,21.272372857582894,11.974873528045926,48.65325427833122
12.944712346196464,77.57809917519484,4684.528425003217,0.23611618988245303,8.885306826804902,0.031547157499678256,20.0,37.00941513031699,8.21475344977058,49.9581894443797
12.967317202319649,77.61240186261016,4816.902029404555,0.09172679832704912,3.3611624354779663,0.018309797059544462,39.854687703955676,45.84942056678715,11.928621282586912,31.716807285551837
13.08721532096527,77.60193037749578,3841.525275367085,0.38855122606740566,4.7372677889078565,0.11584747246329148,29.23017177254855,41.97694289042439,18.031634997916647,48.84300698933267
13.012567765144047,77.44486816122328,3447.6475489002387,0.09506756194141203,3.571871578686538,0.15523524510997613,28.944678937232773,23.896261025277667,7.203699424792987,41.513620356639834
13.016155920631983,77.40344222982966,3037.182556632988,0.6053747225245782,14.092492757689307,0.1962817443367012,20.0,10.0,8.930727370211494,57.70161989909943
12.88862341319791,77.55650724404042,4086.973603124147,0.0933209074083079,10.326986917623978,0.09130263968758531,20.0,27.197899945560327,5.0,53.43437611601447
13.044525289694976,77.54580516135147,4122.55859706574,0.31272529757305384,12.587557222880907,0.08774414029342596,20.0,24.376965731239228,10.61074706731746,58.83255900163817
13.127390910381322,77.60857375065495,3435.8365346036253,0.34204470297308526,5.371104209672326,0.15641634653963746,23.708832787802535,30.188610994136425,19.025897994403902,45.86828168686769
12.964074609854919,77.40708897230436,3123.3802461790815,0.7645661362715183,7.245162972523763,0.18766197538209184,20.0,32.648244384910114,10.551488555231698,51.4922590699072
12.854210210387212,77.70065485394161,3417.9761458842663,0.37173209918996164,13.716864477439083,0.15820238541157336,20.0,29.42873348103671,9.202926575561158,56.59308963109737
12.840223639025734,77.47373005176738,3214.802738950173,0.4191297142608899,5.2692883511297275,0.1785197261049827,20.4548139908685,24.42434267765454,5.0,53.06666287898524
12.885109733488555,77.48390621655125,3595.2338310088708,0.3312123725842455,18.44552706042371,0.14047661689911295,20.0,10.0,5.0,44.76421215654868
13.030786997822633,77.53073665930226,4129.274612961619,1.003545462953763,8.32694311404023,0.0870725387038381,20.0,24.730581921495624,5.0,48.15044765271426
13.056723308169497,77.43953976999379,3231.1118598594485,0.08864521933989249,10.186396314460822,0.17688881401405512,20.0,23.47494931461348,6.318091984644609,50.21520435425194
13.125026220732614,77.56603307211061,3439.3695319733697,0.2574102119008852,11.332871323986033,0.15606304680266306,20.0,29.225100702105117,24.21697824906346,51.401027705250975
12.988916395424642,77.58623990901596,4807.711500145225,0.9336654017790786,9.246515066604152,0.01922884998547748,20.0,11.668986949851448,10.455557874962437,43.22014827570018
12.942232209354714,77.43825926179291,3409.248807936204,0.24012598738744956,16.785528364044858,0.1590751192063796,20.0,26.575331531289844,5.039954493923773,49.070572819635515
13.03941017573895,77.54120388734212,4136.902972967686,1.4684122926188994,1.0539200378931228,0.08630970270323143,43.91528033026312,39.953145323242055,15.379656605566336,38.29928688799004
13.018646055111173,77.69450518600848,3895.7184465493683,0.1989895992820344,13.020571613891182,0.1104281553450632,20.0,18.08721990630294,7.217888527270899,44.017210356916564
12.873029755658292,77.48994216441527,3562.3159033061265,0.23585953201589194,14.860657778717718,0.14376840966938734,20.0,36.27799987851685,13.323876870450967,58.8375119788267
13.089195147682542,77.40437845225527,2763.644572415238,0.17362170006414923,0.2973408116891721,0.22363554275847616,86.7797725177468,120.85838606227144,32.570616301191635,12.439189497463477
13.04746031487092,77.58159482957777,4230.329821934985,0.4957265867335828,10.047374480408356,0.07696701780650143,20.0,26.09461969730197,5.835851319778022,52.43085620732937
12.826594716394602,77.47519037934191,3121.564752801131,0.8670965132589962,9.052309319809607,0.1878435247198869,20.0,37.22167146221126,17.95380826707987,58.958353552617666
12.992089609338313,77.59840779169583,4791.595736983253,0.10167882408855418,20.691454835259655,0.020840426301674708,20.0,14.247590748997272,15.316372680472705,47.02825073630198
13.10112923637823,77.62032039763857,3679.4182368587326,0.2589935576559106,3.668366833599232,0.13205817631412672,47.105762229729265,46.255740433487276,6.699942550090779,33.550349720947075
12.949498966006775,77.73918881345834,3537.3181931513363,1.2303496974514447,5.13792686145597,0.14626818068486636,20.0,21.085105787466482,5.0,50.76837010282094
12.965070580024301,77.53239464199096,4374.52898626302,0.2335239720371109,3.4112247453000326,0.06254710137369798,57.54856355321979,69.75164788101722,25.23821178738102,22.75085103080704
13.094634859745899,77.71719593056075,3263.1252519899776,0.7168073739575306,3.6256920289164656,0.17368747480100225,24.150603031270805,34.64497391740262,5.0,47.952877635848864
12.978999224869227,77.70296704778315,3913.806390467134,0.5314397135779698,5.491118879200356,0.10861936095328661,28.946947403722433,23.801014019870188,5.433754974911814,48.19924436541974
13.070984382481988,77.61579576861573,3983.8053292534205,0.6176018562263381,24.288095047883356,0.10161946707465794,20.0,37.36657357758983,18.953168548397134,51.60108288974414
13.154794241852773,77.61469375708704,3157.0705569152915,0.10914545708847441,3.9945446679839716,0.18429294430847087,40.815722729494716,56.70201311980072,17.17921945054709,41.10655501884915
13.0313672068268,77.63141060918088,4298.064108330066,0.11034580477992065,14.021643975435563,0.07019358916699338,20.0,24.87473753680739,8.627636018689637,46.40967608190868
12.883421554263801,77.62919162731494,4052.7925795926526,0.5102218386046498,17.22812228631307,0.09472074204073475,20.0,27.548738029360464,5.0,55.31886991892788
12.828516636738003,77.66258817519287,3415.8522540993686,0.6617720248642567,11.5275620477031,0.15841477459006315,20.0,20.55901971737667,5.5953440562186865,50.738779537000646
12.857326299251174,77.62615506703114,3814.495848249705,0.30768487626548,10.956908495611849,0.1185504151750295,20.0,21.47083227280681,6.602520827146828,59.08303081777736
12.821022540945368,77.71981245839649,3041.640203817431,0.2940233299925554,15.14022772089819,0.19583597961825688,20.0,23.540711712598394,6.979371464666918,53.41662255758046
13.060211650326549,77.56158294031178,4054.3705374698848,0.05962816339076353,10.702901949083458,0.09456294625301154,20.0,32.651565501202626,7.350508202468411,46.92131270895397
12.863991175451085,77.5429120196398,3806.2116421025207,0.11626887401229642,12.496097735697635,0.11937883578974794,20.0,14.81980938361035,5.0,42.17688936332098
12.993113985028625,77.7253286579132,3675.1289288539374,0.28504971607080887,7.778458363137462,0.1324871071146063,20.0,10.0,5.0,48.02199813377146
12.968142416587181,77.7863862751909,3081.825601394417,0.15895213753033666,10.591483647502637,0.1918174398605583,20.0,10.0,5.0,48.11441063153276
12.911680176429073,77.61397812099976,4370.246331471385,0.059269212043088104,34.45790864021718,0.06297536685286148,20.0,29.60652519578775,5.0,45.36474954037333
12.808711620606555,77.54806684891254,3305.9528255815526,0.434858829831973,4.617271523318775,0.16940471744184474,29.612985779640965,54.33432842977924,18.90407913072733,43.554474810796904
13.01148988794774,77.6157376472352,4548.557501876127,0.18604138690229804,7.647717124886917,0.0451442498123873,20.0,28.93977382205645,6.8701943588864225,53.709111471950635
12.957804730069544,77.43231284469303,3371.2756448655045,0.5374686491018523,9.9430251797122,0.16287243551344951,20.0,28.210849902198063,8.645615853930464,54.55513654499964
13.093186688049501,77.7297061578563,3182.391774844265,0.7084070012248505,7.200294238379728,0.1817608225155735,20.0,20.849180720910766,5.047601392648264,57.33391278449488
13.047433677982252,77.66003535572015,3998.3746960794715,0.5818618036107043,9.062343662678286,0.10016253039205286,20.0,17.201722900387765,9.565092715282557,49.51826684252854
13.017604756048916,77.51199248178222,4054.4610190361336,0.6285052814992019,1.134580130341167,0.09455389809638663,62.883113453503896,75.74749178501466,21.7987592883983,34.61908929441548
12.954416085879123,77.60721415823753,4786.8324854591965,0.1689608055119368,7.023386459817121,0.021316751454080313,20.0,42.07590322192307,14.12043348179298,47.118690354858636
13.117604892872842,77.68818439146149,3265.772014179578,0.340157240005325,4.8174511175481936,0.17342279858204218,39.08471165047541,54.24642143058267,5.88832716030543,39.2812746249001
13.107581623566496,77.60543780723569,3635.871706419883,0.1115514514274886,13.370752918033542,0.1364128293580117,20.0,28.3866796255826,17.023834237939063,49.8184203329204
13.021117068570643,77.47249839960627,3682.3983569173606,0.23242662793660746,16.936192123047352,0.13176016430826393,20.0,13.675210321051278,5.0,46.796581816461135
12.978322729565026,77.67459104041754,4197.269557081279,0.2098905946458585,16.571566403292305,0.0802730442918721,20.0,21.709189690782903,5.0,45.89092585789327
13.166988559517936,77.61524929113021,3035.233285739143,0.1526698573774257,13.748617914559587,0.19647667142608571,20.0,13.834756378173976,5.0,48.20772246581595
12.89801437476712,77.57211483280125,4230.556890675488,0.6169191605978854,4.309093653981126,0.07694431093245122,46.31375207944249,54.293867690492675,9.37145642228975,41.35176744598013
13.089221962453026,77.45989591605134,3211.7014711254383,0.10999534809323262,8.008743068121733,0.17882985288745618,20.0,20.732026571007093,5.0,44.79795029064129
12.893633781555495,77.4078448311123,2976.2355788084014,0.2915874124130306,2.1539228738836047,0.20237644211915984,58.085538463479736,57.00799349604755,16.26089593295605,33.9527474275781
12.801237372821257,77.43941920537276,2695.558554434811,0.7762284762790942,5.512965397275986,0.2304441445565189,20.0,10.0,5.0,48.337103100750625
13.042483609907574,77.47745454392597,3630.7832884338245,0.6340417671811747,10.412740603782934,0.13692167115661755,20.0,10.299733726355708,8.416801479204725,48.709772421944194
13.16188748534712,77.66831191345332,2959.3438980396345,0.1467761438293625,12.752403956186177,0.20406561019603656,20.0,10.0,5.0,56.46214687168541
12.920703321929276,77.58839941927863,4487.270145211222,0.0643527182376538,15.192416719141963,0.051272985478877764,20.0,17.39105663013817,7.075997129101687,55.392153720993555
12.938228280005022,77.6048184275211,4650.988831636133,0.8991247927442633,5.6837569695787,0.03490111683638667,20.0,13.767467766244156,5.530467043360269,36.6271643592293
12.824624184118777,77.69271920032567,3232.819535913208,0.3793673968559862,5.477293377565528,0.17671804640867925,23.425276293723293,41.57132949761053,11.504877717043309,55.64528726598782
12.968321487883681,77.70068470607065,3938.646453636098,0.36359189975624717,11.88208568196855,0.10613535463639015,20.0,23.653344302623932,10.740096479085361,52.96277653964384
12.966328463089294,77.51797627717038,4231.951563918532,0.5585096827240007,8.361333327473414,0.0768048436081468,20.0,10.0,5.0,51.22519332157703
12.800414567473291,77.53643573259401,3192.030577907044,0.21903123021348936,0.8750917070817167,0.18079694220929562,62.04671305147106,78.67322499179623,23.30369593757791,20.468314182827392
12.850141274634908,77.62277005070638,3753.1730784061074,0.5280625699637732,12.505440344210264,0.12468269215938926,20.0,22.42578666226589,6.721396731242282,53.00469190355863
12.992026201212175,77.70037599828646,3922.6982080467124,0.4403762432067826,3.52081612993021,0.10773017919532875,60.05904474767621,73.99736902369169,24.02618191673321,29.774667048948096
12.930198340742528,77.54373824395597,4344.178712059901,0.4757969990863585,9.051077704707234,0.06558212879400993,20.0,17.305630863665094,5.0,58.992400435690584
13.054535784289923,77.45411119906345,3368.5758520735703,0.49785892219697814,8.91075312675074,0.16314241479264296,20.0,23.14391951071879,8.828345042355702,45.26985086824519
13.04156687012597,77.57652377048511,4277.358111600264,0.23635214321153294,19.911710699026443,0.07226418883997361,20.0,10.0,5.0,45.379685963294676
12.931355273441293,77.62078145899297,4519.884721052797,0.38465136580571896,9.547036271857502,0.048011527894720275,20.0,23.488813069846223,7.127267860456229,50.71653152500002
12.894214203030149,77.45579116135356,3410.7720346334013,0.3557131966768364,5.921436626972112,0.15892279653665986,20.0,25.791140113684673,5.0,47.0611704751442
13.168412662416085,77.73501536527954,2582.3213841808215,0.7033088873463843,4.137653384371705,0.24176786158191785,20.0,22.531464787446993,5.0,43.00159247633657
12.934194556224128,77.42014360245732,3215.7858349502694,0.4746752812213741,9.444172828716184,0.17842141650497303,20.0,26.410002533972456,8.125823500668538,48.28644689260051
12.896729157279445,77.77417520408717,3054.417901690202,0.3428898423841964,11.56752681994451,0.1945582098309798,20.0,25.949295738109782,14.813353976512069,52.42110387173421
12.914389320429288,77.65159243365092,4192.46056750168,1.1789284900056316,14.772958702676057,0.08075394324983201,20.0,20.069097992985384,5.0,42.537688649970036
12.821402801870306,77.45627166418525,2958.0909223158746,1.0889625682927524,10.234580208315782,0.20419090776841253,20.0,22.24836264221043,8.737833908572238,51.43848803505859
13.074267571645464,77.53142017750807,3794.499264301822,0.22693644190728052,11.944871617970962,0.1205500735698178,20.0,17.02170711746102,7.794438670457333,52.76500835951826
12.835051348710758,77.69887478724952,3281.8974004779475,0.19557654048102424,3.315964128539367,0.17181025995220525,31.931867642929127,15.057604037623232,5.0,42.01400902536145
12.945427324007447,77.74482956365615,3475.0760423899937,0.3418399697867617,11.008191009196237,0.15249239576100065,20.0,29.57137618403482,12.617825639607702,47.01260570987798
13.099127983077256,77.68778816809328,3420.524734592726,0.24986542661630778,2.59204304363637,0.1579475265407274,36.70575965186228,46.61441956885261,13.926750430272557,46.800419215276655
13.135819775334099,77.47370124034109,2960.7686571199047,0.22623471961297198,13.306602323571699,0.20392313428800957,20.0,12.05462492963748,5.0,47.22500305942895
12.842395542057568,77.7214087074917,3189.6342842421464,0.3932398218903937,9.433466004533287,0.18103657157578534,20.0,15.851318510906559,5.0,59.027872163434076
12.87660909429346,77.58008598452197,4039.0666614043807,0.41144674889810906,4.249517961583666,0.09609333385956191,32.56567392682499,30.689124315748213,6.086313569536994,39.90695539964926
12.909876313816808,77.67581661490846,3979.9043195253835,0.24943065936781533,17.060212468353477,0.10200956804746163,20.0,24.550029360333745,9.477183672607323,47.66905694026889
12.916519409868238,77.63773458577509,4300.395547523315,0.2891938272088211,10.569685214250558,0.0699604452476685,20.0,22.827604105639747,10.515022395137114,46.38045905422863
12.836394542773663,77.53359969214424,3516.707944392575,1.0497386728471336,20.75774791331924,0.1483292055607425,20.0,23.68481486671896,8.392309992102435,46.845767985264054
13.036452907130052,77.48702271489162,3743.8641859055183,0.35029481036863275,5.170241129619505,0.12561358140944817,20.0,22.590740761011872,6.103222967836166,41.520189958113704
12.928551172131352,77.767173057505,3221.386445641146,0.8191399865382706,10.617233010390775,0.17786135543588538,20.0,33.60305168086668,5.0,55.41572606330367
13.075238793819501,77.59729542608284,3963.2616093667093,0.07322824900627987,7.639344617728147,0.1036738390633291,20.0,26.30055611545501,8.507528407179203,46.22978754166226
12.975264776026705,77.6427496345529,4517.1109971324995,0.030563721257164462,12.269957876040799,0.04828890028675005,20.0,30.53833223062379,7.987672911993052,51.95668790422311
12.846326359270625,77.42568290363319,2896.9909532627444,0.22574061776153231,2.780749773519742,0.21030090467372556,50.0902099065209,65.9890186395034,24.608431438183867,39.68433582951275
13.132643291586136,77.49997316738137,3132.135464860168,0.2524413133047571,6.88172543718514,0.1867864535139832,20.0,19.84955399562365,5.0,46.24372203152663
12.992441421455602,77.57053046722744,4681.612302973365,1.234459104691057,13.443256878020861,0.031838769702663486,20.0,37.46571662610296,18.45806658366208,51.45689492407973
12.976427763055526,77.72552256247675,3689.8845599871706,1.0951794272514643,13.983452865791202,0.13101154400128293,20.0,21.861035113556817,12.820789179817043,54.90131476360842
13.036938187503777,77.6475250464729,4159.158796773339,1.3774747074310338,22.59359289843071,0.08408412032266602,20.0,24.12169682282905,6.772136539883451,43.64225739553858
13.051845600854566,77.50507562178264,3797.753321829683,0.38378635603750955,7.57781325927116,0.12022466781703169,20.0,24.530593129326192,11.685626719474106,47.615617696780824
13.10347074860593,77.58801123005674,3679.6475384483992,0.2483542308140978,11.755653451609039,0.1320352461551601,20.0,37.14074981524604,6.398481468233811,55.30628129256059
12.91404736173856,77.68161093411163,3956.7738104403697,0.41575745137496367,13.239114928192583,0.10432261895596302,20.0,29.923295470133432,9.473557715796776,48.04795630859765
13.049021605937957,77.49672075601751,3752.0235792052763,1.3411303717728449,8.099450154724316,0.12479764207947237,20.0,10.0,5.0,47.49265288320763
12.9724055568254,77.52419027563468,4295.856676024036,0.3992321576351204,17.33647919072207,0.0704143323975965,20.0,15.233029143807071,7.872208504899873,48.07253379543821
12.854374330508909,77.61320627116581,3813.0690452123945,1.0876235385296331,15.872745616644911,0.11869309547876057,20.0,35.870776787417554,5.937284348076838,47.926847455929845
12.86295461986885,77.64176668863122,3815.579671726423,0.18515281429664002,7.909795414621141,0.11844203282735771,20.0,10.0,5.0,62.13231837303496
12.96397988170707,77.61869749105297,4747.263916734031,0.5512922821367086,16.09667657122147,0.02527360832659684,20.0,28.039155813157194,7.83470005294823,51.59186469757333
13.0148377366804,77.51338525323887,4079.927341743126,0.2141783747691774,6.791052112200705,0.09200726582568738,20.0,30.989530717174212,6.151669909134209,49.41172534198918
12.909067207992123,77.60715490979233,4362.193145521787,0.45452860046029053,6.675869540857403,0.06378068544782126,20.0,43.83633652436019,13.210303129897017,51.93293114952596
13.175494639904722,77.57252907427788,2949.1428634810463,0.1144121393772596,3.6206160169730968,0.20508571365189537,42.34842949790287,59.547444073238026,29.99519729538674,41.227460485815946
12.929461006368834,77.57041471179811,4514.137576092158,1.1293077322114287,17.634926746286446,0.048586242390784205,20.0,23.174074246487095,10.802065930622241,46.125185879680075
12.937139700275322,77.57122684166393,4583.608743161232,0.5227460935327519,8.207455413150027,0.041639125683876774,20.0,17.38974945372506,5.0,47.71651192488377
13.022449027071413,77.66303742327928,4147.397838425429,0.6240294042966228,7.622666551861885,0.08526021615745716,20.0,10.0,5.0,57.69598600087454
12.832367004897797,77.78111424171544,2672.482238782766,0.28782085521091105,5.317932027632844,0.23275177612172337,22.14661129853132,28.329794803637053,12.010320578849008,56.27885586579703
12.917015931573662,77.7769220890452,3096.8246355162833,0.22035258700087526,18.153147106755387,0.19031753644837168,20.0,27.014070697811174,7.921321009959123,41.3109769207675
12.974307087870233,77.77620118288132,3183.7864126531563,0.7800427071191606,8.099940289983216,0.18162135873468438,20.0,15.816625166637468,11.367400679196592,45.22725344587761
12.857649047337118,77.69414695205492,3486.909940677571,0.28168096410087495,9.324051118353523,0.15130900593224292,20.0,38.984673241370416,14.506597271202454,43.882164072624946
12.924698424552009,77.47520166349868,3717.2014757263714,1.109577023690952,11.146404430100151,0.12827985242736287,20.0,43.6754074619586,11.627485478016794,56.03293709902104
12.878654536412531,77.46240280065159,3383.9876635046026,0.4325650775295305,15.438538061991817,0.16160123364953974,20.0,29.740419308840302,8.372805177142412,49.0795656649204
12.922619622119814,77.41896126592889,3176.5954282335088,0.22333100505587683,2.5093632633280376,0.18234045717664915,43.613531513178806,60.1599655187362,17.63943619491297,33.24954765131151
12.995476567388387,77.49024213132994,3929.45550192388,0.20706453941519204,10.739063486675578,0.10705444980761199,20.0,39.02734326305588,15.589345502537295,47.58033277524383
13.157177120043352,77.5564285885032,3105.378028754999,0.9602177804398949,14.425617130053622,0.18946219712450008,20.0,14.542784124815274,5.0,52.68758563486571
12.933792631304772,77.5376308636862,4316.269086555478,0.273124228645614,7.7147552641534505,0.06837309134445227,20.0,12.483188909656565,14.301438343394892,45.69717298093057
12.92314364468405,77.5395144498801,4266.349115551718,1.0177236922021236,12.45449925572267,0.07336508844482827,20.0,12.894126413099567,10.695852825960811,49.71693956367772
12.975585794510646,77.72863880609472,3659.0194596050405,0.2903036173337499,21.426115405701434,0.13409805403949593,20.0,20.87928067947267,5.0,46.862896327868135
13.155928482530085,77.66376170484446,3031.2356441453967,1.2459962803544342,17.314428492142117,0.19687643558546034,20.0,13.269447703760733,5.0,33.91971400371432
13.055225573155075,77.5813400124809,4153.2967606934735,0.16320226090823803,20.974317715264853,0.08467032393065267,20.0,10.0,5.0,46.12196697698804
12.851549689075204,77.51975191160314,3585.280469852601,0.4639501088882459,5.29114503957318,0.1414719530147399,23.372861943010975,14.400947592919362,5.512609979494782,57.23798102365627
13.160727427999896,77.68709959647067,2894.641138211983,0.12245454226299782,2.48343138716479,0.2105358861788017,70.51179643342184,80.79163324438744,24.072538459179984,22.157286837577917
13.180149977529826,77.79198309005692,2128.533869813058,1.0200186243333411,7.895720642737313,0.2871466130186942,20.0,43.17259148426123,5.32391890497295,44.229183076102295
13.09988022616224,77.63424353152298,3657.337495278539,0.4098971910214379,5.060989993596989,0.13426625047214613,26.67858145612456,26.76271244036687,14.280248296816227,41.99194059123723
12.862864395226282,77.4602681172924,3271.7498312664793,0.4830200210560358,10.911314613205018,0.17282501687335208,20.0,24.297961651214244,5.0,57.41871955101853
13.06816630714069,77.67889109247652,3718.2028262757403,0.4042144012330508,17.212960801603842,0.12817971737242598,20.0,25.697477679706616,5.0,53.03973783502877
12.858275167529909,77.57930200181094,3856.472719915845,0.3040438023283328,3.837387542045672,0.11435272800841546,48.4574431946607,54.51331138806715,13.150832265740334,37.35836977018861
13.051469646168306,77.42297802844587,3107.0324487942926,0.9444918281265331,1.757455113426342,0.18929675512057076,40.8886994253684,40.53244457005096,16.986366706820924,43.07733133658619
13.004414710517716,77.78918738002791,3026.651229698906,0.3981157584262222,6.047588419017839,0.1973348770301094,20.0,28.82790124060318,14.066285887730931,48.33269653409114
13.051517481398394,77.47377099762342,3551.3298633442328,0.8074650755365882,20.090337259045484,0.14486701366557672,20.0,18.719388869742627,5.0,58.2637447790844
13.077194870769295,77.71592306034168,3391.5982559243757,0.544364848349376,20.421057522893786,0.16084017440756243,20.0,32.50719394460647,14.211473294185684,44.43352582942684
12.873044714447403,77.74378373536125,3212.0142280574764,0.10775066782847761,6.213538004821045,0.17879857719425235,23.509457553158597,35.248577252783136,6.045472278720728,44.18750350603938
13.084607668997704,77.61466835942977,3852.2425211527952,0.13682511550709658,7.755629983760074,0.1147757478847205,20.0,35.7841931756372,9.237682764953771,43.82148488975295
13.07801164708799,77.57351697717463,3915.1989819587284,0.8225266187017872,9.219893265677792,0.10848010180412716,20.0,32.261098366938704,5.0,50.43479851018585
12.891760741074265,77.7002194772074,3675.999198211167,0.8171697154265744,9.560186605952953,0.1324000801788833,20.0,11.018960963128421,9.876821167456422,53.56633125398271
12.817705277377884,77.68569335226525,3211.660421568139,0.4300136160870003,4.818832045099043,0.17883395784318606,34.60269766055893,58.90720913316483,21.776777135497994,38.14110132633618
13.022977845671077,77.63911227214672,4320.218755961558,2.423407851214413,23.72317782184758,0.06797812440384421,20.0,34.15220891814305,10.78558227906906,63.03429581574885
13.000610955078457,77.60355378208696,4696.387462672398,0.04385512160158176,18.898176925922698,0.03036125373276015,20.0,30.883869307128094,10.23398368536253,49.04221420765877
13.084504935661347,77.60022848923897,3869.5485685883746,0.8765136709763148,4.0290139209753955,0.11304514314116254,28.146772707297437,15.439069572462575,5.0,42.527170947670356
12.852204443922426,77.62338343175324,3771.8393934600176,0.09137208436671755,21.80285372218426,0.12281606065399825,20.0,33.64178773383425,13.698133924529538,51.59777050609939
12.893183757767517,77.67001959417884,3912.010007768251,0.22983565479680815,7.104229881974208,0.10879899922317489,20.0,26.83844567302737,12.864046661674703,55.82797447572064
12.962775071880273,77.56146024125906,4657.053507712014,0.09769452272166057,17.509326782193227,0.034294649228798615,20.0,45.93602615610071,5.376332433097758,47.50080201299168
13.013562200104998,77.74251258372166,3462.503376885993,0.5529513359692416,4.718564639885509,0.1537496623114007,31.650343286067837,34.71393631139529,20.42631823164257,42.63697127138708
13.025633905561614,77.67579819410125,4024.6636643933916,1.4438222542309298,2.7000392554294637,0.09753363356066086,33.69297132965501,22.853131101592904,9.80345457986411,28.959312681256527
13.171164851656822,77.57651192172898,2996.170950596136,0.16673674462902469,5.980830334390241,0.2003829049403864,26.68017846236829,26.858540709546574,5.435819131622203,58.690522558832214
13.159865812487464,77.69760638065229,2853.9727260202635,0.8197910365113623,7.500709836756182,0.21460272739797365,20.0,24.02231622162402,5.833476119655719,47.71390730340402
12.868233230341731,77.66475351557884,3750.7520335155286,1.2789780061602767,9.081456726367023,0.12492479664844712,20.0,31.424442386469565,13.22787287001432,48.50147203236073
13.168818273727853,77.76202014331072,2413.021997032511,0.8268245468956616,9.91891431653667,0.2586978002967489,20.0,33.778722722111375,8.781759820954456,43.05109928403665
12.91130202632958,77.43510754853443,3294.899190568043,1.0239530521503581,4.499825011064858,0.17051008094319567,26.470410693223727,26.658407838892675,8.39709867036799,48.36944496301643
12.823420113479035,77.70305569093698,3163.701667321358,0.24317904787605643,1.1354983503743765,0.1836298332678642,73.63213512329652,88.18109522377189,22.46163099433776,24.291770076392936
13.04047702510023,77.550413353925,4181.678285879236,0.6747831317172078,18.79147998593721,0.0818321714120764,20.0,46.098556657484636,15.464539563595878,45.82437748013882
13.105328182760875,77.55722911306407,3611.4824432185214,0.2067937746061961,9.067215206908719,0.13885175567814784,20.0,16.597677474512917,15.584271071579423,54.88923782327166
12.866423202211454,77.50877721006162,3642.512981061717,0.10139008059656184,4.361567806157393,0.13574870189382832,39.76140693689078,67.56749227687187,12.505071293862459,33.1015033837363
12.863796943377668,77.6894448814675,3564.13612909507,0.2052066739463589,3.286132262223804,0.14358638709049298,49.57837526204213,54.60248856260839,13.69085392467274,37.543035353180244
12.983457170322543,77.55137659542333,4551.797457475324,1.8869092957397546,8.039857912979063,0.0448202542524676,20.0,36.7249654390778,13.192174902613724,40.39655566557339
13.012189657417348,77.50188328524897,3987.877997300603,0.6962728010918711,12.105100489450622,0.1012122002699397,20.0,16.051063529983097,5.0,50.77015920841794
12.959195338247241,77.76502870619638,3291.204531578726,0.8891064479670374,14.230540251114416,0.17087954684212742,20.0,10.0,5.0,42.57734229034472
12.800153428872036,77.46097936013831,2826.330242456703,1.81408039857302,10.970025208954986,0.21736697575432967,20.0,32.461184692959336,9.221041458653183,47.55214676484664
12.838271045294649,77.57063772530127,3645.3487248904516,0.5503327028835019,14.778519121848685,0.13546512751095482,20.0,44.24868940495847,11.149927872799921,49.341209059041105
12.941221550379638,77.62077971125167,4598.972883390931,3.106576801897689,23.657355802844794,0.0401027116609069,20.0,29.850213322877984,10.361024086414771,59.162806201780064
13.02986343414693,77.69693316213693,3822.430306455845,0.4925835093103031,13.883439697160481,0.11775696935441551,20.0,10.0,7.631287455421961,48.0699871217528
12.99891473687238,77.439205710709,3422.2332239947186,0.15549983277528162,10.942173917813834,0.15777667760052813,20.0,31.880490843170698,22.966691611117433,47.87802389644669
12.871802673359888,77.64263821719322,3892.4271258460376,0.9158722123441453,6.40176594171707,0.11075728741539624,20.0,16.15836141640167,5.0,55.605940712849524
13.073911729361035,77.69275609390904,3582.173891609914,0.6864327714589525,14.386597588295905,0.14178261083900862,20.0,33.982176559717296,13.412996733027642,60.38671719784976
13.031996676719618,77.5234472157666,4066.700623436427,0.815695602821191,9.268001071739924,0.09332993765635726,20.0,26.398727522847253,15.347005103216922,39.76281407114625
13.10586463338803,77.58536267191508,3654.1798036524133,0.29293234914645283,18.11144902919095,0.1345820196347587,20.0,31.882916566360038,14.13526079102818,45.064769105318426
12.94322147280874,77.58164932126299,4688.060761478379,0.3495799742189538,6.24815478358263,0.03119392385216208,20.0,29.87097926300296,5.0,46.02287604122597
13.018252261156729,77.44392367536008,3422.667179127076,0.16995477787395707,18.002421633644317,0.1577332820872924,20.0,35.35620585491476,9.02346402680318,56.8724249071378
13.09632483003975,77.71431365729923,3271.1957030247268,1.6164272105603603,11.258869677059842,0.17288042969752732,20.0,15.435433477542388,5.0,49.74441368261681
13.18886175051836,77.69730790818326,2596.8441032325177,0.8491137770551722,4.567182646119163,0.2403155896767482,28.38749077609274,29.13580618181876,5.0,39.18649919085582
13.063412375120567,77.53181963999907,3887.755160626679,0.6579125081117111,18.505881829773564,0.1112244839373321,20.0,18.072971770428936,8.698059673697482,51.28498722792915
13.088761847182292,77.59768437056448,3827.975607039439,1.0955161190388405,9.711063425966458,0.11720243929605607,20.0,26.307117490749626,8.401076915761525,51.53173766966011
12.985494138192339,77.78102938442875,3130.53584001752,0.21027660004406593,15.891409636963566,0.186946415998248,20.0,10.28685823893877,5.0,52.75826134289537
13.093299547838214,77.718377558683,3264.1525419107315,0.24110509364390417,12.600822553800299,0.17358474580892685,20.0,35.64990882563923,13.821564317799284,49.15362780833688
12.875689094618822,77.50207510985342,3667.342614635196,0.16677867392134832,8.34116074789185,0.13326573853648044,20.0,23.674961069423105,11.25497899075669,45.47101393314426
12.838742930030048,77.50087480723482,3374.1029306911646,0.08690348659642054,17.63259434489653,0.16258970693088354,20.0,30.757518815092038,5.0,43.30123873156997
12.872842592308933,77.50542444560764,3669.3871684429155,0.1569325388676524,4.572491491576823,0.13306128315570845,26.274939428373848,33.636779197003406,9.370605906838549,52.277783563580996
12.965261126585945,77.55283557732147,4577.57269053363,0.48706921652562235,21.511238523848615,0.04224273094663701,20.0,16.765133775802,11.36284639873266,45.14468985446133
12.954626225831587,77.51130903679802,4149.970967517402,0.6529499286799796,18.347603000246902,0.08500290324825988,20.0,10.0,5.0,62.16318162010877
12.906754822128569,77.62935964130456,4264.260252752421,0.16101197915739762,21.889333519658376,0.07357397472475782,20.0,22.223729623767014,5.0,41.32241194820137
13.155158606375709,77.48926256864553,2883.6414193490245,0.15680737815781848,13.55122512419381,0.21163585806509755,20.0,10.0,5.400318089520519,56.915972576646716
13.161549540193445,77.70108991222209,2822.3652917725426,0.17165144195972326,7.4888184072005854,0.21776347082274575,20.0,30.408883245136206,7.940133096253245,36.05397503993065
13.030141771558933,77.48448349231418,3752.8919741185723,0.41519917908765436,7.023272504705887,0.12471080258814277,20.0,16.576719871234282,7.6079229181890495,50.03780090197067
13.113040792984586,77.62178809225176,3559.698285760973,0.5981832089770702,16.00189062441468,0.1440301714239027,20.0,20.072493816029205,7.356636094167056,55.425889240861586
12.97181942822207,77.49355146925951,3989.5123101415156,0.2854978391797166,15.659976553375813,0.10104876898584844,20.0,28.11357631151439,10.485989277388777,56.073333900664515
12.949869986728086,77.65547361300108,4353.6417219062905,0.08954430004156508,6.193612121404909,0.06463582780937092,20.0,40.34383198647764,9.116163967490184,49.09611622598256
13.004407739921223,77.56957778889524,4587.391366145893,1.0002924427316375,28.534657828753353,0.041260863385410726,20.0,33.13940469322991,12.672187267010312,47.671485826704625
12.804750879549413,77.41943638761501,2580.890244348258,0.3283299590002413,4.977698368411352,0.2419109755651742,31.220988220861834,44.53536089461026,11.94572688347933,49.653350587627
13.05602817206857,77.5739388409418,4130.804985491288,0.1850508054307317,14.757989959724043,0.08691950145087125,20.0,40.85223511479739,21.147016730961603,53.200624378208104
13.117076129725987,77.63001472462561,3502.752290355402,0.29558109358430845,6.027853695700114,0.14972477096445982,20.0,31.9856667311059,15.200382581363,57.848142934697464
12.961483016216723,77.77364176327589,3206.726279738338,1.1113567121357608,12.20528857497622,0.17932737202616622,20.0,48.73958780416716,15.94202134823012,44.760950908108846
12.922333889400678,77.57421629217123,4466.835372663059,1.5112633644603044,16.151695962053644,0.0533164627336941,20.0,25.47076827445974,10.193907374594104,51.00869327398022
13.05115537834982,77.57666618650605,4184.482992769683,0.6474220273392818,2.8468713495364533,0.08155170072303174,46.13624291781463,71.28374048713839,18.446432299542025,29.715874572163717
12.839485971332792,77.75796485042711,2898.995694298708,1.4885123476131854,1.1842692192280855,0.21010043057012923,40.05975850421557,50.84686879387759,16.85499991277264,39.27844433781032
12.911869111442117,77.43413314353363,3287.767799855603,0.5668280636768626,1.70672258669168,0.17122322001443974,57.73797372243641,89.79803789961832,23.47038928037638,30.634441449821637
12.90801483915011,77.60408482197697,4357.113188170645,0.2614445667009906,11.689593929577514,0.06428868118293551,20.0,29.20598881108968,5.0,44.16240439961577
13.093229559914079,77.73524222652644,3140.5918756979063,0.8103037479192055,7.930231216343879,0.18594081243020935,20.0,15.331154151165334,5.0,52.43609097315213
13.086696104390374,77.61623802834231,3828.875859851645,1.468617571862026,10.870216542649962,0.1171124140148355,20.0,41.6361920775079,16.806296553278603,43.854985697527766
13.113942233421065,77.78102016230899,2654.4981703139188,0.2005721329701207,16.451804602610892,0.2345501829686081,20.0,19.13323677118403,10.457959912719938,53.53252731773627
12.968731673021944,77.51270571093276,4180.5549511113595,0.5072557084627156,5.122914400065635,0.08194450488886407,20.0,13.882188242771658,5.0,54.84475326126085
13.161373325065496,77.53146485921376,3000.0009772874155,0.6512103201259822,2.929102383414256,0.19999990227125847,42.71845268062077,53.34074822741573,16.665212828355223,30.624689426619135
13.137440122288055,77.57886505433149,3334.1508268841403,0.24715743521291314,14.411889162452656,0.16658491731158598,20.0,29.66540987081656,5.65727696114928,39.21777311497483
12.91591139439944,77.74177245733556,3426.438657315161,0.482142880344362,6.259713214538456,0.1573561342684839,20.0,32.26889219816709,8.394113328526743,45.25687744906785
12.830281685697079,77.72641014170715,3067.520261056329,0.3850468528935839,1.9394818274589176,0.19324797389436707,50.35083899030298,59.255293323830294,18.847432702807836,29.94147892553073
12.995640328612637,77.53102496926903,4320.314636596624,0.1993855447966366,5.423483494760557,0.0679685363403376,20.93912208521415,17.74939403392816,5.0,53.01448391319469
12.92658068197577,77.44394932605591,3427.6652851516033,0.09030573633136921,10.934107510994838,0.15723347148483968,20.0,10.0,6.968790715495665,52.470200096062
12.949521087384799,77.56474061693602,4628.642875491645,1.106826591553523,12.468347152661154,0.03713571245083549,20.0,26.833780024017624,6.780838621479931,41.824012450078754
13.016085901504146,77.67465428720092,4084.1569822352494,0.7788654060215099,23.16333597536886,0.09158430177647506,20.0,18.372030692479683,13.534248846425374,53.682068722680064
12.875981521352358,77.7158616765399,3455.743296723066,0.3762443234299026,14.550733617862475,0.15442567032769342,20.0,39.24517181115903,9.548819588871446,58.00537153082196
13.105376086939222,77.57140254401587,3642.275307696519,0.09059168886945787,1.8726207644779354,0.1357724692303481,61.386427209304415,78.39453937111587,18.397448609096088,35.77328694087893
13.047131413507515,77.71993741645096,3536.6318853738576,0.6555188454407261,8.740247993155894,0.1463368114626142,20.0,21.97394227081926,11.492203861915248,51.525754179374864
13.143813629959615,77.64586308810703,3203.185080590195,0.44243375382948985,3.330429889227718,0.17968149194098051,49.28113087651592,57.30933272775542,12.83130070802408,37.70062261022648
12.939478419186582,77.79642244518259,2956.3734359372093,0.47995601562858686,3.1773331777614406,0.20436265640627904,41.01644713484827,52.17198414527035,12.254370318992358,39.43165628800992
12.935666621159436,77.66797675259566,4182.971509897926,1.9825661166319761,4.424134890998796,0.08170284901020738,20.0,17.093914585166768,9.971899919506257,42.478766644775895
13.008381826020253,77.4754181287893,3752.714100509917,0.9531897818103479,8.462829016007994,0.1247285899490083,20.0,24.691498161365466,8.25800945668112,49.824109556147825
12.945983625169688,77.46055197345567,3635.262952804545,0.2517076931327146,8.932516156214861,0.1364737047195455,20.0,24.37553076660563,9.31586742168087,46.059618730481645
13.040053395969904,77.53953880309727,4121.501119854251,0.07411367928370924,24.371495765956098,0.0878498880145749,20.0,35.32198191720681,12.425409728947724,55.81614877570389
13.177939544645632,77.53398570322514,2849.416342987859,0.502385309209645,4.731858200421408,0.21505836570121412,23.11741776792448,35.1780595255075,13.333161607443184,38.283534562301575
12.903059774129789,77.44950783345581,3395.334946014399,0.28438520469898954,11.214385758445484,0.16046650539856008,20.0,37.78142680497613,6.381311924606551,48.28404215656644
13.085447254319018,77.66181175115193,3677.932800161505,0.6450528601995518,13.195621890325338,0.1322067199838495,20.0,36.122600577854136,9.457229111346088,45.18119700812242
13.05724185419058,77.47243957685102,3508.098656976966,0.9108892021994315,9.22700622106154,0.14919013430230338,20.0,25.14637874552691,6.166422865284478,55.587903661228125
13.05741503124515,77.53743853183299,3968.900924711211,0.334393715035029,5.198227125337724,0.1031099075288789,23.948473117453695,24.826604018416006,5.302794965061473,39.50183391232258
12.934406868900817,77.52260477807769,4189.651866133861,0.8009797127755937,18.460123517738747,0.08103481338661388,20.0,24.33526287478319,9.520507970237606,48.59745707687765
13.012495027147912,77.64593383691366,4343.679494628862,0.3945984059594916,10.926373630312524,0.06563205053711382,20.0,35.999802179479445,7.7931665684889575,55.84292307597707
13.092596467508413,77.56033521184004,3742.453942904629,0.19942945124276495,9.106761317878572,0.1257546057095371,20.0,27.91698016010473,7.929077559573078,58.05146490241435
12.9971848074812,77.58937220742635,4738.865515673784,0.8735869044420292,26.89292530834075,0.026113448432621606,20.0,10.0,8.262736553673744,40.785315468761624
13.008690717816314,77.72758692391365,3619.3753848296064,1.569745968379028,5.777581243367407,0.13806246151703935,20.0,36.06535723454302,12.16487063544144,45.49919886063169
12.909582694479232,77.63755801159331,4245.57724423851,0.05651666889966388,7.219492408518484,0.07544227557614908,22.68667301067191,21.663807391224932,5.0,48.73364617905352
12.96178846496069,77.59257451331105,4899.815761641505,0.061380433279347835,4.836486614905268,0.01001842383584951,43.44278795769302,62.71609327042126,20.28566567113439,40.04345976976783
13.195656463850831,77.68626063576659,2579.1949450136735,0.18898234064986197,5.857204358430647,0.24208050549863266,20.0,10.0,5.0,54.333873325923065
13.191305672561187,77.79677863808938,2014.25412576289,0.32237579081522766,9.497401881015639,0.298574587423711,20.0,13.922157280823159,6.332087552432457,53.259288847578006
13.133318809369216,77.58166743529888,3377.6490967258255,0.2085897345569377,4.011454185876327,0.16223509032741745,49.33292924639339,44.62175421770006,15.086973322629536,32.43474758480106
12.898731410538728,77.49958345478437,3802.5871557900755,0.4222380658858804,2.6433400100742137,0.11974128442099248,48.03604544642943,63.710876037779386,26.16672441343829,34.43342321775243
12.88542699418756,77.72535538783983,3434.0255947208316,0.28584023432776023,10.67165548338583,0.15659744052791683,20.0,32.27713173582753,10.649661511278223,45.641551922155955
12.941858792492852,77.61495995638806,4639.57424507853,0.11278948906128566,13.128200050203766,0.03604257549214695,20.0,20.68135138178021,7.828313385084636,52.39969870574139
12.820520751870953,77.61983458117756,3468.277985323546,0.4561993949904598,17.740926023821586,0.15317220146764537,20.0,22.30180027822801,5.0,44.989480376847844
13.139919848334571,77.65892010766613,3198.0941313832163,1.4706147292633363,4.333851867400825,0.18019058686167835,28.045107892453103,33.155027140532106,6.996931160909966,47.63264056785952
12.850197997280768,77.44074149075381,3040.1304346538527,0.5089155999855658,19.00840820980821,0.19598695653461473,20.0,23.897606021827755,5.2822769862809125,49.11010125583694
13.018486486300334,77.69132619343313,3925.090743659995,0.11858240220326452,3.1601578253175244,0.10749092563400049,50.42713842088098,75.65537346226202,21.606583883072986,34.63012371878828
12.99709618096239,77.6998734560815,3916.8307704235867,0.16770534379438157,11.002352801801418,0.10831692295764131,20.0,19.988867287370706,9.882571546735324,44.65168186993767
12.854327920496177,77.61279788483849,3813.2437637094145,0.14808142013870548,4.809910086725208,0.11867562362905855,32.58569736175523,30.02957124038362,11.802347786724182,41.68395871891766
13.095625794606368,77.5789986158413,3749.9679637941963,0.37793524995375977,7.344653543911626,0.12500320362058037,20.0,15.278854474918026,5.0,53.15508285994247
13.049489053153657,77.50251961653895,3793.9526701033838,1.5270678474169057,6.034615890949697,0.12060473298966162,20.0,26.299243454179376,11.778761190642387,46.33850225131456
13.088803717970977,77.60245591530914,3825.3329445513255,0.33869875384471326,6.3983430451908045,0.11746670554486748,20.0,20.666850054919962,5.0,52.43480319714839
12.87328909405931,77.62319488934469,3976.1493310294522,0.9573084988404804,22.35499486507958,0.10238506689705477,20.0,10.0,13.450924123830301,50.123438819428294
13.165881060900446,77.57029068469447,3042.040004616377,0.7460176334358195,12.810929915202818,0.1957959995383623,20.0,19.01401964325826,5.0,55.88224412683136
13.080675688930093,77.53404448490032,3752.4232959628594,0.3739847693936009,11.080687283099012,0.12475767040371406,20.0,19.822105509209347,6.1566978005301785,52.25486405375854
13.192494537599458,77.51740357878482,2660.049483649081,0.23551629584873224,5.708060025310022,0.2339950516350919,31.223503139108686,47.00580632504396,24.960755234496197,39.776491785136066
12.848691975425181,77.416258832292,2834.083228645737,0.2058225991418553,7.3000212755936476,0.2165916771354263,20.0,17.566856728401785,10.093428216952635,52.25852324945338
13.062548588301244,77.50100728756381,3694.9620107003548,0.16812076057533387,3.3164814935205618,0.1305037989299645,39.35975214506819,61.31789750854102,17.766637765083445,43.67647461099267
13.083503592947423,77.50046899958839,3537.7052501963735,0.5250097799434453,13.18574778961861,0.14622947498036268,20.0,44.084730109816995,5.863648725391209,53.66975239182119
12.885409721272492,77.54423320733893,4001.7225861470934,0.11046142039648861,21.40405480751081,0.09982774138529069,20.0,34.710204721128356,10.872691601374637,51.24466052980134
12.80929733224371,77.54379964191743,3299.3285931101864,0.3214931930261493,6.9043672510445955,0.17006714068898138,20.0,27.180515481789598,9.828799774014318,57.94086964085477
13.176404846696174,77.56088615227124,2924.388071943085,0.1919201574049746,16.564111523462618,0.20756119280569152,20.0,18.901060471343673,6.58117127996361,54.45938817285138
12.889315257416431,77.56134574448616,4112.496514270285,0.08247065328875795,17.012145621920162,0.08875034857297154,20.0,21.592756960109494,5.0,51.87031044065522
13.011272252742707,77.60415535396487,4591.932306219283,0.07940922141616424,18.823736993470725,0.0408067693780717,20.0,31.081298604952806,8.515989945413363,48.899732463141525
12.975765511780297,77.60626512034588,4876.134540296461,0.7599793284932902,8.78432437102748,0.012386545970353892,20.0,10.0,9.524173816596647,50.67588120671334
12.963806784364884,77.63680225212343,4570.842185877378,0.7421303558303398,14.564267844564007,0.04291578141226216,20.0,10.0,5.0,56.09746511283315
13.189650226111093,77.49567564375236,2605.591317963708,0.5797080659194485,3.8137663763864844,0.2394408682036292,44.45404203867082,60.94422026600326,22.09876620254055,35.44073302113024
12.936908860195613,77.58972779750871,4649.68392300044,0.2816183536685549,19.702586828192747,0.03503160769995606,20.0,49.3036966864169,13.651646212095898,48.84606923948639
12.852051999677919,77.61318602247816,3790.1584974647635,0.27167197807704146,14.564837341149392,0.12098415025352366,20.0,31.74656635890075,16.955950124312103,44.43127239789063
13.173352798440737,77.7643186694518,2363.5512817587996,0.2532043777797626,2.69875192293481,0.26364487182412005,45.3549771680318,57.014847758765214,11.775440770885773,40.29678328297032
12.8796182161286,77.5459070488403,3959.2477693127266,1.2676131874862024,11.458516484563265,0.10407522306872732,20.0,22.78525981449955,8.597338495920134,57.30512811169549
12.971969874423129,77.65843119414137,4361.677342357144,0.22738490887155066,7.001453750423391,0.06383226576428559,20.0,28.18514559157055,5.972288416829931,54.61522413613381
13.032514102827301,77.47247701151036,3635.2819983273193,0.4533804272559689,3.144197509686981,0.13647180016726804,38.82015706070976,61.813547717689644,17.541891181835087,46.48517254734145
12.842983635567919,77.62433259915812,3679.916796091105,0.09903301836303467,8.575678799424292,0.1320083203908895,20.0,24.28135512201255,21.097829200261273,34.91176553626306
12.863950658604182,77.69270359613472,3543.54209544121,0.3729574484095819,4.027346145982342,0.145645790455879,45.27624364833654,62.70140392434058,20.65290911149737,35.073493210889566
13.132321389538184,77.42813748081676,2686.1042515291324,0.49911950937726624,7.890837442200248,0.23138957484708675,20.0,21.316287060410314,8.178034198631105,57.13504451349531
13.027310162889835,77.62001421258634,4387.668027080439,0.3155684836012095,5.889377282000835,0.0612331972919561,23.149789821205566,50.83611615911857,10.172927949482844,52.537969695399624
13.002975471603314,77.52773723631047,4261.416938555182,0.03998222083953744,7.1302925456691435,0.0738583061444818,20.0,15.934903709744178,5.0,49.119329011446105
13.091923518674422,77.41938695718382,2874.5033634677493,0.3067457625890167,16.247501249344847,0.21254966365322508,20.0,19.69003799780187,5.0,51.342066368472814
13.009242653106806,77.47037291541898,3701.9500057232062,0.3148745951838864,11.1408918409434,0.12980499942767937,20.0,17.83151409008285,5.0,57.78052218763542
13.00860956766304,77.65414524369875,4298.904846276297,0.04339363422663958,20.517351469716417,0.07010951537237033,20.0,27.215845403727563,8.747293883497623,51.89849838708556
12.92487992076512,77.60339133760577,4524.599808517901,0.8109128712462383,4.057579789094008,0.0475400191482099,31.47707695646676,31.964741010903925,10.267849570555763,46.41318571262191
13.120689168619196,77.56031519133107,3470.1951658780836,0.5243286015101951,10.62934289330749,0.15298048341219161,20.0,22.59724414449572,5.101594083183385,51.27988573209385
12.803712463666903,77.78239211817697,2481.0298829602807,0.27328923937880056,10.382559077948828,0.25189701170397194,20.0,16.920270529935976,5.0,51.119200863916184
12.844664950670523,77.75918319945077,2921.535752298583,1.0910326051014843,15.206130694175636,0.2078464247701417,20.0,30.365532068732644,20.722705746933624,55.309083229948655
13.183704370334299,77.62735081256632,2853.8201464307926,0.861204190471117,9.794930997907437,0.21461798535692073,20.0,31.239727440693677,13.866434281553651,50.60327323595443
12.87379669952971,77.58575801997216,4017.9782999498048,0.11401421621064728,11.88217262106838,0.09820217000501953,20.0,15.656263877048785,5.0,53.44129855386207
13.053760846810635,77.48876930790823,3660.2037417105603,0.1839199105834987,5.207027123359242,0.133979625828944,26.501300450882,19.02555788937546,13.594521717252817,42.956861506693265
13.005710761848743,77.46112328435883,3622.3361189225343,1.2693148275105126,4.090917251073824,0.13776638810774658,30.57256099130238,30.36238902646151,5.0,41.24977456579902
13.084419642369147,77.50937416581165,3586.079404018664,0.37422820981258903,3.885998001804359,0.14139205959813364,44.68198504541688,67.95463225270971,21.343643255599677,40.969851247029055
12.910520477317796,77.4709911321968,3621.237500848146,0.7894360685417685,12.088473223557374,0.13787624991518543,20.0,10.842025917818589,5.0,54.114942960016606
12.977831276084585,77.43354607307037,3388.2557218623224,0.6546307139054247,7.056140628718289,0.16117442781376773,20.0,29.91657083935445,13.15606909706311,44.734179254149325
13.02365696863953,77.58910960059576,4476.542984615256,0.17597511035324123,6.791570748333973,0.05234570153847441,20.0,29.0436506571841,6.006599722344031,40.115892155262046
12.897317735299291,77.5489482693419,4128.109217783249,0.5857873557367512,8.572950885157605,0.08718907822167515,20.0,24.91739875987282,5.0,51.37831598817129
13.056520746306855,77.63387909889354,4064.3515209651623,0.22946673502018922,13.773582097934655,0.09356484790348378,20.0,21.774250727751472,5.0,52.390189075961416
13.053408422138702,77.55102448715346,4073.0996141621613,0.12005467895103182,9.693416666296281,0.09269003858378386,20.0,33.17768197795137,8.401323911007843,46.71582265652785
12.809852740005617,77.6484376375611,3295.281039764874,0.35748712670579996,3.622158136648793,0.1704718960235126,27.47183615474453,31.246445949205217,11.23653212021992,53.06801370002344
12.839552573748806,77.41867733191002,2800.3339360834243,0.34590380930445863,13.360161113455359,0.21996660639165755,20.0,22.8634315750096,14.854645676686552,53.365668461164844
13.017362810706013,77.53458205080483,4245.255734085485,0.4289464011748267,17.62572193863843,0.07547442659145157,20.0,28.8916863383687,5.935874579951053,49.487291142450125
13.048813703027013,77.41797710395903,3072.3692433185693,0.4967826485707749,6.6719424316339175,0.19276307566814307,20.0,15.445173040744187,5.0,44.73835265198402
12.900269832989697,77.4155936347185,3073.0523739081573,0.275107262210831,1.6500745386701305,0.19269476260918428,54.49562177600227,72.319389544846,19.4533600145183,25.663358146354337
12.878199235017142,77.66998193696813,3799.744222240527,0.3756302104505889,15.79002606164736,0.12002557777594729,20.0,29.324337287103162,5.0,46.69634247055514
13.144533206769312,77.64360341980125,3202.578815198419,0.6369881577183121,3.678554305857195,0.17974211848015811,28.029054711561123,32.85563829708819,12.604563069448677,53.53006711555396
12.956492411891604,77.69110252693547,4023.2207555755767,0.4133796249994687,17.809650809203777,0.0976779244424423,20.0,34.77293673015693,10.34257024460841,48.32698072734852
13.05644493528301,77.63547769853444,4058.211845442359,0.4742567382559759,15.762609597252492,0.0941788154557641,20.0,10.0,5.0,47.13686498652244
12.993472714703193,77.75849413477597,3346.5278030020604,0.20273042342584624,9.239729494664992,0.16534721969979396,20.0,32.964996702001656,5.0,55.93713575841
13.049784498596681,77.7920264122295,2876.5592999419932,0.4876572276477765,4.345834039252789,0.2123440700058007,22.582145348532073,17.11206751476042,5.0,44.62292197822389
13.10516278782353,77.63725785692954,3597.9047447118915,0.19173044595070957,11.914372242958517,0.14020952552881086,20.0,10.0,5.0,53.78143364301115
12.932568874796159,77.4640204615658,3637.1190590382475,1.476804831413208,12.313868155325721,0.13628809409617523,20.0,29.052613431742017,6.880670955914395,48.04795406789184
12.889666447330084,77.51653955146408,3868.3401271255007,0.20360666772906424,8.962881572177135,0.1131659872874499,20.0,21.287034368523596,5.0,57.87293178881171
13.134572018433557,77.66146397768257,3238.447551054946,0.36711740219334127,10.222657186760783,0.1761552448945054,20.0,28.808750654459665,10.36729440895096,50.21685978341675
13.089759448615037,77.59966059423992,3817.322321548652,0.3206967987198091,12.651523557053322,0.1182677678451348,20.0,32.109137726156966,6.364031168812253,54.57701485242468
13.144264601817325,77.66290879161538,3143.143631491966,0.6228666833302285,6.010927229232372,0.1856856368508034,20.0,23.32989958274779,5.0,58.11764605445903
12.89244478821191,77.42550717144395,3132.9720885240645,0.18641946709747637,8.686026472038709,0.18670279114759356,20.0,17.634427902738988,8.99292913732167,54.776964982286785
12.917415471062844,77.61297363880617,4427.850213744595,0.06296987399973503,5.634618509668188,0.05721497862554051,20.0,29.60680660090051,11.918061928991378,44.63161752216375
13.034960762424788,77.41727761267973,3116.975431386739,0.35963110934498854,5.264903865493527,0.18830245686132613,22.043197879092943,32.20540470011279,14.464687572551263,52.93588824031831
12.9458284304296,77.57260523389346,4661.186845856954,1.2487777721410644,19.11747706978645,0.033881315414304614,20.0,17.48313081308797,5.0,47.21313835743997
12.97361307280827,77.59260753665615,4971.676207337305,0.5636026014829111,11.830980732320985,0.00283237926626957,20.0,20.12848944150176,10.803723657939317,52.31612228000067
12.958547716502279,77.50713157530136,4115.630878887843,0.9227402150293736,13.520216179567749,0.08843691211121564,20.0,11.93316946255781,12.384107538456007,49.37212206034958
13.05019984333765,77.60851145986693,4201.785486956529,0.050747245343355174,9.295771678931636,0.0798214513043471,20.0,31.48482294383642,11.538168483620789,40.31012726391726
12.820384023985936,77.60734594439538,3482.47799026122,0.4743250502807358,3.084996791725368,0.15175220097387798,42.505444526970116,36.31035039230123,12.804756756689805,44.283868669094616
12.81796230340582,77.41427474492384,2630.997268193929,1.7394895022389651,6.935708156210943,0.2369002731806071,20.0,18.73517645205077,5.0,54.077971222980814
13.112364328637028,77.59519752224361,3592.344031751197,0.2214999626696469,8.583168341313932,0.1407655968248803,20.0,31.125044420921608,5.890867985876123,42.94766291793613
13.10744688549557,77.61744796898068,3622.4512355132892,1.8209174824693688,14.043383561496267,0.13775487644867104,20.0,40.293185174416124,5.0,47.39116671350464
12.95942102237968,77.71990001530473,3741.0948673056373,0.10336911423390913,15.021878153735837,0.12589051326943626,20.0,35.274543671225494,6.877677532952035,54.27946652702607
12.86314764525709,77.54718899617374,3816.3735161337736,1.4264550300434349,20.22155160220068,0.11836264838662261,20.0,17.280826895350096,5.0,55.611016666466845
13.179070347016724,77.49257714513723,2688.0179973540244,1.335925223061454,3.101360414935131,0.23119820026459756,20.0,26.783020515631772,10.812668563852313,46.95769959283869
13.105431480921498,77.62731865545216,3622.270864783718,0.1632396460958147,17.33506467175563,0.13777291352162818,20.0,16.85958256222545,9.712311682626822,59.05261239210496
13.153841616028245,77.61046555752861,3170.6907716769174,0.22537156606100348,3.6856128706761764,0.18293092283230827,43.948612648990625,32.19251493016958,6.232662264375554,46.991265313542165
13.033164483087635,77.70996389944337,3692.367984766862,0.06944856704545259,5.171708910631329,0.1307632015233138,20.0,27.35160566535118,6.391203562737319,42.36269321940648
12.93868815185419,77.62983921876322,4517.818261708807,0.17841596718055372,26.071784302009846,0.0482181738291193,20.0,16.35250299794277,5.0,53.69960380123275
12.82266162799549,77.6639778859388,3356.9561870512453,0.11095630483458839,15.004941390469826,0.16430438129487548,20.0,23.923259363154965,11.436623162900702,54.57433899048925
12.981467703421213,77.50447555413561,4093.3695729144974,0.359940431849033,9.254583490212152,0.09066304270855025,20.0,20.343130151275446,7.016947609036339,55.605691725051756
13.000209608991067,77.6258212644924,4576.528975828778,0.18684590202438509,6.494979892643654,0.042347102417122154,29.01839746221124,26.320099496506934,5.0,44.19281765984803
13.153314125544865,77.51878291855198,3031.034452768894,0.997102204662156,13.411474820589117,0.19689655472311063,20.0,27.286261153761025,12.239511682323382,58.76702313656485
13.139374727063252,77.6193164793602,3304.1443636585227,0.13834721652195967,20.670068355342572,0.16958556363414773,20.0,36.721985542500974,13.957381984929619,46.46762249617102
12.976439721615689,77.46052501690414,3658.37695318425,0.10008470322099436,24.14023177783561,0.134162304681575,20.0,20.199280331075464,9.102182505855076,49.703869156646135
12.960606818149465,77.60545949717275,4845.4753333464805,0.02284285361492466,10.198112514937485,0.015452466665351966,20.0,10.0,5.0,50.356436302747305
13.067443522131912,77.48832678477063,3568.9172976435957,0.24660032332993892,7.539712765385661,0.14310827023564043,20.0,34.328934840916716,16.867183511234693,39.36077139033239
13.13021409306712,77.58247766402546,3409.2334693933026,0.3728473574045122,13.078959487887092,0.15907665306066973,20.0,33.469748008755055,9.449024027355865,54.90958581634446
13.029830092032794,77.57021605737874,4368.706068783777,0.9785194890724228,7.875655888836193,0.06312939312162238,20.0,24.439005331233883,11.984368195993122,46.695794016237095
12.885322032553473,77.59281487653587,4137.035670929197,0.7630367107136262,18.96060572576099,0.0862964329070803,20.0,16.585045725893327,9.973668935735416,54.382702561461514
12.802969985457954,77.4702019438458,2904.505829657461,1.3061186545463968,11.507789125457634,0.2095494170342539,20.0,16.92422108981486,6.420605952463633,55.81095526326291
13.106794431680905,77.45314858940301,3043.318219091315,0.23147592700881733,9.60456229207257,0.1956681780908685,20.0,22.503640557482075,5.0,49.93817030878818
12.922351858596416,77.58708791017153,4501.82222798499,0.07019265756464724,25.699606774637388,0.04981777720150099,20.0,29.67256402058,12.224036127972768,51.34132854766101
13.003742373760721,77.57357282095838,4615.906983997056,0.4397604544615842,22.188722737650988,0.038409301600294404,20.0,19.182829490644743,6.96786291246813,54.32837325583685
13.133797543665281,77.46892654082484,2948.1261853588194,0.5981824438420691,4.161084824776895,0.20518738146411805,26.52597406087792,46.09953029061002,13.196554679529132,45.3765409821402
12.825381368360324,77.4545087138873,2975.01958816161,0.1670189205736391,3.243852555569755,0.20249804118383902,55.680219847713914,65.99112862814275,11.271300549562739,27.985740523409678
13.022090214134325,77.51314670804213,4041.6733075769985,1.8679269639497407,11.907057308479773,0.09583266924230016,20.0,10.0,5.0,52.06081923251752
12.851932891088872,77.65396477272877,3664.170924246425,0.9573050049601989,12.494983380755686,0.13358290757535748,20.0,16.28730583322519,5.0,44.77152514561044
12.94026230639437,77.53354761622899,4313.746067068213,0.41304316819437586,21.88786351196325,0.06862539329317872,20.0,21.19136244425036,5.0,50.34314099966378
13.042811315725984,77.65123320992569,4090.144409594944,0.4480317220762725,13.675655535761436,0.09098555904050558,20.0,20.45409367497019,5.0,52.2358170654286
13.148977537650547,77.60330957450367,3224.0876274149705,0.32539456967632086,12.615628957031266,0.17759123725850298,20.0,33.44214840251814,11.008454756464532,58.32626116972348
12.944793967315476,77.68832267345807,4025.1921774825214,1.346077066174441,18.375509132826167,0.09748078225174785,20.0,10.0,8.644163734717235,50.25419263304919
13.003096892113668,77.67794402341923,4109.029716964417,0.765201076276654,6.499338795501944,0.08909702830355828,20.0,26.066776285391164,7.173545600439809,49.33186135136614
12.855095892054178,77.73584285203272,3169.0780896338565,3.1281478183647273,9.231593329348437,0.18309219103661437,20.0,10.943286529637584,5.0,53.50852698394776
12.823858081232446,77.57752628415388,3512.747959022654,0.07917854110409939,10.991093144325514,0.1487252040977346,20.0,33.41902961761021,8.22060629727163,54.036952053269516
12.971683998850954,77.71856796662881,3760.3200491300586,0.21624841287338356,7.4783461189806415,0.12396799508699412,20.0,28.187145588757943,5.0,56.542370846000814
12.98258291754687,77.49630087151988,4010.892162714663,0.1546285135381268,17.255291193789468,0.09891078372853371,20.0,10.0,5.25159413390362,49.859911888330004
13.152650485812883,77.5416749141223,3113.724751574072,2.183793116172749,13.854960467028556,0.1886275248425928,20.0,28.910039459577533,10.322127142215809,49.6911196886472
12.99611417305792,77.50500815962306,4071.1489601211215,0.44080303096546347,12.312531577584886,0.09288510398788788,20.0,36.20752603254738,19.556249614518556,48.22649027834029
12.914183239743567,77.57712674710534,4399.8334460280585,0.3024879238617824,10.659195179924955,0.06001665539719414,20.0,27.149875354205008,11.26541352218218,45.4764684720726
13.123834151309453,77.7449756682323,2860.1850916207745,0.28298108445880193,3.5882269647708647,0.21398149083792253,45.17272495489124,57.8327008567991,23.163050550470693,38.31533097587382
13.137513878428006,77.64281881788364,3272.2132813012377,0.25063272328327985,9.382522058224827,0.17277867186987622,20.0,13.614591429642442,9.648368406957264,47.98583285762598
12.946200671432743,77.69293315374327,3984.3950070640226,0.26572968213243375,30.531308244907503,0.10156049929359773,20.0,38.16973973837563,17.488378167885376,46.31813623822
12.906713636431538,77.65635876608619,4104.210662843833,1.0760749368977844,4.201754049039448,0.08957893371561668,30.384034893520337,39.081007615809156,16.39141705712207,42.99939761415351
12.994662429321272,77.53335769796534,4345.592236850542,0.22202533535153152,7.484419002717136,0.0654407763149458,21.13607928189802,30.20170638854224,8.84885243826161,53.966131090915624
13.031952798268152,77.66918497270368,4040.553367195221,0.5625860952740414,14.936209781020317,0.09594466328047789,20.0,23.237218482604174,5.0,54.3016627970836
12.957142304552766,77.78020546903454,3138.3229309792423,0.4137609330811562,9.666753639306553,0.18616770690207576,20.0,24.014673714421104,5.0,43.89285750790462
12.92824916696842,77.4243406481724,3243.083906121721,0.20185254696324273,3.6437222330422117,0.17569160938782785,42.44498347680892,53.74326514164897,20.167922588639733,44.25032053466452
12.943138474406892,77.47338475317115,3754.881752488259,0.5868681032705622,13.035061934515761,0.1245118247511741,20.0,20.9178407183917,5.0,46.77552070677831
12.862184442672852,77.51604435756657,3653.049624398167,0.5977018903250142,2.395407516663127,0.1346950375601833,41.97926231346811,50.9055226188662,14.28415703131654,40.1097869957333
12.97717972954044,77.56226033729902,4671.825173823856,0.2486866617530388,23.459588816830774,0.032817482617614406,20.0,26.19308913132054,8.034403693122242,46.38582602410875
12.922466086494653,77.48674496060562,3814.805881759692,0.3386797946828611,6.479803041216241,0.1185194118240308,20.0,33.067842666754295,11.949604133490784,49.650740659081784
12.851977175398432,77.65167804579744,3674.5746540181035,0.7808763829693287,11.845992609913155,0.13254253459818968,20.0,10.0,6.560933288135186,51.33498048428854
12.92895676583462,77.65327852382394,4274.63012343767,0.5542037197071301,13.667786375624823,0.07253698765623302,20.0,23.21669151069843,5.0,47.59918858403478
12.976121099197277,77.61139728989319,4826.049062748284,0.8289343797485519,5.819546639115654,0.01739509372517156,20.0,29.474377714155505,5.0,56.94721566758897
13.085802284506016,77.64605179403202,3747.424697053855,0.1725085996491599,5.469920910246449,0.1252575302946145,21.651870947042205,39.277587576155895,8.836159215412312,44.86684737915747
12.986223340853554,77.5606006694414,4629.892370228307,0.6540991086812519,24.31686317752502,0.03701076297716928,20.0,12.902791717067656,5.0,47.65913742199578
13.125295973724608,77.72691122229342,2971.9785039616772,0.44460982672313615,7.095077135033445,0.20280214960383225,20.0,10.0,5.0,48.984157355076604
12.94750200704509,77.72224740177602,3700.978351041727,1.8020442521847728,11.779832067547277,0.12990216489582732,20.0,27.0552396622662,6.997135621898806,48.47305690397954
13.12316628242398,77.7234502149456,3010.6605151620497,1.9124981018262173,8.952466735212623,0.19893394848379503,20.0,22.40850528462272,5.0,46.805074729666615
12.809559941032896,77.65161011608608,3282.2359287081804,0.2095028280488926,14.473975908593838,0.17177640712918196,20.0,10.0,5.0,58.091892384456564
12.92394444033998,77.5172841062846,4091.7709656964375,0.3613524055049592,8.964178860602493,0.09082290343035623,20.0,21.6813149337421,5.0,44.23258734555678
12.902666852750883,77.79366196270901,2893.4045526672267,2.126605144766819,0.15772316232211067,0.21065954473327733,47.85468343625009,43.572014939055165,16.036874733131654,34.130122946280686
13.095433561230434,77.73876401858482,3099.5259764591583,0.19642640898425,4.619512230076179,0.19004740235408418,40.31779972706806,61.67208064242263,28.433677074093048,33.27898175883227
13.129467594742106,77.64696470036083,3336.7429749573625,1.0343309093257,6.465146971547639,0.16632570250426373,22.260725853007614,23.455482091782937,7.60331694706139,47.65599412694105
12.990009336155824,77.78764209291747,3060.8209650562526,0.3969835048291064,8.818337618016141,0.19391790349437474,20.0,24.51051506743348,10.835986237517751,47.920918950606726
13.110780314821282,77.42294701874819,2790.115251729507,0.2345164207925297,7.758400347655226,0.22098847482704934,20.0,17.729491545526493,11.35636343841755,45.93093179035535
12.998670221274681,77.62858141263965,4565.54248943698,0.3532660184014511,23.581262703862294,0.04344575105630201,20.0,33.01993452750138,6.063846950620387,52.016361387054346
13.048148061866627,77.63130506396925,4151.067287912426,0.6591548053599632,22.372096689963563,0.08489327120875742,20.0,34.08415969942991,10.695597115786592,46.65820918004555
12.999651158221209,77.68848981439594,4020.0936409607993,0.8222035966908074,17.641023819185783,0.09799063590392008,20.0,10.0,5.0,39.15175958907722
13.07868694484883,77.55956726846354,3873.2832638164136,0.9606242981840978,25.886001402882034,0.11267167361835861,20.0,28.30142974315371,11.033105511081768,52.11314308596283
13.185672537194517,77.60533072436759,2856.58684275871,0.1184214705027947,11.560344276673925,0.21434131572412898,20.0,36.16006538911476,7.251411182693559,49.34712271352414
13.040799606955314,77.52922139675279,4048.0048652789146,0.8705982447232781,16.289684381420294,0.09519951347210852,20.0,11.513115145714108,5.0,50.12053584143948
12.92847635298132,77.71733399246894,3699.104852820301,0.4176600378469254,18.64445167188063,0.1300895147179699,20.0,18.097853877995107,5.0,40.72033356405782
13.044543095711134,77.42864837643843,3187.2496979825355,1.4394149928334914,10.655470410194571,0.18127503020174646,20.0,21.364444479834646,5.0,51.529600355237065
12.944113833389702,77.63234759985194,4533.055608288173,0.3906927049161315,17.344843226763047,0.04669443917118268,20.0,20.505750493642925,10.667015981777542,51.08736741507112
13.107777857736481,77.54743343145536,3558.851356522394,0.1322371672128822,9.462729713370571,0.14411486434776058,20.0,25.255088744821876,5.0,38.10619036370649
13.192214371148108,77.60889396787404,2789.230489746639,0.580952455685811,13.640416673671803,0.22107695102533612,20.0,23.505334286767486,5.792706916398349,48.95180003290419
13.062873747301712,77.6496799698163,3933.9465294150723,0.16445203951065165,6.168268045190034,0.10660534705849278,42.452456564195884,42.0558443709678,17.130472588884338,38.69694447966835
13.135480675041245,77.672966781639,3183.4585576863483,0.26202792831370364,3.658211487574517,0.18165414423136514,45.88192482816474,37.464814905961404,13.660084071984569,39.602290303654726
13.117132361340683,77.64378104094656,3463.8215277519757,0.21348605723239755,4.486587164097156,0.1536178472248024,50.50098433718141,63.390962223774174,15.36136746256205,27.153981375196476
12.975062383355361,77.428710016313,3340.7388756988576,0.6725061737128533,12.959948809415357,0.16592611243011426,20.0,37.07135423150714,8.262727155705473,58.81236582434806
13.194183523065165,77.52423039258088,2665.577022293895,0.2128082658655288,3.90796470173479,0.23344229777061049,27.3177075277042,36.35700794153805,8.022156049500584,52.44350185208151
12.975449785699638,77.61464832515844,4795.853926907292,0.2651206166018337,13.04536685802912,0.020414607309270857,20.0,23.013916009953228,16.913787099227772,50.22032317456469
13.142717870067871,77.6385513210888,3233.278627456629,0.2557654259843348,3.7730704768703216,0.17667213725433714,39.074786761052316,44.209222487649875,8.288611789448593,39.33374025589483
13.112057020192493,77.56570903418587,3566.024322834331,0.35925757512077827,8.965629367108539,0.1433975677165669,20.0,16.443231612711017,5.0,48.86661111451981
13.07078545221723,77.45885727666303,3318.8146779585913,0.9116099325315338,25.34354430549425,0.16811853220414089,20.0,10.0,6.231600815679127,57.37248683785258
12.832664133111718,77.55533289164859,3556.217436513384,0.8310134420470707,20.00287998805532,0.14437825634866155,20.0,54.6750211158665,17.302964028815378,49.51584049979913
12.811545559310888,77.57651443148461,3389.269986222724,0.3639743396264322,12.991937684204055,0.1610730013777276,20.0,28.670909439935745,15.115914941709779,46.674840548480375
12.845334063848169,77.540462101551,3626.173275817776,0.2705954000881484,24.22690691796652,0.13738267241822244,20.0,24.722491342362027,5.0,42.88970751416034
13.003854791441519,77.75560498736675,3357.959271884408,0.23204563308032233,14.393235674883266,0.16420407281155924,20.0,31.142839761013747,15.070186861100824,42.59116075513209
12.990052801029014,77.5120199047699,4153.8334682801105,0.19141987957456935,12.933289632548693,0.08461665317198894,20.0,34.99883273553469,10.028775897013912,50.197994090260686
13.151427031342513,77.45819371287064,2742.912576573992,0.6958665663475292,10.677181388709428,0.2257087423426008,20.0,34.32974234914031,5.0,38.5838068269248
12.939585095436811,77.66487968853576,4227.718397546987,0.05968684187950145,8.123381394256882,0.07722816024530128,20.0,34.946508159102734,10.066139681766506,54.906079420366915
12.942500781115006,77.65587280072197,4321.684391449634,0.16872293318161133,6.7171927283266974,0.06783156085503661,20.0,13.95273772354545,5.832071627860303,52.77332048684413
12.934524258163341,77.54491410366823,4380.056540720878,0.48339243786063174,10.937377005581212,0.06199434592791224,20.0,39.524475479283126,5.0,40.35095543554467
13.010539347004844,77.71068157601643,3775.6142341720433,1.229502338274133,12.571282328763543,0.12243857658279564,20.0,37.89792579761827,21.127993591303564,50.078971505286866
12.890247503958454,77.41072673469775,2989.3382605444885,0.2601742124941802,6.928534745412156,0.20106617394555112,20.0,20.240717545286437,7.378137969984074,53.958726370043614
12.885814572528512,77.49843325187709,3711.3114025878263,0.6646367868816144,12.35227230039427,0.12886885974121737,20.0,28.595754883110654,18.667605530808522,50.219541509385785
12.888571194746968,77.66642358650117,3902.1653093640743,0.11234770388020868,3.8467412126758056,0.10978346906359256,52.2730749959429,52.827552856100084,11.722779357102404,34.0957688677995
12.851123008130305,77.47146302627408,3277.286446667681,0.32411140499007834,15.245446960968438,0.17227135533323193,20.0,21.15489695660778,5.0,48.49532353514933
13.068007572894723,77.70269588470359,3551.582228730172,0.14435531234532553,15.062347694797229,0.1448417771269828,20.0,25.230507865587796,6.441936722591338,48.25246561520615
13.12562383933806,77.55525146055513,3410.2940321908277,1.4769704855478858,9.94130229561533,0.15897059678091724,20.0,12.18806460570502,5.0,54.19007027268155
12.956495619077424,77.45265292658783,3572.515710302424,0.30701235567798035,5.201927584118826,0.1427484289697576,20.0,20.319417178563192,5.0,46.94242098980823
13.08973149864903,77.49762072807852,3471.6011595304462,0.0932953598637081,11.443551885249741,0.15283988404695537,20.0,28.97730109558992,6.046462710330319,56.93138041040412
13.146046373935407,77.63495262916572,3209.472925091658,0.40320936435992494,17.922923065240802,0.17905270749083418,20.0,22.75699061121501,6.4333327521413,56.527913579052615
12.864603364957969,77.55530824903634,3860.1701177760015,0.3183435857930989,0.7292211962519155,0.11398298822239987,71.46423712391127,102.5473325337318,19.043805273372655,28.597189229713297
13.131903103048836,77.64345267878163,3324.181720137094,3.163072175269167,10.05629196883432,0.1675818279862906,20.0,34.825370086829096,7.146871689366348,49.15831182881404
13.046712254896526,77.70850632490841,3635.5769831250404,0.5092993187084202,6.1192787254625705,0.13644230168749596,20.0,13.553334693687567,6.340379411425487,49.94530474019957
13.127257492350669,77.50760961264268,3216.8403768177513,0.6229020426719357,6.40952213847954,0.17831596231822489,20.0,20.711105033291908,9.809969519134764,50.84846578985642
13.043895174057933,77.48072246807487,3651.123264733762,0.3816789901059829,4.860047078358482,0.1348876735266238,30.427754310985108,17.35166136052267,5.0,45.47178985110353
13.18245779650914,77.74459641034008,2412.3382473051147,0.21234476760245286,9.602194878780605,0.25876617526948853,20.0,12.438726328489679,5.0,51.83680174573743
13.073867477275195,77.64515730362672,3859.1810898202716,0.4734726568530883,8.551296011827846,0.11408189101797285,20.0,39.583499601419774,15.186580592267443,46.54824066936855
12.958720414880336,77.58321518223805,4828.099508922312,0.3696477464402894,26.106404330114504,0.017190049107768786,20.0,18.006555194334993,5.0,54.586553992354
13.132567704019907,77.63372992620829,3343.444753033981,0.7579394831296569,15.507853653055724,0.16565552469660186,20.0,26.00839738694105,6.025447695439578,53.0209827457485
12.980891605246729,77.65504053086308,4388.4943418846005,0.1494388047048586,3.1436805044727443,0.06115056581153991,42.392566555756574,63.854424764662056,13.718936588836776,31.87408339227048
13.044116550241748,77.66300593825756,4003.1036940654067,0.28816909691449777,16.85694103401222,0.09968963059345934,20.0,27.095556467671514,10.845364925296693,45.697380660093806
12.960728342060895,77.57112442546862,4741.292530853271,0.3245796529452133,6.045694457098423,0.025870746914672855,22.29935383159325,29.630833373939645,7.106057541486676,50.05256060990343
12.925805453641715,77.56729773965257,4466.843935020917,0.8433619246807615,8.17760567913689,0.053315606497908286,20.0,17.95281133364522,8.533635230422744,45.5733678389097
12.805869561982174,77.60775552465864,3337.4824537880886,0.8907422053523254,9.02332231633796,0.16625175462119116,20.0,29.516802322559695,18.339484436128316,58.175035828657094
13.037755375227615,77.46881290107777,3578.770675549592,1.0975071179755924,2.8287294731075012,0.14212293244504082,28.057857496540393,31.216354133970448,12.478751866328885,50.08785539911567
12.862350609736739,77.70982911921588,3412.134162211347,0.7324021174011941,10.681811278357518,0.15878658377886531,20.0,14.805726392034655,5.0,45.03009309694605
13.196312654255856,77.45472545205065,2353.1024548210094,0.9831065301038527,4.425557847873189,0.26468975451789906,20.0,33.68498802624876,12.709467936338392,47.53557543808141
12.91233996408092,77.58317185830634,4396.480797347667,0.14870585824157073,4.244913881698711,0.06035192026523326,45.52790359944284,55.577758116478996,13.212592183063336,43.686951394171594
13.0642110637802,77.77802370584841,2945.2234914311284,0.13400129077737005,14.058265075642268,0.20547765085688716,20.0,32.64391497406665,8.190052110685937,46.96239545039645
12.864204916522409,77.60735687903002,3918.499102277514,0.12729813351022842,18.447331416706422,0.10815008977224862,20.0,10.50356265137496,5.0,48.673701084401145
13.070708573668849,77.62970919663415,3948.5645496289753,0.5672201676959415,14.96076115705816,0.10514354503710249,20.0,43.62068361898528,9.12618721521936,44.0331059377809
13.019589179276716,77.57804528610622,4492.35643609342,0.8266456422017153,4.142636085774114,0.05076435639065799,34.66278094072132,29.428906173458834,8.744256952462054,37.3758293179179
13.193377081786032,77.43760713378597,2282.7986079860934,0.7599248564632125,6.256460341972529,0.27172013920139065,20.0,13.467266993798313,5.0,52.03035790980025
12.996150764334459,77.54916726831797,4483.58222944043,0.2035018000829612,5.693980749668808,0.051641777055957,24.059281439995196,38.23267366927634,14.972779087168538,48.58764706084811
12.943260264249771,77.63712177133648,4488.9969021635125,0.19778379730061726,7.312340513909768,0.05110030978364873,20.092751146082037,29.63254722259687,5.0,50.54121252274946
12.918467207612505,77.72032658293992,3635.0726288684436,0.2653369641062061,11.083013807727086,0.13649273711315563,20.0,24.304236800424768,10.108136248951842,46.40106512825389
13.06759395359923,77.44337337809228,3208.7900653124707,0.3043868172411276,12.063841777346578,0.1791209934687529,20.0,34.88092463208589,6.948495078346698,42.333039555406344
13.077082738228512,77.64325489613657,3838.3672274662295,0.0790483475809535,10.714520290258868,0.11616327725337706,20.0,18.076195395126252,5.0,47.854616745147865
13.08577565196105,77.69538144747389,3477.075850356831,0.13147695553401142,5.023275976918615,0.15229241496431692,25.559415475206514,36.72673839610364,8.844346678210137,39.74430432588096
12.97281001391167,77.59344370227767,4983.263339373978,0.20061860285676542,10.677474582760903,0.0016736660626021668,20.0,20.418020087122237,5.6787314088546035,48.378389795449024
12.89122149101459,77.48840706040461,3668.1724914003544,1.1168151843436624,2.788426156049722,0.13318275085996456,35.149156430105144,25.591241465265863,11.472437292490703,36.86449027855464
12.98453523129458,77.49195776953614,3965.45915096407,0.8352552673572053,2.1430510603854405,0.10345408490359301,55.55451952769948,96.36051851069602,36.2450354948472,28.239677388010364
12.974602070750242,77.70764664224502,3869.135032302092,0.6597509414912026,6.468959422205811,0.11308649676979081,20.0,14.282319422601065,6.222029790597425,60.92513464322215
13.142097455956332,77.46870656949373,2880.6005961070623,0.4855940175590332,9.521286262677728,0.21193994038929376,20.0,22.506057863975755,5.0,50.18033030191162
12.86391854606313,77.5235631020273,3709.979209642631,0.26857860101812037,8.197293331459448,0.1290020790357369,20.0,43.29269996621282,12.473972682425847,49.27077783513905
12.826790568480062,77.59819195736739,3551.460265824341,0.6789321345896941,14.645222718420673,0.1448539734175659,20.0,28.13346288688203,6.800894020494579,57.60507470671199
13.028917575588878,77.61870282471885,4378.208183487883,0.521156951161796,19.757340555684035,0.06217918165121171,20.0,23.442538218761364,6.067967202794897,49.325932371528005
12.961708458750056,77.52163863669995,4263.711800793902,0.15044639640972485,13.016014666526914,0.07362881992060988,20.0,22.866452058927003,7.517693818565579,48.446853800815596
12.991013251522295,77.54163197299964,4435.8647131246935,0.7819529597195015,7.44262063519042,0.056413528687530655,20.0,20.667740126375975,5.0,46.501791889662634
13.101954691329626,77.57593150554284,3683.153075071409,0.7517870027374753,15.043184953377223,0.13168469249285908,20.0,29.021391293011042,9.501850017122644,49.38742880077597
12.823642089305512,77.59736287792798,3520.1629538519055,1.7442337984633114,8.635472417903202,0.14798370461480945,20.0,32.14730721621682,8.116031890936643,50.24795913830793
13.067182713703298,77.71639757789511,3451.7524377541686,0.10084097309655683,12.818144399355205,0.15482475622458317,20.0,36.979401935351326,14.32423678666467,53.506278197216844
13.080060548620338,77.57152868331785,3891.1277683848057,0.6398817267775812,27.591928595379116,0.11088722316151944,20.0,15.045416862805986,6.279740396576072,51.84756558158212
13.135884733389256,77.5753021272492,3345.8572758832233,0.3480211294293623,8.379150109088169,0.1654142724116777,20.0,25.70442998721363,11.345681614888768,52.770714632563745
12.879436471332824,77.60905656846711,4067.0954824726273,0.6194931602839201,9.187040635516137,0.09329045175273727,20.0,36.324090972466806,13.639466535162171,47.57580037915567
12.881704581706442,77.6537966125035,3923.643871106631,0.20343796010541745,11.407751626017408,0.10763561288933687,20.0,14.312252615909912,13.24217073275489,43.246686194171865
13.061609798952855,77.58543747068303,4095.2505401484045,0.26057396003873434,8.893291233441612,0.09047494598515954,20.0,27.06789962461452,5.0,44.86644754107367
12.997162312638967,77.61492770041878,4673.404342991563,0.021105620235097832,9.443510770599747,0.03265956570084375,20.0,10.0,8.004822951444913,47.94863243809592
13.123917927226202,77.69112765164749,3196.7158158774328,0.32488857414417294,3.6527782706569774,0.18032841841225675,49.115886607182915,52.419542388385636,15.225723421809011,42.842972080817866
12.978641324817465,77.41868475198123,3239.438875225012,0.09690128483889422,11.748148826647425,0.1760561124774988,20.0,18.803255217963645,5.0,52.224291102991614
12.965860807630378,77.79660095021018,2979.1753610253554,0.38244521146106353,11.951100128643473,0.20208246389746443,20.0,21.046180153107983,9.641690035308905,56.57370132410656
13.115624584520841,77.64474540464379,3474.954343198547,0.33371527411872326,11.622828219986435,0.15250456568014528,20.0,12.141476707611302,7.8029031041531205,54.10303737954336
12.813148479185116,77.78546009411735,2519.385963616365,0.7328970283148709,15.686052648673822,0.24806140363836346,20.0,28.790026240919886,5.0,51.31909542839671
13.007761411820495,77.5665388595116,4542.280073586334,0.960567602142625,12.81223676364979,0.04577199264136662,20.0,21.180355115707936,6.890730950382976,48.33763373744203
13.022595553935387,77.44251438005105,3395.9244931602198,0.11565818326000411,10.893101400706335,0.16040755068397805,20.0,32.14535459695324,5.0,45.85848730211555
12.98505608940275,77.64330535753261,4494.700267722779,0.2052117562983332,13.417957869041086,0.050529973227722104,20.0,22.51821466501771,5.0,45.92204114390425
12.919120600538536,77.69203719974692,3893.288869561832,0.23513864978931526,13.234275046443399,0.11067111304381681,20.0,36.275795050671235,5.0,44.118853738312566
12.885712092781022,77.6195508298926,4105.6132537439125,0.4489481065653402,11.396199514729961,0.08943867462560871,20.0,10.0,8.183032069324758,48.46319379326075
12.96864788685076,77.53864119985042,4439.633844149485,0.11254731654993474,5.5579631827679705,0.05603661558505148,23.27279169908673,41.33401234493799,13.117152435283689,52.270977244762925
13.096574074103872,77.73385174618372,3128.915608174384,1.288968501343102,11.909817608296649,0.18710843918256162,20.0,26.81934303205162,10.328293085868715,53.49212567192186
13.040629652184506,77.59564773743838,4309.623969531556,0.6341744557349964,5.108194518490163,0.0690376030468444,20.0,21.571371754279483,7.727458768493312,43.31814348361565
12.977503363249129,77.6341832741525,4599.78939415808,0.48036632768229715,20.716122875892793,0.040021060584192074,20.0,32.18548716439999,6.921453873346082,45.0607096318388
13.162226843161333,77.64374393259926,3031.403559767102,0.3734887629589543,5.715794025216434,0.19685964402328981,20.0,40.352986013166046,8.636185859885863,47.76424860846934
12.968057303087232,77.77702486651734,3175.4073708007036,0.43615782335844067,4.938902368048707,0.18245926291992962,25.891742363463216,28.361978108128174,22.512978170485408,49.51095450443155
12.883199515312224,77.62973306203993,4048.7388507178753,1.0013203587402197,17.93111705379,0.09512611492821246,20.0,27.3699384009656,16.701047327807117,49.34031642553123
13.089496114829819,77.68292479273128,3526.882119347191,0.09001274855379066,17.60269385034185,0.14731178806528092,20.0,27.676972532248787,8.307378430904459,54.260997565477595
13.158905190906207,77.62017444611784,3109.569180460575,0.48021062365074885,12.397217398197329,0.1890430819539425,20.0,10.0,5.0,52.5860510807948
13.038183925856433,77.7777748625006,3050.988726698297,0.20481260569847792,17.869196936680996,0.19490112733017034,20.0,33.445582824931876,6.388845737535813,50.04885283676621
13.18168315797512,77.61421587034162,2890.0304354313853,0.22682305365140526,1.7992988871622868,0.21099695645686148,48.90316734603442,67.32964873275901,9.385499567255053,40.15368196722241
13.077427007909037,77.63299165656176,3874.24359222187,0.3257978255489424,10.153117301061789,0.112575640777813,20.0,12.861103470354522,5.0,55.73336134064242
13.111321823997947,77.63638455340406,3541.6400648505964,1.6287251983668263,6.378299812025995,0.14583599351494037,20.0,19.777993151952558,5.0,48.83046007277553
12.84722847718349,77.59784981175554,3755.8602584860446,0.5047903500389707,16.983870257260424,0.12441397415139556,20.0,31.674759178141848,10.775090702380746,44.92426231812782
12.940161835069564,77.60630196116834,4664.54596300257,0.9834837672213278,12.996472920747538,0.033545403699743036,20.0,34.686422195900846,5.0,42.488673738298594
12.995164797596575,77.60490210644758,4742.8165862609285,0.6253351213111078,18.50625839434024,0.025718341373907137,20.0,12.86733731207591,9.566198268164783,52.42959169729558
12.825952270217647,77.4913664663258,3214.7710604626736,0.6389106152549574,10.853565910307339,0.1785228939537326,20.0,28.039404160683045,7.705612142862254,45.717490214402886
12.859963494956665,77.47073463567978,3332.5067395496735,0.43406023007546907,9.395404834067437,0.16674932604503265,20.0,23.35917123431157,5.0,51.95976215800424
12.887547026591024,77.56829627384077,4119.273689007209,1.183539003526309,13.003223951126705,0.0880726310992791,20.0,16.974863101766623,6.573910672947162,49.45453395861873
13.048349945024885,77.74782424796112,3286.2840309849025,0.17456675731623006,10.169329520947208,0.17137159690150977,20.0,16.52897246332934,5.0,54.95926850253929
12.945393344310505,77.40764895595687,3112.2107725902506,0.23635201007540077,12.148762959690005,0.18877892274097496,20.0,20.478637841789578,5.0,49.54833847244921
13.025357991969226,77.57688953661167,4433.998037636565,0.07171219526330933,12.851035095212689,0.056600196236343533,20.0,19.13414330299347,12.64085943882504,52.796777048577184
13.09564190914142,77.77851568780011,2781.63629126251,0.9889511166868203,4.861340451567867,0.221836370873749,32.019976171123844,36.01244648273208,13.92744407722715,48.784762451689275
12.83884570516058,77.61036139568124,3663.1333502502052,0.30384731776233004,21.28631540333051,0.13368666497497947,20.0,20.89676084194603,9.850577505413884,51.64353199312546
13.114402481799397,77.57623207796934,3560.2108012701483,1.0761050819826679,6.336206418401881,0.14397891987298514,20.0,26.737919252862003,5.338607005173467,45.44540968226482
13.1206326540969,77.55151907303251,3448.6554781240775,0.08858214331340042,1.142623367068082,0.15513445218759225,72.64755718083262,74.51168032754941,28.189957685183725,10.0
13.096708317777406,77.73474676065061,3121.35139800038,0.42427927393280646,6.107771648060576,0.18786486019996199,20.0,10.0,5.0,47.772645566165636
12.963642201211234,77.53596675992414,4408.292014304662,0.1565219852422855,11.903867444515438,0.05917079856953377,20.0,19.95468259748408,10.836743722657845,60.57300088954168
13.121018399037848,77.70219852408901,3158.7151128310625,0.2270870866101895,0.9094878417369889,0.18412848871689377,74.66112184019082,110.69677272919276,30.084975796078382,29.869989680250463
13.024463437157648,77.49544671776859,3876.3489703033815,0.4328163727337121,13.845845667262623,0.11236510296966186,20.0,31.665447517711645,7.384992530299849,50.20899542364749
12.982604148225333,77.48771680190227,3925.51829639754,0.07195717346479577,3.701933454928422,0.10744817036024601,36.69023983632642,45.240109322598485,12.558766482668798,43.80911010768553
13.00708132904223,77.70965940342346,3795.9405734447687,0.7453241504546774,10.039097905182429,0.12040594265552314,20.0,16.381957512648697,5.0,51.88491850463298
12.915683630830287,77.48586287693517,3777.281623858582,0.539925515569506,8.378159018992614,0.1222718376141418,20.0,33.651341243644524,15.432301580624856,50.524325165393066
13.046379528823351,77.74455156453605,3324.3672944868713,0.6379476231419434,13.073308170359066,0.1675632705513129,20.0,10.0,5.00714829683731,46.78063994445824
13.13827178228067,77.65312889159081,3233.503066533547,0.6853234294418414,8.019513015961943,0.1766496933466453,20.0,24.112862231603188,7.392602457599919,47.416614464830154
12.842523901024204,77.50389787248089,3422.42225981405,0.15932967105766563,1.1178212668672285,0.157757774018595,75.88555115903054,94.27729226386649,35.2940970481669,19.114249497673356
13.002328595032655,77.45651251612453,3585.348107987762,0.14180187660590787,24.69123211242751,0.14146518920122383,20.0,32.039292795848745,9.966147191131434,51.90775787944631
12.983295270829093,77.62500975323596,4674.188328687008,0.816343994969645,5.1608567335472335,0.032581167131299237,27.164656932058747,41.68522309971408,16.484002030526156,49.91492198700334
13.145413225176481,77.52610568214172,3131.778684814849,0.8417558809663632,2.7187623378102534,0.18682213151851512,47.990248471253246,57.91577464079789,9.636654825441596,39.03176854344099
13.023590951070876,77.51043229291146,4010.6940862505494,0.2729201979205794,5.013767636143649,0.09893059137494507,20.33661324816771,11.223015539846195,6.415967261327623,51.72025217648532
12.867157087563212,77.73334368417586,3263.3903185525387,0.5579662166527996,6.279843325435178,0.17366096814474616,20.0,33.07532300792697,15.373818320668414,46.65451619931143
12.813900647296508,77.71454967730213,3018.6617924244792,0.32156451237270334,3.820809330643349,0.1981338207575521,31.438494423472065,15.76946889490901,5.0,47.23326438224036
13.094951344803134,77.69935986819941,3381.66183231381,0.2535086730337381,14.924369403065882,0.16183381676861902,20.0,13.964135318385583,5.0,50.29955219842241
13.095683721031063,77.71353552000384,3281.208920680013,0.5807645460392993,8.440948792142585,0.1718791079319987,20.0,22.027099108799312,5.0,47.52348378698292
12.815671298641854,77.54537373097382,3364.855190832458,0.21243287795512567,5.43086362335288,0.16351448091675422,26.779722040100644,31.618687054368458,6.048833944519069,52.10131799756682
13.083451028521038,77.60522695940784,3876.452722513647,0.38163981184538254,16.445289458851622,0.11235472774863527,20.0,10.817237079700583,5.739743128732247,51.372300888069205
12.975107768773428,77.74867921823643,3458.808579892877,0.5922954928307296,5.028147461435705,0.15411914201071233,40.64311978100907,50.21205275700314,15.1542082152303,48.58856067300283
12.916267534559447,77.59017386020714,4444.9078954627485,1.0001533094071455,26.46760517647002,0.05550921045372518,20.0,27.35935391396459,9.1405152802025,46.25268768308405
13.01523701023885,77.6945813797974,3909.107476935644,1.364452822991339,18.715546839636474,0.10908925230643558,20.0,24.088734588524126,16.01299146191796,45.919789995056746
12.930909302081457,77.4608121100768,3601.6104839065774,0.22408237013068738,25.4142385205091,0.1398389516093423,20.0,32.54627310550703,6.448070052605658,47.08866468745612
12.902303660304307,77.70051004247831,3734.341286405407,0.16412013144022036,13.461137055907354,0.12656587135945926,20.0,15.676500854119121,6.454701860263221,48.04897747019872
12.97245711658292,77.48952095140835,3949.174557704153,0.37485997153977657,11.528115538399486,0.10508254422958471,20.0,17.24062335196173,11.784929319746823,45.70280906602345
12.964541218883843,77.6220862865688,4716.217981509023,0.22572018050376857,2.2668795161935993,0.0283782018490977,61.5665744048356,77.82910695788298,15.749892673314697,27.135986715023563
13.039634004539689,77.54900689053942,4181.015421146951,1.2971996329690294,11.996544189946487,0.08189845788530495,20.0,15.334294455745034,6.345349679863907,66.4286185684092
12.863175855479215,77.60329327529618,3912.2790729953085,0.7965018566382676,1.802735841780696,0.10877209270046916,60.53169527396133,74.42518557211312,21.45848141928708,34.713927004151365
13.08203411677477,77.44713452792838,3157.671049971588,1.2744501947415763,3.749185182034901,0.18423289500284115,29.85194063945176,41.40717397513445,18.26513515651778,46.561272706393865
13.030297664931581,77.5543988386242,4288.554341893662,0.7804234526033282,4.775350772645507,0.07114456581063375,20.85807174712737,15.659616284091767,5.0,43.11368630400149
12.962037511748123,77.73306309386751,3612.070983625913,0.2883599413684114,13.233172820592463,0.13879290163740868,20.0,30.189276135952376,5.0,45.16928985605082
12.939585340220264,77.77596797149259,3158.281250457887,0.5654659295160986,3.6675281497417807,0.18417187495421128,44.444075858995895,64.20152592801344,10.677969892684702,35.168809363061314
12.834924490996274,77.77829580968228,2710.3636695698797,0.7306216549731306,7.756190468360968,0.228963633043012,20.0,31.984770104452465,12.192875402075801,48.58695366254387
13.120653451445095,77.68190410304258,3272.6049150305716,0.1750243162996909,5.38880035204653,0.1727395084969428,36.965756025431396,66.98459531387086,17.5718012849855,39.34956288126663
13.055549235548655,77.51077755623947,3813.674739913632,0.6240064801549043,12.594057388907911,0.11863252600863679,20.0,19.265437403453028,5.0,43.94909047451359
12.908434584175726,77.74532325376369,3365.7610645512646,0.7677478181298739,8.95526138119043,0.16342389354487355,20.0,24.08114698472211,7.61531975388376,46.19006676939584
13.029503692806285,77.67614811924209,3999.8533411281073,0.18556843646388826,33.3336881351976,0.10001466588718928,20.0,23.16252612348287,13.895183482512856,44.59430333663355
12.950378569480161,77.60204656453513,4775.0999251480325,1.2791760801981342,13.457507953165116,0.022490007485196754,20.0,29.769204106842928,7.188621480594908,59.700783159175316
13.082943276136746,77.78143352220255,2825.0496520730994,0.1998480494737308,3.4452818207467915,0.21749503479269006,45.700179757729856,81.72035861418641,27.7124573216449,40.2712558928392
13.143332243554722,77.67437810307106,3106.4184938071576,1.1507935746518685,5.034170068783949,0.18935815061928424,25.694710307309272,14.951381381692924,5.0,54.61236014215357
12.942856112651388,77.6834186937118,4066.4598877080634,0.8433925116188016,8.834073578443949,0.09335401122919364,20.0,25.829733603052617,9.173275167969999,58.52023239910959
13.1460484393516,77.57163792432779,3240.4683887072288,0.7045118204675047,15.53569397498061,0.1759531611292771,20.0,35.01720486589079,12.940247241868642,55.37424360840318
13.023993915853131,77.55393272774572,4336.754234764455,0.40621357761663546,7.192884458739977,0.06632457652355454,20.0,14.074390846071584,5.0,50.88743207738907
12.95355669327443,77.7432199250188,3502.8880125325077,0.8132731874267913,9.281736535312303,0.14971119874674926,20.0,32.47928753355282,19.07242303990813,48.38725644886689
13.097762230790963,77.77890920828433,2766.4648483502756,0.507735401612123,4.755226748687495,0.22335351516497243,20.0,28.440659779233606,10.934699099448375,52.30172402412822
12.865364552125298,77.65472915172002,3779.283600843023,0.6114411083660335,6.438668051630954,0.12207163991569771,20.0,29.114152550218797,11.76789577766617,44.61591513186472
13.082229209519982,77.63588730313525,3819.1755676986586,0.9473566333698441,8.5483144596475,0.11808244323013412,20.0,36.068993489717315,20.650427306947947,48.257011417325856
12.993093000782304,77.48108294494686,3844.661483782132,0.13189253748380858,11.056897431687633,0.11553385162178678,20.0,10.0,5.0,43.80488369845069
12.927132572810292,77.7057088524474,3803.2323043693723,0.24486878532592846,3.3930408785882276,0.11967676956306277,52.47989534368939,74.93737662768854,29.802219350924496,39.68377182168871
13.045465600873126,77.6380745062806,4142.902590793205,0.32616896605252327,11.270244791709331,0.08570974092067955,20.0,35.08841419071706,14.558184352509766,52.99635835436375
13.073626412009492,77.75321797091513,3114.0241400069854,0.3839059286755939,7.585960601439094,0.18859758599930146,20.0,26.175134959387854,5.0,42.80786640612298
12.80332267334778,77.69914956543847,3018.8924739279832,0.2364861919508118,9.444254850401821,0.19811075260720168,20.0,43.47328486904283,14.380466732506157,54.2655513222487
12.955771259184358,77.55439511190086,4567.914121629372,0.44577516565645137,8.680018242431409,0.04320858783706277,20.0,30.892068696490764,14.394654234657175,42.15263773474091
13.027836152945117,77.40250817819583,2998.4562732203126,0.7757064551198011,5.64432721659316,0.20015437267796873,20.0,21.615543328504376,10.689256181203493,41.60286690307643
12.966064573890685,77.5929648204351,4942.2810651335685,0.05385161147490955,28.360399567854625,0.0057718934866431175,20.0,20.552334201263434,5.0,60.01473542038143
12.905551147298572,77.47336042623996,3619.366624020332,0.794962479882919,11.077133548341179,0.1380633375979668,20.0,30.973507446380673,12.41602918126171,55.67820633837403
12.838504794944571,77.59922363066413,3668.245083761089,0.5812244477157169,12.346073581523202,0.13317549162389108,20.0,36.1298392854937,8.767897881010446,45.27623573995555
12.963843033303794,77.46368583938172,3688.562316283632,1.036973156464238,6.3634107222710945,0.1311437683716368,20.16548736428851,16.029623955364816,11.051842867856205,49.19052974541705
12.899894898105238,77.62054547119337,4237.452354722401,1.6184823894744447,17.104016118428106,0.07625476452775996,20.0,22.742073723416702,15.934938831993964,45.26599952909334
12.85273772724502,77.46696705499583,3255.9126015329402,0.27065409884080055,3.0295500592156492,0.174408739846706,47.1158299592715,71.8103197926771,16.67279515321202,26.683371975312
13.039861336358056,77.57803982541476,4297.586345257927,0.7658234351962876,13.379940108047993,0.07024136547420727,20.0,22.59713491651817,6.931477508975471,57.90363521199258
13.036659859104203,77.68643627021717,3874.5362825012917,0.8101243248598576,14.757466386801514,0.11254637174987087,20.0,18.11638435693222,5.49898682991214,44.157545539503666
12.853006401309058,77.55225319371127,3740.7266518613233,0.25788587514201194,7.144552515789902,0.12592733481386767,20.0,37.96591562522248,20.13067697791304,54.78963432668119
12.896166071185501,77.6200221571131,4203.974643075107,0.16276208610940374,9.40403801446052,0.07960253569248922,20.0,24.160366630134785,11.746103678937466,54.57586075359311
12.905184266497072,77.74165080053267,3386.4638958476785,0.5618866607650255,11.644395962518841,0.16135361041523216,20.0,19.16516091596184,5.0,50.702544521428024
12.898398079524188,77.62198817063215,4218.422553298593,1.0635626692857656,9.883116287245812,0.07815774467014067,20.0,23.982309771407582,9.521507550081418,56.077443608123914
12.92169938022308,77.45019864588657,3472.196906538278,0.9078356938613323,4.347511760033967,0.1527803093461722,20.0,24.621792298122877,5.0,41.015041763602994
12.995912853897018,77.72395858638765,3683.764506753082,0.48338734235324937,20.39642862357671,0.1316235493246918,20.0,40.355541783488974,5.413248827319171,49.19407380890341
13.125978588530538,77.48513187687672,3107.4879504527785,0.39696391127021435,17.594330294684088,0.18925120495472214,20.0,38.76743670788291,8.519593610582927,57.677653866859416
13.166381199465363,77.68670543959358,2845.397306511196,0.5050055805317835,3.940379702768055,0.2154602693488804,26.29684387292528,30.67694773833892,16.41285508931385,42.71409163580561
13.102498090344433,77.7026847277682,3302.454170499501,1.7354316136531067,20.08972889833478,0.1697545829500499,20.0,10.0,5.0,60.560446636264544
13.003779937832963,77.45590339723279,3576.1918662228736,0.643541960790211,4.641018141819135,0.14238081337771263,23.418371949782326,33.20029815581198,13.60718306780126,54.45975040990686
13.147201818305975,77.43694370745699,2640.095231354208,0.17836940074417573,7.411078999068482,0.2359904768645792,20.0,32.03280035971742,7.546389309510834,48.125401639747125
12.872968762420511,77.40082350987338,2825.662189257265,0.8978439533091862,8.210164364853417,0.21743378107427352,20.0,33.66092855356321,12.899683034463731,40.06854694064789
13.013213166685603,77.47865398487501,3768.126059007328,0.25822422246554033,14.321105764774515,0.12318739409926721,20.0,24.58755387939084,9.702036137951847,43.49908878345146
13.180171921580698,77.52149705911849,2789.880400580315,0.5760926238659774,11.104858710998212,0.2210119599419685,20.0,37.854377816563826,8.258313444450696,35.90847856898911
12.939696539854232,77.55144456678063,4463.322984876006,1.882941350653301,13.579006259895586,0.053667701512399434,20.0,34.43070491970361,20.89264841163063,54.21296221344408
13.166263056768086,77.58337390458101,3050.1351100999022,0.9919820410070928,8.508139798548788,0.19498648899000978,20.0,36.81495399253412,11.282850670871715,41.767443066990296
13.036113373425763,77.47402630276359,3632.520866117905,0.2730512490746966,11.011282536537088,0.1367479133882095,20.0,38.346987329613874,10.83152055976775,53.02557667269472
12.813629223515065,77.60649153731552,3415.822772446848,0.4675900512039129,15.605263013421274,0.15841772275531518,20.0,30.273281202738094,11.866723772523944,45.93488573915589
12.85555402325928,77.62813991816688,3792.043261190667,0.12044262498554278,14.105813363735793,0.12079567388093325,20.0,10.0,8.123275951422174,55.726621328494474
12.953103260140077,77.52107490269351,4241.839771593499,0.24811884356939148,20.230178877780343,0.07581602284065016,20.0,42.06357159372557,11.980940584865245,49.07877010572976
13.152512883109964,77.59645245349786,3190.776330601412,1.0805915461818267,11.049402473183598,0.1809223669398588,20.0,20.41553810693325,5.125011816487891,53.714516527167994
12.869894020527415,77.49059051945984,3545.280841443572,0.23358072806354402,14.946438092802406,0.14547191585564279,20.0,16.352317101474664,6.1180099890559525,51.61877533615747
13.068021198326447,77.68308758492655,3691.2945261502878,0.9288282688333338,3.3682383835439835,0.13087054738497123,32.25010164523465,46.75909974429227,13.874764602133904,44.99794656092397
13.179113611783396,77.66557948748378,2806.8290828380377,0.7763004180406227,12.339862718744484,0.21931709171619623,20.0,28.226115733141263,7.127555877807116,56.096289945483235
12.923052643293627,77.5605960095152,4407.284451691484,1.568172015849881,17.012942529803734,0.05927155483085162,20.0,32.604009567555536,13.828003230319167,51.48006026569072
13.061546546108756,77.78535451872838,2891.0270847592287,2.121398607990083,1.3219604459384136,0.21089729152407713,48.95493849821105,53.53425252777178,12.81368573274945,36.1063048400869
13.039568466306573,77.4977281320863,3816.6204664116385,0.16237401141808427,17.191505642987114,0.11833795335883618,20.0,26.66215260152907,5.490412386476432,48.778924799121654
12.966236353343973,77.55197906679666,4570.428975305117,0.8806815150221868,7.640874091415418,0.04295710246948829,20.0,34.15594809751104,5.0,49.34907405758915
12.968275597305372,77.79989761803499,2946.75467554126,2.7217562259510744,4.791833724484517,0.205324532445874,20.0,11.23381799755339,5.0,58.5755910908939
12.98393043893942,77.54486093316027,4487.553466737618,0.2906573319294886,8.951411094518097,0.051244653326238225,20.0,33.408692382732966,19.547606916871125,47.20881533207924
12.943602809338762,77.46781264945145,3701.582696355149,1.4898424188726982,11.496720161905978,0.12984173036448513,20.0,50.980404568174265,16.852292864489403,53.22648479215521
13.037303540799215,77.55517747650543,4233.769575634486,0.31875286940922526,5.566020912641289,0.07662304243655145,20.0,14.746636285614729,5.0,43.597920982917046
13.003444942649072,77.630687113659,4518.712129328013,0.08979794906120644,28.553277992996538,0.0481287870671987,20.0,13.058646007962942,5.0,45.90823768957465
13.149628068575732,77.60836374901332,3214.406709586224,0.12016667799347427,7.14280484837525,0.17855932904137758,20.0,19.1487005790013,5.0,57.77481363862883
13.110323931856511,77.76672809249483,2789.289492139717,0.18325797079549816,10.951201284135859,0.2210710507860283,20.0,10.0,5.0,54.47295741284615
12.943008719636117,77.6751690813106,4145.082566789036,0.6080217610839509,20.4837415664204,0.08549174332109638,20.0,31.403334225564787,8.34848743354834,52.75563302043478
12.9240031500671,77.53664326393442,4250.037108990721,0.2997615610307692,3.750837666207539,0.07499628910092784,39.94480207379557,47.8697549625233,11.854736701256599,41.03703493455963
13.127604007979404,77.65371897656512,3331.6983517437716,1.2261298774645215,6.006389093025888,0.16683016482562285,20.0,11.332792978684255,5.0,46.65428624666333
12.916350093494124,77.52254604912629,4092.017400749389,0.4757500846156959,22.493742441806603,0.09079825992506114,20.0,26.20031004069393,9.487895047754797,44.31656191776923
12.819470289472994,77.47527309594577,3066.548194130534,0.6047947044743409,20.350289489863034,0.1933451805869466,20.0,42.61914878150173,11.720851351699462,48.718221785734265
13.063165999897528,77.54519053160561,3959.5372229507702,0.1469800059009581,8.146642636769016,0.10404627770492299,20.0,13.56756590825616,5.0,48.67763107951545
13.071767234089428,77.4068712868677,2872.1949215344894,0.4102124801393451,3.3509753257011257,0.21278050784655106,41.55030599022733,47.4533414697997,16.493739897137445,40.55745525477734
13.066407271568158,77.67894333768506,3731.054872973079,0.48980512797577386,17.66668895489662,0.1268945127026921,20.0,27.112616996675047,5.491530109500561,45.09843127024701
13.054183539923935,77.47949787710928,3583.365263721163,0.29536591897094794,9.838734171439233,0.1416634736278837,20.0,10.0,5.0,52.4280629007476
12.975773432844164,77.54029991915142,4455.397730277704,0.5233019194295888,10.638089051303563,0.05446022697222959,20.0,10.0,5.0,45.166327350616484
12.929420898170386,77.55573739113791,4426.468919872626,1.261556494979352,11.786700199372442,0.057353108012737325,20.0,10.030174056556092,7.03089486665651,49.52064346868735
12.88441412044608,77.6061006808422,4120.588648388874,0.30597916267343594,14.12404451985733,0.08794113516111257,20.0,31.577341142099037,5.0,53.314968510263
13.028048893646988,77.68556370925867,3929.4452841603406,0.7306746479269832,15.566952251735561,0.10705547158396596,20.0,30.190988310119042,13.455989864135137,45.50488443137619
13.053029558053733,77.59048965637002,4184.66768434075,0.29252546324679457,6.1742670565400815,0.08153323156592497,20.0,34.596382206443536,11.840394725003058,53.1200456605641
12.973133821137912,77.66774230509169,4268.416142782701,0.5456171575013153,3.163626320701527,0.0731583857217299,38.97948785041047,53.00549571347005,18.579918970803384,34.99983325091444
12.817088617627837,77.78601482432268,2540.052800301631,0.36193880551032204,2.7667359711190853,0.2459947199698369,37.2645915652933,35.47039107434024,12.177664090983765,50.53986088305379
12.973800105902841,77.49384295146838,3992.18933847737,0.27981153492251104,0.45656788787013997,0.10078106615226302,69.71976789375904,73.88297884587531,22.526771231837056,29.113986245422158
12.977579631123739,77.71212021593134,3823.2775543517596,0.16549316017502613,11.156935578872085,0.11767224456482404,20.0,10.0,5.0,49.42258551804184
12.931694412328438,77.49501657415803,3927.185261574209,0.7948970022238065,9.72571784061779,0.10728147384257909,20.0,33.240981288407895,5.0,41.77243877437327
12.91290984276387,77.46126127864103,3543.162700572022,0.26515889952773763,5.410582796314784,0.1456837299427978,23.632045481747795,15.07201883582475,5.0,39.89809545761827
13.035925744670793,77.55217891023318,4229.45796451741,1.2684874746887336,27.23197830699632,0.07705420354825902,20.0,39.47310983087678,12.69713041244877,50.66839419118811
13.171914759345437,77.47805152486241,2682.467910286504,0.791799298604187,1.387840159422091,0.2317532089713496,59.68571533476082,78.07469336652201,27.641551882384725,28.400467655341032
12.974262881925993,77.4973217555743,4026.853157087943,0.37726315542990563,4.104655955597566,0.0973146842912057,43.71132284943671,54.123183563281984,18.48559744651515,31.948698455770305
13.115155524520434,77.56486430905211,3533.9713530600757,0.7768941509102191,8.728331772125738,0.14660286469399245,20.0,31.6705021849271,7.3319130387152684,50.97820264156158
12.851011948364087,77.77707923488244,2812.760887314218,0.32579990369806777,7.661335862499449,0.2187239112685782,20.0,26.19962099815163,5.330354622291932,62.72517761701802
13.197835239737177,77.55745892781232,2707.363026072634,0.22187165790855,4.024209771675224,0.22926369739273658,37.5016978313477,63.148529070848014,19.448578073553275,49.52249266365968
13.004648493753638,77.53653736332876,4331.90773716496,0.9289722371524973,9.337814169802675,0.06680922628350398,20.0,21.173747204519884,5.315405028675986,47.52967857069823
12.987451208792127,77.59375661233607,4841.263702032818,0.28986838680527954,14.510787735943323,0.015873629796718185,20.0,28.221436921952627,7.222813956173126,54.17494713689293
12.974093147204362,77.72719747407045,3673.790894585378,0.32756745138683696,3.039964052423846,0.13262091054146224,52.93367225877114,55.65410699498287,17.078154136439593,38.40679187514307
13.137062491744006,77.57123670371251,3328.9620055919786,1.10158625627994,11.211278220996771,0.16710379944080214,20.0,10.0,5.0,61.374942067682326
12.964104681378421,77.58606707756861,4886.425986044768,0.9614503988649357,12.194612301461996,0.011357401395523195,20.0,10.35966835160686,5.0,59.41905515592401
12.900053621006892,77.69762704655956,3745.669235416296,0.5418708306343712,13.527185055898537,0.12543307645837043,20.0,22.968719376486245,5.0,45.54507279023285
13.070120874276423,77.7983535749646,2736.7748238621266,0.26048246121518187,12.765719339572142,0.22632251761378733,20.0,26.389168670996277,8.214621156201463,40.40162249830854
13.070510268477275,77.63975018508778,3912.7198878068702,1.8244583781502262,13.29200262506306,0.10872801121931296,20.0,10.235265589085934,5.0,60.848853743753324
13.01871737740661,77.76596743445026,3222.7311727332517,1.9355985701503877,6.34952516051441,0.17772688272667486,20.0,15.56403387468287,5.0,46.67429850357794
13.165690028465857,77.62152849523062,3040.5081524726234,0.3447356968830755,12.852504791225945,0.19594918475273768,20.0,10.0,6.891627620727542,50.18804723151869
13.035775679080407,77.47858776100774,3674.2037343004995,1.05760162484282,6.417065034338891,0.13257962656995007,20.0,30.063001833470956,15.502094399637866,50.24257331109779
12.965802234675902,77.59717757755783,4936.550816537999,0.3181746196169235,23.568945190491874,0.006344918346200125,20.0,33.5329125430252,12.665072550743119,51.64181197666765
12.884041903146587,77.60217065805251,4121.152164027248,0.2035764555938405,6.048085332479363,0.08788478359727521,20.0,15.689521516889016,11.48433411944174,60.21521121735159
12.969949051755739,77.47906595253347,3844.541573482519,0.52069196290851,9.485698035862805,0.11554584265174807,20.0,15.356384975742493,9.215297090110585,53.513683358047125
13.004084082070744,77.43663036756415,3387.2501632337207,0.13697715482651107,11.881151480229207,0.1612749836766279,20.0,27.18159327409885,10.222717473641524,45.25689049395517
12.982565638157112,77.45815517408829,3631.152465090817,0.11321351648359722,22.35172181504935,0.1368847534909183,20.0,21.183961965661773,9.871397233810592,55.05471054026491
12.840723308509155,77.49792384471866,3372.8863784119903,0.7105165774350658,17.175492369635602,0.16271136215880097,20.0,27.562331228676403,8.54953565093851,48.74053624583785
13.018585737350108,77.60448966628684,4519.84741866795,0.3931675764859915,0.37905308831430307,0.048015258133205035,72.03429180979788,88.58914032155049,24.71168383904944,27.87690793774051
13.119614242622424,77.52837862920306,3378.4733745844555,0.28850845686736765,9.15630170436757,0.16215266254155444,20.0,25.00735246317518,10.533254619040566,48.551564136232244
12.999051492556099,77.73541147625849,3565.3761367643,1.119673708261119,11.1331616087116,0.14346238632357,20.0,15.961968199029142,7.718549304602652,56.53140237864101
13.038606784890638,77.60623977047617,4319.897546091921,0.17235227393915775,19.79609681748276,0.06801024539080795,20.0,10.0,6.114307424807478,48.48068285259435
12.938951731829283,77.54742494099747,4426.293140494297,0.6727761940442744,21.24839018623326,0.05737068595057027,20.0,32.307939231033096,14.692886255337836,48.48326540590073
12.949707050325646,77.53053454755468,4322.970942834258,0.14275126496921675,14.971159574688246,0.06770290571657422,20.0,18.69989241220034,5.0,51.27892126163183
13.137449109167475,77.6814819413654,3127.7180034229177,0.1302537613657124,7.113909320263191,0.18722819965770823,20.0,18.85731028429359,10.156340565952863,46.39805820599764
12.88828994008365,77.48811213005719,3647.955898344185,0.8842006347603344,9.2290651635127,0.13520441016558152,20.0,31.1587150284359,10.199685852588699,49.81928201389731
13.010360257330195,77.59416031722405,4612.372489463615,0.15287626861699521,12.40211716602791,0.03876275105363851,20.0,25.32684619133077,5.0,56.91068997423337
13.14980928143766,77.77187424409131,2486.34318952106,0.5070650222468202,5.040394095685355,0.251365681047894,26.83335538787319,41.47105612376385,8.905813907748088,51.38244206977525
12.912486428152913,77.76860726433596,3162.258385457744,0.6190688660312812,9.663488585692393,0.18377416145422557,20.0,33.70784554277142,7.5511094269203545,46.18263438554854
13.11266848675613,77.43778182381801,2890.6811920264736,0.8926581714538865,3.019308757512661,0.21093188079735264,26.447830800733037,16.003927464822247,5.561257128635571,44.539859075696945
13.154399781618338,77.53567341638492,3079.3724354717715,0.9650916470459324,7.670766693050731,0.19206275645282284,20.0,25.00444496859781,10.559512418071037,56.22073701819871
12.975899981055298,77.60475955904242,4889.67934145757,1.315963939927885,19.894284061249067,0.011032065854242936,20.0,10.0,5.0,56.03712874578324
12.918118635703582,77.49054552613033,3830.0602639751323,0.21199407689157515,14.099138129791408,0.1169939736024868,20.0,16.919229270541464,5.0,47.468071927517485
13.09231811652911,77.54539153239848,3696.376705408142,0.5354489229957939,15.663480933457652,0.13036232945918583,20.0,19.026927797752855,10.403337961363661,45.73560895062905
12.828352196980466,77.57254331593401,3550.640473108552,0.07427335174967119,14.859974913862725,0.14493595268914478,20.0,24.178553014821745,19.630134909127037,54.12076181727819
12.935077839555065,77.4722440927851,3723.0960790276426,0.12913353805160077,2.6012273240422643,0.12769039209723573,42.76642142351575,63.519035463583734,22.529235491410347,44.379474339893754
12.890071737058237,77.78011578342533,2973.600149076807,0.11847603850943104,5.746948745880959,0.20263998509231929,35.47140399925491,44.462164347854866,18.50134379586207,37.83561999720378
12.932177473621083,77.60132346978985,4600.082429479346,0.18628534158399176,13.74919539808309,0.03999175705206543,20.0,22.728595852138877,12.541849851882723,48.55162772452551
13.156096619069668,77.43418340204066,2555.158750573225,2.409701650205099,2.873109513484689,0.2444841249426775,20.0,21.978096646123802,5.0,48.5050800131408
12.99251786990438,77.7119699032812,3807.806581230417,1.3225726090421155,10.603001221030254,0.11921934187695829,20.0,22.33902236982898,12.527203776274648,48.57033427633262
13.182539026876135,77.70425063676002,2622.637276280096,0.33357092675107575,6.7858385882548475,0.23773627237199038,20.0,31.897321246320075,6.212294155671259,58.350469502915445
13.081840396138148,77.4583488122438,3247.363953763609,0.555653791986858,19.337541569697223,0.17526360462363907,20.0,10.0,5.0,56.322541406135734
13.087982164112187,77.60767041283248,3828.861928932061,0.4425191652594255,6.78860832742507,0.11711380710679391,20.0,31.969359256585957,15.614187455760414,49.451725754412706
12.877951703510256,77.63506234062379,3979.8429314959994,0.1306244091639613,15.409134724453404,0.10201570685040005,20.0,35.41454578321271,17.79969079497437,57.304093591445564
12.99314462509823,77.4207810400363,3248.509157503686,0.3315100410033136,25.599382622161816,0.17514908424963144,20.0,18.600704331107337,5.362078945203484,54.93660355812838
12.924538724765265,77.44648340988952,3445.8671905955307,0.13928109029771674,17.154112447284596,0.15541328094044693,20.0,12.888762335842245,5.0,55.76663881698445
12.898071364065697,77.73081354473932,3452.079134037849,0.2842779808941971,10.844712401777372,0.15479208659621507,20.0,30.707183224357742,8.71479295340968,52.41154212127889
12.982413125615993,77.54471403074976,4489.555721589202,0.1965533442059525,25.3332114402557,0.05104442784107979,20.0,18.145549790800317,5.0,52.53966334981008
12.872532894798862,77.47768156981216,3467.544106653584,0.17520869782008874,9.833161963620025,0.15324558933464158,20.0,23.713654750041673,5.0,51.794602544363215
13.071082763111066,77.67743927387195,3705.428045574711,0.13143940826160816,7.584112589896133,0.1294571954425289,20.0,20.30283315240707,15.233976257931246,45.742040837491984
12.940366593558087,77.51414809595653,4136.980038342933,0.0521285594814484,10.66039208766048,0.08630199616570672,20.0,20.66167925539817,9.623850631281645,53.28817832362206
12.98941676102042,77.71604336406904,3772.5665944881775,0.3903420028930781,12.605751118935364,0.12274334055118225,20.0,15.293572090333333,11.738223571706847,51.00523832140847
12.978907501909072,77.7658844805452,3285.5971051182605,0.4690621100027761,5.802146283173996,0.17144028948817397,20.0,11.882230807950192,6.227824914270373,49.97048878839725
12.981842491390797,77.59052971510712,4889.783917235409,0.5900403020274835,29.265441091532157,0.01102160827645911,20.0,34.46879032323288,10.39667786294936,38.58359771236385
13.008693499936138,77.70881459360913,3799.1294353340227,0.31391645042469335,10.230649907767905,0.12008705646659774,20.0,10.0,5.0,54.61290981730582
13.072769813673665,77.46063820990925,3321.277497527289,0.9172521870122734,12.67337179393245,0.1678722502472711,20.0,41.03727154697238,8.876780290151071,44.8698237622238
12.95531202847581,77.74936084707711,3443.8439087161387,0.5666346400489687,6.174404593012501,0.15561560912838615,20.0,19.290668021736604,5.0,44.94916640191879
12.934254326232326,77.44740518551171,3481.414712260029,0.09616388909882573,10.878354105518758,0.15185852877399708,20.0,10.0,5.0,50.489132459261334
12.997755138165246,77.78382484862036,3089.7608896308407,0.29744743429917825,3.552858251352266,0.19102391103691593,34.10100865516026,43.86326058548839,8.513653471178387,34.41749862006263
13.003436523191922,77.6449544873232,4404.253526864612,2.0223616790285073,5.832412857845849,0.059574647313538884,20.0,27.44000106305036,11.722417643503448,36.22739185800813
13.009380417247705,77.53209620198064,4269.651816305669,0.09442149019871429,21.534501631874768,0.07303481836943314,20.0,22.828959439107717,8.672831776443138,52.69370462837975
13.067871613400035,77.59508665161172,4037.2715659939763,0.3997642427587276,1.1269727076251097,0.09627284340060235,70.05299525953362,83.52018590107384,20.91535508225767,21.515695356764322
13.012337330023039,77.74599424336697,3432.207061437579,0.799680436925391,8.493447710149205,0.1567792938562421,20.0,11.603155641319878,8.285405067473267,49.64515265076977
13.092261645638537,77.75723228062121,2974.944656848712,0.17273699761330844,14.561587397337346,0.20250553431512883,20.0,33.67429419154058,14.644359452892983,53.55387012587597
12.944308184248637,77.68415841496078,4063.7546850695003,0.6260200626433057,7.095061050883447,0.09362453149304997,20.0,10.0,5.0,60.87418853531591
12.940535478269505,77.79364910502319,2985.4144167874547,0.5096912251087717,12.509970499477959,0.20145855832125456,20.0,22.38572101967183,6.889562546373833,55.59270704667975
13.078268864016298,77.50773139367966,3624.3401105445764,0.12473686525633088,16.27322929616137,0.13756598894554237,20.0,28.027181892698216,11.534296922174976,55.822379235250025
12.826901361665742,77.56983760064435,3531.9784620913333,0.6918853437513895,10.530248748885672,0.14680215379086667,20.0,41.168459305521964,7.159384139196981,53.87948774495732
13.053687566460109,77.56003206474173,4109.308655292843,1.1368697633820148,8.277088530696682,0.08906913447071577,20.0,42.17310819725607,19.63492169029271,54.30092605390922
12.820948960655063,77.53326557375158,3373.4193072911166,0.12048283127483997,12.77764898749523,0.16265806927088836,20.0,32.55936458700074,7.0984232977325945,47.03770562108288
12.93927849257535,77.67904687728573,4095.7901280392566,0.6745286673755316,25.723537109871554,0.09042098719607435,20.0,32.33255632598753,8.37820543941501,52.628599029435286
12.850830201742113,77.55562751991606,3730.976817581961,1.2145763326157268,6.923203260108842,0.1269023182418039,20.0,18.738346289398123,6.5561391495919255,56.409891811883426
13.192845714737173,77.58016286810825,2782.8374649831803,0.14903321010324194,12.817702019109506,0.22171625350168195,20.0,40.72989702844953,9.113295114553654,45.28518313775118
13.19320588409463,77.74626455083805,2314.6452032130037,0.2005783826959634,4.71432503703948,0.2685354796786996,25.154604979300423,25.858720990134263,5.791434498704444,53.44333621266706
12.855698991400931,77.71254473463505,3346.3977436392743,0.6964171502585523,9.909851863048486,0.16536022563607258,20.0,37.797500638776825,11.506960660757061,47.891726164032235
12.895905201622462,77.62132839080327,4197.24789776989,0.3271416288941907,15.049543104111748,0.080275210223011,20.0,19.83100363880611,5.0,52.91716784577983
13.02961548545462,77.46523674203968,3582.2324216344978,0.4395823398708003,15.270018435682177,0.14177675783655025,20.0,26.068825297567905,14.474667167469681,48.303320777919694
12.966382989519659,77.5520619259671,4571.4320426372415,0.5431652547864402,5.2160934525660165,0.04285679573627589,22.015940373879168,15.515206460580615,12.721356583571605,53.45974084250596
13.175442492690069,77.51535036663344,2812.941102420093,1.9411264605070464,15.08631877934716,0.2187058897579907,20.0,31.060941340718802,21.467062531233868,56.82613033840084
12.995898251548432,77.55239441967092,4512.997326575568,0.09764617323216514,2.2109012696434798,0.04870026734244318,58.49665376138947,80.58438163348829,24.708037872218355,33.926487487368014
12.967374963732567,77.58977210735836,4935.844346453054,2.261511705718756,4.404962880620653,0.0064155653546946285,20.0,12.997756203191411,5.0,43.772548974405254
12.943415866506705,77.65910331112252,4296.080791103357,0.2586985368043283,32.10834833214266,0.07039192088966433,20.0,29.208656925615728,6.5490117300238415,51.192790353197736
12.98080154963613,77.5477802948688,4522.846638461116,1.0182339981652067,3.342153507159789,0.04771533615388841,41.76549698919385,55.548979994514724,16.285510397128316,37.166648058296104
12.810947065620278,77.57325714613323,3379.355599275591,0.13917436567352512,2.451658527970502,0.16206444007244092,49.98502233665106,68.5626090594409,23.739166023028446,30.033467624664862
13.14300012482338,77.54287096203608,3209.63980835857,0.3369895316436261,11.672272336950373,0.17903601916414302,20.0,20.102378638835688,6.574638120954687,44.65781257077086
12.919383898219806,77.56226458079604,4385.825707130665,0.2537569721749665,21.935729392791423,0.06141742928693348,20.0,22.171974482673367,5.3150869728517876,54.764000538026984
12.891226901642113,77.63339840449747,4107.523046168929,0.6679614631079176,9.461678091532583,0.08924769538310712,20.0,41.61501893492003,11.834435814200353,50.20840603608455
12.848806836925373,77.56274766289485,3731.4286666910643,0.21194718963013853,8.768177849270135,0.12685713333089357,20.0,32.45280304606848,5.306028073821098,41.221160711209734
13.164410351023944,77.75930353238903,2464.194702990793,0.13807816452116303,8.361265107872716,0.2535805297009207,20.0,37.173513046520114,16.07353613994126,43.04785497105095
13.002411990568664,77.7759629597021,3160.3831400340823,0.19946288507259677,9.826548274769646,0.1839616859965918,20.0,17.236342443640613,5.0,49.301781793792095
12.995565520416783,77.75041021162168,3423.574669879944,0.27987735324682766,5.000285015289105,0.1576425330120056,20.0,26.64824242464778,5.0,55.08573837189656
13.156295639535303,77.61020697215586,3146.461307573312,0.1279988199692325,11.475427922041728,0.1853538692426688,20.0,36.85692446479122,9.633125068023533,50.859707015870015
13.042245060467774,77.7048447223628,3690.6252111276617,0.44420891379476285,6.600754638528574,0.1309374788872338,20.0,25.164740772919895,11.201244878136695,48.60481632971388
13.148060230462054,77.46213034201118,2793.4999836302677,0.7770183185078533,11.110419689026935,0.22065000163697324,20.0,20.59279228467918,8.457026077344455,47.219737212602986
12.825504943362635,77.49315262046339,3221.367480654876,0.4974810673986201,12.809907511244004,0.1778632519345124,20.0,12.753655603723931,5.453994335490972,41.50615346770844
12.880527848505904,77.74136896999774,3272.7111610399315,0.191783041033755,5.184716577597596,0.17272888389600682,42.15191705857922,50.234177322715546,13.492414734142052,43.65678410929431
13.02482271772676,77.68315433121724,3966.8239617783056,0.10666151556731232,10.20726949064417,0.10331760382216947,20.0,35.87505520512655,15.045367130358201,54.79633729336343
13.149305001240352,77.70107389827909,2928.388103901226,0.531514490463563,10.061624047192085,0.20716118960987742,20.0,40.31888848370221,13.577143372629,50.47369237916453
13.019787488553623,77.48391524973225,3792.8070578842853,0.8159843043410655,11.123690610521816,0.12071929421157145,20.0,20.08821836364279,5.0,53.65836163310456
13.02361738318913,77.69911367940715,3832.5704587828486,0.6069531457892937,7.532679215928266,0.11674295412171512,20.0,10.0,5.0,49.58237161907152
12.999489544258575,77.45340602957951,3560.7792399338905,0.11364421097710181,13.979046375332787,0.14392207600661097,20.0,20.556540950662914,5.0,50.264697341174006
13.171167750734348,77.57226758059687,2991.8659385000237,0.7480904768132747,13.200369183110892,0.20081340614999763,20.0,31.903916101860034,10.480489396833125,56.597206678355775
12.864507063176067,77.67637113192659,3652.5796819800316,0.34355881094184565,11.857486409721641,0.13474203180199681,20.0,26.321547681635337,5.0,61.754260131173126
12.882286342213549,77.61542959838008,4082.895772778762,0.5156839663234385,19.502551513164306,0.0917104227221238,20.0,30.496059135003165,8.957001205971189,56.26027545779039
12.885966649967113,77.73860564085076,3324.5688544528484,0.33722974330846694,10.53046675276816,0.16754311455471513,20.0,34.26014125707297,8.16915805518374,49.326779540876025
12.969100380005308,77.54195708867928,4472.977779174468,0.07655951429277671,16.41314942168013,0.05270222208255321,20.0,19.695526613235703,6.25781602544214,55.50777325028275
13.109602070831338,77.7309797523544,3059.7936087625844,0.1526959660992097,7.25614678371258,0.19402063912374157,20.0,28.710804040968863,9.021464757381928,51.97272017158337
12.873468182639249,77.66696273370871,3780.7289551407202,0.2699910973948358,15.259951270965134,0.12192710448592797,20.0,28.104602219020776,5.497317087690824,43.980571828135076
13.08456133487482,77.78221830430444,2810.002482038547,0.8071834259599309,5.588005851859005,0.2189997517961453,27.881960508832897,28.32346897285894,15.210778708441511,42.78679107782702
13.066021474567172,77.58583665342202,4051.727301738321,0.3460908308644286,5.415616633044074,0.09482726982616792,20.0,18.789707231681035,12.629573392894653,61.12267169385605
12.985069413048492,77.6341504017024,4582.189114228452,0.04415300361175892,15.777900653327864,0.041781088577154804,20.0,10.0,13.981661172612613,56.00400409714226
13.027877346867664,77.51808124259543,4050.1442211997187,0.05587070132910519,3.659719327222955,0.09498557788002814,46.6978563180231,34.26963057190923,12.251448823427058,38.19676277766244
12.98092263591286,77.57220298671925,4757.402031281808,0.2327262988468664,5.085949179100095,0.024259796871819186,30.029168224138772,39.58273055524661,15.168920390021306,43.841015072140905
13.002194840136687,77.65924868289176,4284.773012070406,0.30300292039655535,1.7737651926526603,0.07152269879295937,64.50819598155974,72.33955254996145,21.022887563703364,27.503422701476
12.852639741393066,77.42500152341813,2928.401911887368,0.28794044193549706,2.4159716736762222,0.2071598088112632,42.697452992575315,48.1731299494668,5.2048989554480105,37.0678560638953
13.049750584490736,77.65520737497995,4011.022358280828,0.32218239639498414,7.456999315677726,0.09889776417191719,20.0,20.510782735589874,11.48278375643508,45.67846142485265
13.088551252155796,77.61329590159218,3815.6380571314817,0.5526774962957283,13.37002774022154,0.11843619428685184,20.0,26.73935736931338,14.226503147718045,54.2317571310301
13.082202164008711,77.5088379665873,3600.4298853400774,0.09813638874566227,3.53306913074203,0.13995701146599226,48.35207376500098,73.93084185727089,23.972024856630373,33.78146552671848
12.852487444009183,77.58357904181537,3803.7867032183203,0.6946095519378069,9.407006049276452,0.11962132967816799,20.0,14.092972410665512,9.567690095870109,53.756737305750654
13.147370325562653,77.66932043399602,3090.0693571505153,1.7907841638484867,15.747409080556272,0.1909930642849485,20.0,10.0,7.120432902721318,51.515769141881364
12.87631079231621,77.48214995735812,3526.0581696971294,1.6013067497461457,8.831343523809187,0.1473941830302871,20.0,31.81518152713704,5.0,39.9823479029392
13.123740048195486,77.78361040942552,2573.6544117515377,0.36219105130533724,2.182720564931076,0.24263455882484625,43.99004490215947,61.35710658764236,15.533165840216121,44.403048144809006
13.188993864260574,77.57762440275648,2819.4435774344474,0.6062143947518152,17.521244412642822,0.21805564225655524,20.0,41.15088195332524,11.805959441365788,48.01281045559838
13.17804441167192,77.64005756354302,2886.1011094701594,0.3939148969873061,3.157777669852812,0.21138988905298406,47.83401650471461,54.527231064161185,29.681241779255526,45.455113982308916
12.99040864577101,77.50337696725694,4068.5813584332454,0.6182897787710581,6.636540225933598,0.09314186415667544,20.0,30.045303061799302,15.982602674256135,54.40682215876214
13.10359812729499,77.49178466608407,3326.844343833245,1.0475683568641097,14.364033119949204,0.16731556561667546,20.0,32.09779272561425,5.0,39.28640076800727
12.906607373955822,77.73423099335986,3459.8423539527084,1.1911173580062042,6.026520443235126,0.15401576460472913,20.0,45.041792751167684,13.422158258571681,54.4373878030488
13.03029274356813,77.49640954686065,3856.0505590164535,0.10014817682163991,7.326096037131997,0.11439494409835466,20.0,12.997482771990356,5.0,53.72679487395134
12.99210579841359,77.5865056009903,4779.544321028668,0.8477317234008802,11.294780969339845,0.022045567897133238,20.0,24.16707384737975,5.0,43.89524714500565
13.17709050798024,77.67034879473644,2809.9262849392335,0.4133581090839546,10.843700977040958,0.21900737150607663,20.0,40.546347484020885,21.753144253239594,49.35460005976574
12.826185133506753,77.55405615235632,3490.3878982002498,0.4110691385615497,2.7442769960518927,0.15096121017997502,57.36005152052591,65.87661381204094,10.240361545769051,33.092035548291356
13.156555870017643,77.47248931662617,2783.7037010361732,1.1579478817249205,6.163862459013634,0.22162962989638268,20.0,32.17797248535721,6.839880916774645,46.71309171065772
12.841598206797007,77.48068140200245,3271.477127553065,0.6236393832174443,10.203588355572604,0.17285228724469348,20.0,25.88440080420757,5.0,46.29030273121762
13.048206480643845,77.65130234716403,4046.9150588459397,0.2745784953150351,4.8807480616447885,0.09530849411540601,27.110621864392037,22.62577114190812,5.0,48.910121078043666
12.884722078827961,77.71802631098245,3490.634986826839,1.3535494668745962,11.753622321587603,0.1509365013173161,20.0,26.42452703391367,8.52402804553466,47.620684684317744
12.873418702838288,77.64295555995913,3905.56739397449,0.07932298437309994,4.610466068036282,0.10944326060255101,33.2895437794226,51.07072077920975,17.596441704974033,52.46719227304569
13.134579583684824,77.67307400501032,3191.1187390976115,0.3752259203583989,10.598097834571922,0.18088812609023885,20.0,10.0,7.685577539921296,48.98439131863749
13.168915769278577,77.58392659523064,3023.9576326564475,1.0156440846859986,8.244400287484257,0.19760423673435526,20.0,23.946694266738753,11.36385790138301,54.975087898079444
13.04071832723921,77.53559113430664,4091.1881717999513,0.21059259792301321,6.412453825763404,0.09088118282000485,20.0,19.596033568880003,5.0,59.63844028245408
12.836205706189068,77.64055742011136,3570.1853525770002,0.4323180291759347,3.7895774526849717,0.14298146474229997,34.61656686855013,41.298165978678064,14.986632909562106,36.891614656008485
13.18193143842549,77.65883815962754,2800.776156402711,1.3766909438603405,7.720659861566534,0.21992238435972888,20.0,24.533279658494386,7.25366363748758,54.173115911239144
13.049969617608514,77.54181767387894,4055.1311776307366,1.1935165471794038,2.246392656136264,0.09448688223692635,47.58409711198354,51.48492977061156,9.449066821362806,39.95586430087638
12.971917763152621,77.56239581789197,4677.942502234702,0.3508792015896452,18.791919859734563,0.03220574977652973,20.0,27.697287410339424,8.566952134157736,46.934055928062996
12.856158085545907,77.4406790633613,3075.981020141421,0.23680724790171914,6.426916206084952,0.19240189798585786,20.0,33.39029157499145,13.122075301861113,63.71556436231873
12.8642993646358,77.63243472198789,3862.243763477333,0.0674752028113252,13.109289310330617,0.11377562365226673,20.0,10.0,5.0,50.06697564860336
12.950513833815524,77.58433424467627,4765.47662446442,1.1637930718307257,19.660403720411285,0.02345233755355807,20.0,15.519330731145825,5.0,51.55093258414352
13.053170998083218,77.45965720136813,3423.18718197456,1.9643880935305087,3.4583051197489634,0.15768128180254398,20.0,29.431751897660483,5.0,53.132198752269694
12.998675695083364,77.67194942074063,4180.48635440534,1.8022625236705025,17.451173721058453,0.08195136455946603,20.0,10.616693731795365,10.848927543379137,51.823558866042426
13.01409049252199,77.74559369473948,3431.4166325680485,0.924579720121713,5.626254868314982,0.15685833674319516,20.0,14.1129388442595,10.655350368579322,47.69915015728538
12.984016930499244,77.56036385784222,4635.816860237763,0.5428664788467688,12.003462810413033,0.03641831397622375,20.0,33.9578351015749,12.086517805657897,52.8365281264613
12.880742462502711,77.67532609197913,3784.60730435409,0.24255693403145748,3.8839532321083308,0.12153926956459098,40.5400140873824,41.99196112576766,16.040080665625908,38.51199541754349
13.021773981251801,77.40729704147643,3060.9325265391153,0.2911076191931995,13.22273675224954,0.19390674734608848,20.0,38.22595197789977,13.902259649179753,50.59297211528437
13.093295825854664,77.79599798675171,2646.895176621054,2.9788648862143607,12.942331968867572,0.23531048233789462,20.0,10.67871045369099,5.194777059568659,59.283361689588574
12.80708257558783,77.56734702826618,3332.40570271008,0.33818904443127773,13.071368632257691,0.16675942972899205,20.0,45.27297413749568,5.0,46.224830020447506
13.120010159550457,77.73013570880534,2990.136725566721,2.990429177784866,3.310182419364671,0.20098632744332787,20.0,16.49961822356879,6.257772887397672,42.55195193824498
12.84919653920807,77.46722905302305,3233.4789741515233,0.138174993532647,22.600497984524313,0.17665210258484768,20.0,14.100667234238589,5.0,55.16649500027211
12.93430164746521,77.51869845661946,4154.292521650817,0.11616930247740911,4.5334083371422595,0.08457074783491823,46.22061564751602,57.53290239493326,13.862772913765523,38.34259391561468
13.174520322452077,77.70842585845398,2673.3504063387677,1.365797055796066,5.817259454672913,0.23266495936612322,20.0,39.443334869712345,5.0,44.60419091547754
12.937585880502478,77.69549193366348,3935.286770837002,1.022995264979063,7.583020482680983,0.1064713229162998,20.0,36.13008142942167,9.403595097215911,47.57380437480929
12.911630996826865,77.48680491049208,3766.4659443858336,0.21346155405579115,11.911649545997864,0.12335340556141663,20.0,32.782139981549946,5.0,45.72845174792819
12.936893606376495,77.5911983711769,4651.273052804946,0.803823163355623,8.106025319694972,0.03487269471950542,20.0,55.48896645046874,11.554374785516,44.52781975465798
13.044439088006602,77.46387341085003,3503.504966516123,0.5253525223889622,5.083569024203374,0.1496495033483877,26.962690525518312,38.64153864841021,15.784801854980923,50.09015165774469
12.923673132512144,77.67182917699027,4091.081389463649,0.9920483864225094,13.946872552949403,0.09089186105363511,20.0,36.26646131719118,14.172681163809578,55.9714728511003
12.887809170674263,77.53174616227396,3952.5503355298633,0.5482124290976211,4.258148087927485,0.1047449664470137,31.17546703194909,27.751844095787938,10.458249678869095,51.862984463442835
12.949316687764913,77.61412265929783,4703.74331564913,0.30081936863316433,18.624547156960777,0.029625668435087068,20.0,26.650072692350573,13.429337638078081,54.72168427398355
12.854103686491241,77.71238830393573,3336.285233815498,0.6591585329369096,4.33216540971739,0.16637147661845023,32.68082025877468,50.349087560971796,15.798850053998232,44.626465923451995
12.947972901831488,77.48619306974213,3890.481983210751,0.2612057904963043,4.813289801764223,0.1109518016789249,20.0,18.65249195409085,5.0,47.943600378347305
12.985717312024885,77.66726163218033,4259.796562429139,0.8111402476117539,9.932229466625902,0.07402034375708609,20.0,25.358417481081126,8.30428128381898,46.83335039234882
12.879071700034464,77.72160835081563,3428.6118407147715,0.6967815840508972,10.155082351106518,0.15713881592852288,20.0,31.798745284307934,8.848825470972514,46.912461025484305
12.942132876343145,77.61984094719787,4612.002990726191,0.5765298471357142,8.565295768317954,0.03879970092738095,20.0,31.978518254783005,5.0,50.49614811690537
13.091465219603284,77.49027197746949,3410.911986211273,0.3637223115348534,16.709538839955197,0.15890880137887267,20.0,16.74659959185243,11.748778208426472,46.93312185763406
13.114800022404408,77.78289847842964,2634.3592116396476,0.12143473095844251,6.557599519350214,0.23656407883603522,20.0,22.44796087133242,10.6663700266454,53.41679411748518
12.845796388318474,77.61737145707232,3721.5209047734525,1.1679395977394296,12.568661825492734,0.12784790952265476,20.0,10.0,6.446912714878127,49.20320712621768
12.844130749546558,77.71476928758679,3248.170456628864,0.5280016176291432,4.152730591880545,0.1751829543371136,43.50723061587126,55.60831464661464,16.93816522709881,32.95514155942476
13.147269566962208,77.54851242672989,3183.8540486343672,0.4509559148408594,13.173501312822134,0.18161459513656325,20.0,18.309386091534265,5.0,39.08949352899519
13.038384854434776,77.5427649320959,4154.595301261215,1.01588554064231,21.221013726208227,0.08454046987387843,20.0,36.49821097053679,8.439992716172686,47.27688305330852
12.93080000415378,77.50129027475826,3981.6020185732705,0.545633052966628,8.31983110035378,0.10183979814267294,20.0,26.0475825482335,6.104378167882758,55.559084127825265
12.930331489949223,77.66344132374539,4197.36572607267,0.2899276589116523,17.28322331323469,0.08026342739273296,20.0,10.256007515258714,5.0,51.53980776040148
13.108661111125526,77.69605725795557,3294.7339393857783,1.465736746085241,11.894216279870907,0.17052660606142214,20.0,32.95460223674832,14.072428104667901,53.6189970822221
12.89443748575152,77.73117381979155,3431.355302893554,0.6506659963507728,18.370841204052336,0.15686446971064463,20.0,21.09494839461229,11.570308946560804,51.77523835727547
12.889168311378494,77.58245181358967,4166.779637667619,0.11638496042046693,15.393557170249776,0.08332203623323814,20.0,18.94035909021202,5.0,40.26925569542734
12.931019489425811,77.68808831351878,3980.841395903127,1.7667480532418862,6.413175727476885,0.10191586040968731,20.0,14.098611082557687,7.064082417461279,46.30571249345403
12.924200503267503,77.52501229395172,4158.028437323679,0.15142911424012814,16.927879976991484,0.08419715626763206,20.0,26.937866882747226,11.046114111949816,46.23882731736279
13.130501381504113,77.55899043098515,3371.5746732091498,0.22956657269271724,13.937145780654227,0.16284253267908502,20.0,14.452901663070774,5.0,47.54060272592766
13.002690312969532,77.66737146434724,4208.653452412585,0.572292709351292,1.841093029070789,0.07913465475874154,52.90000173216472,55.246506694971295,15.367345068802123,32.10511284258685
13.050366941432873,77.75088689062662,3249.862198441908,0.5859742215319991,3.3164552007234436,0.17501378015580923,35.52434452584283,42.738610856770634,12.30599919375516,44.92082490421531
12.998071496371924,77.79075840604642,3020.634940622582,0.45743813686231566,10.421187577268302,0.1979365059377418,20.0,28.41625067814217,5.0,46.672330664956604
12.85353146745196,77.66672236597837,3616.4605516153115,0.457542922152878,10.411791837258022,0.13835394483846883,20.0,35.75454012339135,5.0,49.619755461514785
12.857560640044479,77.72506430872645,3267.2013541517817,0.7361768633254906,9.202737834575636,0.1732798645848218,20.0,10.0,5.0,43.75879708273561
12.82513601124627,77.60473096686049,3531.8604803636304,0.1854428314209399,6.747420821025038,0.14681395196363697,20.0,15.595652373302931,5.0,45.874940507969065
12.999665230583341,77.51384758137335,4145.095895333929,1.8111035921827339,11.253820810696268,0.08549041046660716,20.0,20.377098960220472,12.19066371318154,44.731046013287276
12.88666136466109,77.70063243819,3641.4180289083697,0.8047180223649198,4.811801802751545,0.13585819710916305,28.235880836976385,48.33940747095252,12.883866884880598,48.39153153081492
12.994928755637549,77.44408492838626,3476.8776272903897,0.36649738440116536,3.3454155634521943,0.15231223727096102,32.41205454994322,41.76606055489365,12.325235114694843,47.301179644114306
12.832038652408968,77.79476253493183,2559.8686483764295,0.4458741355910567,6.955517683761562,0.24401313516235706,20.0,10.0,7.645947807738554,49.36246010545423
12.953522243843121,77.57101599246633,4702.845043955878,0.44072818048138473,19.291915278683092,0.029715495604412168,20.0,14.57986669881433,5.0,47.736075241815065
12.893321681315427,77.6167240441267,4186.552490654518,0.17209027268405305,25.564290490963366,0.0813447509345482,20.0,36.85486949708985,5.03238914443968,49.530238171838576
13.031537682981165,77.41902276048066,3144.740102347304,0.2475989143863869,13.355292316447926,0.18552598976526957,20.0,22.043972375722394,8.258974466932823,58.48229110122215
13.014121490602848,77.72184758295569,3658.358299278336,0.18184202348827183,5.841861839158987,0.1341641700721664,22.529613467983488,20.281571291841555,12.59190610883244,47.700479968382695
12.883340397914639,77.77027427721828,3034.0089258485777,1.774506154987446,10.74370724761646,0.19659910741514225,20.0,46.08348264339871,5.0,49.29492140755154
13.043039752588484,77.59964749378032,4283.82156948382,0.1746544912871261,14.42422963691334,0.071617843051618,20.0,26.60449925169518,7.834822192151663,55.774075597567986
13.085025169938474,77.58363499465038,3860.4605966492986,0.2255693861139978,5.0988090220747395,0.11395394033507014,38.89877066825079,59.53352976674508,18.133339534587016,37.53582562146752
13.12332279418499,77.5955854302631,3482.7400569413285,0.3544503230838578,7.699026546938028,0.15172599430586717,20.0,10.0,7.875535716444044,46.3380862720246
12.835475542889602,77.58925421586025,3637.70615388348,0.0976311558200129,10.064161821475514,0.136229384611652,20.0,39.36140701893776,11.579506525879907,52.529965332839936
13.017611196406415,77.65721330468745,4222.989310328836,0.21792146346466146,7.885876635246472,0.07770106896711644,20.0,25.606113021551682,7.590999499438232,64.69094033577885
12.871607108375793,77.4932432704762,3576.2105143269464,0.25166790245712717,18.018616472528983,0.14237894856730535,20.0,20.714132197014795,9.894851320987566,40.05081103436906
13.165797488648105,77.56397957337654,3034.0326776918932,0.3604802953984191,7.938308459239704,0.19659673223081067,20.0,31.332158376215936,12.582357703243117,56.093040871672486
12.973273836743536,77.53039223237771,4357.704184002237,0.05438213626270108,8.96958129945741,0.0642295815997763,20.0,20.808819103020966,11.31935966226127,48.23649602498197
13.095911068052837,77.50594314189097,3473.131304590921,0.5463232232124127,6.865485148997344,0.15268686954090788,20.0,18.04831950092958,5.0,59.26899280512398
13.057824612507297,77.68965477730437,3716.64134045012,0.7039522714013868,11.349279367274251,0.12833586595498797,20.0,21.46851499957055,5.0,57.95470679277052
12.872550310579983,77.6684725227117,3764.362893645879,0.25914261443259606,5.8977681622657565,0.12356371063541209,20.0,10.0,5.0,41.49467864536807
13.116074708803152,77.68041285238316,3319.6194741104323,0.16275932540891103,18.834500317204824,0.16803805258895677,20.0,40.42419245928322,12.345458400113655,43.53516993798236
12.819013194606974,77.74334695673912,2869.075545233991,0.34433319191489214,9.323380857419233,0.21309244547660092,20.0,29.096838407462165,11.768509068321325,55.78881709368561
13.084666045749383,77.58699099852544,3866.782121353469,0.09145558019431002,12.456757215892722,0.11332178786465309,20.0,35.09371569459285,5.0,48.46314840151384
13.15819128874492,77.6438014576975,3070.3085097599296,0.29078406881918606,7.192805580404737,0.19296914902400705,20.0,33.30072459302231,5.0,49.5112887960325
12.802044991870186,77.72289413198035,2873.7759976311568,0.20435844799966846,15.988469671208497,0.21262240023688433,20.0,21.621861178515793,5.0,55.045517058640264
12.91624997161227,77.55316844281995,4308.6101264202625,0.6792895583993139,14.973253195231797,0.06913898735797377,20.0,38.713243367159606,19.041626655237067,45.11611776083389
12.827508023538076,77.72855838900665,3032.5817001470973,0.46568749631555784,9.382881088869793,0.19674182998529027,20.0,23.455290829022882,6.912073816892766,53.37012355414906
13.012780428137493,77.62931923737482,4461.367183929908,0.3492903338825432,9.60221563308226,0.053863281607009185,20.0,29.297725016151716,5.0,60.985597245527316
12.852611912797919,77.53681297848605,3677.218659359626,0.1841276009328813,5.584072895912012,0.13227813406403738,24.292361767915096,18.379165859912835,8.830665002210777,47.94770773298219
13.012519007942897,77.73834990720277,3505.3963390973104,0.23567368945432382,2.197307139624448,0.14946036609026894,53.826154863832244,77.35435973192476,19.129979797779523,27.60805290253414
12.851270681689535,77.74113649001248,3103.8964229178036,0.217467442809369,11.69171072658491,0.1896103577082196,20.0,10.0,5.0,51.485835736124535
13.112389370476267,77.72525679397178,3079.24898411877,1.6352167361377243,0.6886156150799961,0.19207510158812302,58.56082642011219,64.17820977904056,20.370734364407248,30.602201404000006
12.86652883403979,77.58157689360681,3941.2483191812007,0.2733395704928439,25.875581649255558,0.1058751680818799,20.0,24.56245337573179,5.0,41.65685286749607
12.904828923105299,77.52133308629921,4008.717126501351,0.40489734631899194,7.629658813045709,0.09912828734986494,20.0,24.411531264031645,6.94599752197781,53.792678700525485
13.159851532529526,77.53297498601418,3019.1849695525007,0.7477807361098947,7.761671749315814,0.19808150304474995,20.0,16.743323971169794,5.0,46.613188856391155
13.003003149528142,77.51219249240751,4118.118199082579,0.7347352645064359,6.80250793636448,0.08818818009174206,20.0,15.81997749680184,10.21491956667777,45.564155755474985
13.18695156556997,77.61298327354261,2838.6522366916665,0.342618332013069,4.919665715709135,0.21613477633083336,20.0,37.19996448519673,14.776219247645006,48.850547986759686
12.815892712786301,77.54538360674596,3366.996244450551,0.4696586558056504,7.828998303205188,0.1633003755549449,20.0,18.457850473131558,7.207530786721924,52.57807150392715
13.045507901985054,77.64327564835563,4115.0312593841,0.7605430799758347,6.523789819782629,0.08849687406159003,20.0,24.346484367596865,5.391472009963913,52.46161531956171
12.854567427779354,77.75162013552371,3041.6347143480966,0.7435149118213829,8.182244708334443,0.19583652856519035,20.0,26.343727633384034,6.818888597187483,49.240210522210845
13.022416223584942,77.5893428581517,4489.125639726557,0.11505753364385243,26.09662328326591,0.05108743602734426,20.0,19.71571565244423,5.0,47.844101398252135
12.901328352390214,77.66156701749571,4029.2947980944396,0.771013185906615,9.497150741259723,0.09707052019055604,20.0,10.0,5.0,47.116260872655616
13.13692929781568,77.49692355591624,3079.7275077460095,1.5961308772501341,16.821797249237065,0.19202724922539904,20.0,31.87267666029666,10.622622729539057,51.446318801082825
12.967825071889102,77.42309754023609,3284.5600043337136,0.1911382530242161,10.298610028861638,0.17154399956662866,20.0,39.685339387093265,9.809932848183454,43.813725085626864
12.948887589802036,77.48740807818136,3904.282806552077,0.09083533887513962,4.664492411842026,0.10957171934479229,33.57369236847369,22.6786286437447,5.0,33.340444895706256
13.082617598252169,77.79493342674469,2709.620359133653,0.2029528234210479,11.742283831935517,0.22903796408663468,20.0,12.029449951735895,17.142274690398274,55.31286002866681
13.060005441090436,77.60582777183234,4108.844296729609,1.0820435005297049,20.07274243172739,0.08911557032703908,20.0,40.56613714707257,13.242732912682868,58.7093081069502
13.193253930954823,77.55173529259454,2742.394005839801,0.892565922616481,3.579331071067536,0.2257605994160199,30.114740336624983,28.328884294903403,5.0,47.9251989055472
12.872917122396895,77.77399643350415,2952.528615925509,0.6536424754399806,8.991140619736715,0.20474713840744913,20.0,17.280238466465043,9.790016729062314,48.33911103034631
13.19679153252676,77.51737030063943,2619.3351183949717,1.6031907350562498,12.213986743438031,0.23806648816050283,20.0,20.32747453732355,5.0,52.72409171219849
12.915305724542987,77.53764033124493,4199.159859028198,0.06298044235609015,17.116071685776387,0.08008401409718019,20.0,13.633635486218218,7.841463188332841,49.463504978481055
12.98585856169858,77.62072216370086,4702.397241590941,0.8318963737172832,9.92380214067613,0.029760275840905858,20.0,27.064563206495688,6.82063204495716,45.579818128975596
13.075697486049055,77.4487394390584,3208.029301580764,0.1759753745314071,20.229868022333143,0.17919706984192363,20.0,18.482573542484637,6.093408504266938,42.53238117458035
12.881089995074138,77.55509154682818,4012.428287985651,0.8626135833847286,6.297428999340047,0.09875717120143489,20.0,20.802597857324958,5.0,47.68942018100072
12.99680384026393,77.48145130421804,3840.782120513665,1.0391130173264314,2.933498586045468,0.11592178794863348,40.610293662532676,49.53837038519734,16.808711204144362,38.0746861145078
12.91675830215089,77.48443399998715,3769.383919258121,1.8007042691271649,18.73654116158999,0.12306160807418792,20.0,32.52408877798197,11.71996570958162,51.19292093965302
13.070727220081766,77.58824747659513,4006.6943917027247,1.0151278263040757,15.50834874905534,0.09933056082972751,20.0,29.174849028804417,5.5397938646101395,55.59783058490546
12.899865108821237,77.63823067859661,4160.385164064492,0.2155753039758035,3.8814954516908746,0.08396148359355086,49.2401631072743,65.73219821901965,25.852928791117996,35.12590045695082
12.934576500428516,77.41450344015183,3161.372512180241,0.5741552010542113,14.294266318322537,0.18386274878197595,20.0,24.065479666366343,11.490642142973986,48.84273892506173
13.091867777649274,77.44365379916104,3069.997567659296,0.2765300206596811,10.249387311369151,0.19300024323407045,20.0,26.39971590552678,5.0,52.84121855569395
12.96058786589113,77.56292615298872,4664.664394654323,0.2956574013794671,18.24273736634477,0.03353356053456771,20.0,23.218300638642067,10.60322706054572,49.2551416761782
12.853575855389744,77.56107394095552,3773.064983544915,0.24175632681196602,3.365582063060711,0.12269350164550852,49.27835664577353,51.56166948604583,6.8493285908015995,41.2430826826373
13.044305262533642,77.71004454355167,3635.687065371718,0.12114931494047182,4.667924753226178,0.13643129346282823,30.532053519741496,25.252656886345967,5.0,45.97510077718096
12.967565022126593,77.61990391172141,4743.76397699704,0.06386655308910259,19.332914000545376,0.025623602300295995,20.0,30.270286659192188,9.082729616098314,35.670850328867054
13.08323436793424,77.72299959354598,3298.568610644268,0.294030014067602,6.4614207660228375,0.17014313893557317,20.0,29.20105082478144,6.467677035354786,53.53126686797426
12.96576423493692,77.57057246506474,4752.739289628036,0.8395835673230201,10.652681710479984,0.02472607103719634,20.0,18.14478438104261,9.71938058127692,52.23633279125534
12.882376953431889,77.60071973273357,4105.6732606241885,0.39047411761133616,15.580751203493168,0.08943267393758111,20.0,33.463355628647136,7.467300385741078,48.20690025318474
13.0913325430356,77.75560701727079,2993.531922202389,0.5709701695371351,9.094965318338993,0.2006468077797611,20.0,19.819908713665804,10.743852076025416,55.14879082154516
12.901623870897483,77.533262669762,4069.4664581597194,0.08659237171268465,9.065518815423324,0.09305335418402806,20.0,17.419941489778637,5.0,51.18681502735652
12.811105871321738,77.79751997685436,2412.8223418796892,2.098726398354574,2.492069406537043,0.2587177658120311,25.739920796573145,47.99566273283164,16.528823878814382,56.98343155904588
13.07654544154276,77.46537002477255,3335.2498025862487,0.40099713993962455,3.095242946603281,0.16647501974137513,37.91241867220914,49.45761804251183,18.577885574012925,41.112068983082715
13.164507515579514,77.67964703949006,2891.7706838893296,0.49680316367619826,7.572104127807534,0.21082293161106702,20.0,36.549657286283136,15.472839431996043,48.67181035343862
13.016413296798229,77.75501649133341,3334.416550825289,0.2426377629584187,0.7338973164355493,0.1665583449174711,85.54174589240843,106.6889760182963,25.640885834689392,22.89115475734213
12.878335146861676,77.58025804648821,4056.388614871172,2.496151155467908,8.02907811692396,0.09436113851288278,20.0,34.051132244250866,12.176713447652215,45.51694138280859
12.989312164984819,77.58987274112293,4816.678488730799,0.0647844279115717,11.673530203877089,0.018332151126920146,20.0,15.581156497146566,5.0,51.21129078310143
12.984055729971995,77.65791771723566,4354.68778679847,0.668569259937313,5.029646464177802,0.06453122132015296,20.0,10.0,5.0,50.779215077805205
12.912199109799753,77.62669134516184,4324.846669942406,0.10190556800511419,11.57937469117096,0.06751533300575942,20.0,23.2606763474309,5.0,51.40678268769185
13.043345058838204,77.59964025610303,4280.781142538558,0.256949314897692,20.963248897500247,0.0719218857461442,20.0,27.217907224366744,5.891264414544141,51.222543945275795
12.98240621539792,77.71778581545206,3763.411166967152,0.18283493664448894,10.347140290319594,0.12365888330328483,20.0,25.38975652363284,9.70533398217609,50.46682596465797
12.872685966917553,77.5952001890355,4010.8414602545317,0.17447040732363908,10.222156342816408,0.09891585397454682,20.0,25.875297603029303,12.45434084603045,51.047481238641396
13.129147610905548,77.60647676944625,3420.0535656382176,0.9119783670568853,2.7709161822046053,0.15799464343617825,33.56979684163249,39.13558581347473,10.225466639307044,40.48733267712612
13.092325826175722,77.56231987087725,3750.33077008385,0.1791341898418456,2.7777174717297406,0.12496692299161499,45.6326352617062,50.72823941650734,15.656597600802021,39.54416582442238
12.992483509769542,77.61720263432778,4692.26633936958,1.250761961130098,8.65656695375697,0.030773366063042016,20.0,18.82828723043867,6.385782371119333,50.199953237320535
12.928594051729453,77.69512508931957,3906.619683305139,0.46619163877484243,8.159099439003189,0.10933803166948607,20.0,38.137430047628435,19.662447728776456,47.16157635962172
12.877408087783401,77.60065851901678,4056.1344386144697,0.42317336658555194,7.351245644865303,0.09438655613855303,20.0,14.539354878744312,8.885555479917414,51.051422819476144
13.178181471072332,77.70658292774803,2650.1897885695303,0.4305219585289646,17.77427054762884,0.23498102114304698,20.0,35.77570414149464,15.296345308047435,54.75666303055272
12.841004190947208,77.61559363845568,3677.275607023098,0.07169013172252224,1.6805908107454974,0.13227243929769017,73.85653621668718,95.81647765543161,22.06761682938889,29.36874090661703
13.080200338250004,77.57702164489032,3899.862188797376,1.5117270774760012,18.702051516147343,0.11001378112026242,20.0,22.746330140024913,6.748331091577735,57.89307695239315
12.872866663437472,77.71674842771117,3429.37878082971,0.14372952251544632,12.788065592982575,0.157062121917029,20.0,27.227016673129793,15.862166065719101,45.92120095137682
12.844906780234844,77.56657769443024,3702.447629422709,0.2036619511910306,25.025480915397726,0.1297552370577291,20.0,12.86155622598983,5.0,49.359357927901094
13.128056379025457,77.68397477967657,3198.1551182192816,0.11539902955138538,5.842803195895657,0.18018448817807187,20.0,30.52228081609669,9.501820362282933,47.609567349013034
12.93681703918745,77.56272790472195,4528.228358175234,0.5115021252511882,16.975853952325576,0.04717716418247663,20.0,23.650393038466195,13.543086009663654,46.03872953612622
12.900555548822084,77.58047862136888,4275.65703029471,0.1715069936254418,9.719090925283393,0.072434296970529,20.0,29.716087108071157,15.05741416449591,43.801965943097386
13.034041524642834,77.48418165584145,3731.4908464486043,1.325297165696074,3.1619321767575057,0.12685091535513957,30.704346001855093,27.229988328933963,5.0,31.570482199053203
12.860188164335439,77.43964567324475,3091.507387849808,0.663470770157031,7.685248783784086,0.1908492612150192,20.0,30.079155485728652,8.114980778089649,42.474360610784714
12.950041045728794,77.71669078617857,3760.2037030636675,0.5922235430367017,11.034576554944515,0.12397962969363327,20.0,28.664696909363062,12.240599609338245,49.289244131990905
13.105560174048016,77.61674777608062,3642.213116270024,1.229381720822646,10.311385520462792,0.1357786883729976,20.0,19.478569824094173,13.656233014967302,48.23977322314158
12.835045650885025,77.48805791670851,3267.998101204716,0.2344161956303033,19.616463538851278,0.1732001898795284,20.0,10.0,5.86716895843991,54.379869189562896
13.08992963237782,77.76091649904609,2958.8464106388824,0.3619275542617622,1.6860421402025632,0.20411535893611177,53.105934680590224,71.94414284185646,20.06633651187067,27.2059232107528
13.196527104408917,77.52776836199494,2653.54160198357,1.0263568984832363,10.09456498437466,0.234645839801643,20.0,12.226789587302285,5.0,54.18916838762222
13.170678683420268,77.54561950949355,2949.8436488257803,0.14928940755853767,4.4420240482020725,0.20501563511742196,42.32277650414428,57.59895245093477,17.420681113881606,42.56608843581198
13.061526686174638,77.75368398171378,3172.583185908008,0.6167695253157048,11.066849265949134,0.1827416814091992,20.0,15.508782967994232,5.0,56.58777435282937
12.942568137624862,77.57890300636127,4669.962935071952,0.47794859475912127,11.417762037548606,0.03300370649280475,20.0,21.30059772378969,10.41123447548513,49.09518238044548
13.078749485372846,77.72992995587062,3273.871118032933,0.4670489040833562,5.655244164837296,0.17261288819670673,20.0,23.411735908319496,8.42235931113693,45.20339617390515
12.955886067656609,77.43485696487019,3394.8593537581974,0.7367139891743173,6.578025956416874,0.16051406462418027,20.0,20.636899545493556,5.323636910078303,57.23567399222422
13.072618831359083,77.73830529029432,3243.411979212832,0.19560060420486064,12.635156778255196,0.1756588020787168,20.0,33.27819456116059,9.993023048453145,49.69530244107001
12.830848454010123,77.46382111694778,3078.6953924240543,0.4192377230142056,4.2516185256593335,0.1921304607575946,37.66868877719794,43.841068043967795,23.0530921708473,44.040185815976216
12.892707089030857,77.63336902614786,4120.959114168248,0.3862962018773513,7.1146680787362415,0.08790408858317525,21.834346792757373,36.697344101010614,5.0,50.83662839417201
12.814662570517848,77.77014735884023,2645.2976415638573,0.5275607905303596,1.3269570768152577,0.23547023584361426,58.365877437508786,73.47275642296529,25.819351459217536,24.994327390695027
12.898379557978682,77.65392041600684,4057.654793346838,0.2705858023585769,20.566924789428203,0.09423452066531622,20.0,21.89212475421429,10.41532199873778,44.310701824496874
12.884059315534472,77.56704973937671,4082.264292015168,0.5521126156324576,7.125370444188086,0.0917735707984832,20.0,13.325830141113112,8.24465692922199,48.13520744893437
12.877252938619279,77.67445920835404,3763.923095025589,0.40596894936649,12.635480014608238,0.12360769049744108,20.0,33.34748129541347,11.127405967904416,53.632574593673915
13.025159806169057,77.40940318737772,3072.1381729408395,1.0492124643854097,5.923429388980412,0.19278618270591602,20.0,10.0,5.0,59.64663993161149
12.821359723896983,77.51141344732731,3282.6723344371176,0.37574025399743116,12.79621603279213,0.17173276655628825,20.0,17.810224315929048,5.0,52.44077132269412
12.894192776584733,77.67657866240803,3872.5081229972648,0.1880017070436257,14.158936451527762,0.11274918770027349,20.0,28.24604508445996,5.0,57.66960722245342
13.004053480188693,77.74035894646407,3506.7184173547967,0.09452728225723121,11.714773801993255,0.14932815826452034,20.0,25.84488883601979,6.701247228607217,49.99783185790695
12.940240402749124,77.48048992298345,3816.592461725054,0.2926932106417995,10.719351716664573,0.11834075382749464,20.0,14.466765432634542,5.0,57.48747857956726
13.011055277272686,77.58480339324915,4593.466802278666,0.7073086768764053,9.45169557322411,0.04065331977213337,20.0,15.778998111519845,5.0,55.842825210044126
12.978936664702621,77.7006183255791,3937.2812221685936,1.1285133958856821,15.553743828629333,0.10627187778314068,20.0,24.796809798454138,6.721694288014252,52.59818734134295
12.950429476772545,77.78431542901625,3091.070062560111,0.2615455711677797,5.141632259065298,0.19089299374398888,25.605664831295222,27.729583851444147,15.242426826835391,41.110931972223824
12.904357597038175,77.46719932279022,3559.4281236401093,0.21266627371314237,19.538130432625277,0.14405718763598907,20.0,21.487191386752556,5.0,50.44593848619272
13.001978132410091,77.71557133325034,3752.727199162532,0.09360466961551915,26.284510204757783,0.12472728008374681,20.0,22.617385060494673,5.0,49.09640292197065
13.170364408415724,77.6818821949364,2829.1598030769446,1.199597148105306,2.193864243652149,0.21708401969230554,41.120605281731564,53.36637190380583,16.911335436092926,38.27492229189154
12.963038014520615,77.51155302731738,4165.128317218888,0.06981202223625213,13.892902873271975,0.08348716827811122,20.0,25.371387863775865,15.167359894639958,49.875696488614196
13.061509761638932,77.61146559891682,4085.220591355889,1.4777883981484063,26.276316252183342,0.0914779408644111,20.0,10.0,5.0,44.53831851024495
13.065368068450988,77.5950595456161,4062.308054678808,0.5663824533982516,5.45012455048668,0.09376919453211921,20.0,31.791897214109056,5.606915983319681,48.06743477393043
13.070426297655724,77.55851230723088,3947.908812044526,0.10751672962187606,6.892539523003462,0.10520911879554745,20.0,18.29515314358923,5.0,47.74802779592275
12.899742503969426,77.59548256667756,4281.370842525551,0.4288609112400897,13.328512559643466,0.0718629157474449,20.0,26.93525872611655,7.270783661284852,47.35088492237097
13.034059438811585,77.78366440988349,3008.8562939544336,0.7723462752105811,18.798162875425177,0.1991143706045566,20.0,30.385795591670874,6.6873114590657545,61.04733394901477
12.92652539159669,77.62378055871491,4463.043267140979,0.6853478520438303,11.365826700601199,0.05369567328590207,20.0,22.58340802297793,7.963204421947102,50.40827612386387
12.8857394531703,77.42277151707442,3079.1392282000174,0.3007842442520485,1.7931044618245742,0.19208607717999826,52.757155676501235,75.76680236143652,27.333813534717148,30.77193256468885
12.928562363609348,77.64134432355871,4364.604852784065,0.5539886644440446,14.90954606881886,0.06353951472159354,20.0,19.399356105344438,9.494801825435587,47.79074455249512
12.987392532116246,77.53733296510367,4405.953086325685,0.2941022534429729,15.730148672998554,0.05940469136743153,20.0,24.69169793035983,8.452105746496722,46.79950174141547
12.991628376238305,77.55401308565607,4547.40377037531,0.08546344279343202,4.277249255802856,0.045259622962469014,45.63421914672269,47.71811728122518,17.100947419048257,36.39173974408422
12.896018683969555,77.70136229599628,3691.9203701880137,0.3391954741342341,12.394218257712428,0.13080796298119862,20.0,10.0,5.830604734749539,48.76920087840739
12.954628619505353,77.79648065875635,2974.0723572695733,1.0544682631378242,5.808087562072569,0.20259276427304268,20.0,17.281354923804006,5.0,47.55836161599862
12.894588361331534,77.61282096682584,4208.621700924858,0.4548910570498209,6.2657621881422765,0.0791378299075142,20.0,10.0,5.0,50.671937209397406
12.937001574669793,77.60387475080272,4641.8000505608015,0.29540829085567183,16.12777804685579,0.035819994943919846,20.0,35.84284597032563,12.93618304191018,39.20179117160781
12.822992971791786,77.4222201597968,2724.0637499841982,0.17726421801777636,13.910154129898135,0.22759362500158017,20.0,27.000735046672947,5.515579209691041,46.30927965580462
13.005241742163607,77.45558914432995,3569.762788558403,0.5353123271112102,11.661874785922272,0.1430237211441597,20.0,16.528837389673797,5.0,51.70915160923053
13.105798617753802,77.71404651242803,3203.4271977387125,0.7824245291343013,5.738340365441962,0.17965728022612873,20.0,17.597302946635153,6.812494084585492,52.71759274682011
13.07493677326955,77.46396759186995,3334.3675446359853,0.7488280269854241,7.744135422199113,0.16656324553640148,20.0,26.22043548146072,5.0,48.25264381041312
12.813322108305325,77.58862318658288,3416.0930173165316,0.7785477955675684,8.745772748596183,0.1583906982683468,20.0,35.33185414072508,6.462012879595907,52.019086969239375
13.005924403876845,77.64196093453562,4415.087799615374,0.34423083553333134,13.594308524675718,0.0584912200384626,20.0,23.457062824780955,7.894484799672429,47.87999754865896
13.113040461163589,77.5454235438425,3502.544561785601,0.7375159303219764,12.25371821552905,0.1497455438214399,20.0,22.062236797843017,5.0,56.94044118320151
12.899204394329841,77.48648506301772,3698.848075010815,0.11765887391213731,5.75765895138137,0.13011519249891848,23.92009126148804,30.105909823801575,13.520380789437596,52.68651230529401
12.905991366672236,77.47876811369922,3668.7780556520875,0.5550665814140635,18.021460190340164,0.13312219443479129,20.0,24.838023596113405,9.65471986289426,57.50330424730016
12.900185229583574,77.67900647563589,3894.354371287862,0.9509831007035092,12.285128762878285,0.11056456287121379,20.0,14.147901213792386,6.52300843661795,50.84451446214557
12.992130442691268,77.65300636998123,4380.903631775838,0.033800457157258185,26.202383245030237,0.061909636822416174,20.0,18.77640074145885,7.514755408433199,51.932912945854646
13.114194180968978,77.45569067534765,3009.2990952535256,0.6569628635360906,2.627198073796456,0.19907009047464744,40.679510666197004,40.3046366226782,14.665175475622586,41.26642204637361
13.019377293317103,77.43013375340885,3287.3466192925007,0.6209024474846122,14.706190811581887,0.17126533807074992,20.0,23.912104778772225,5.855136104266274,50.52143161116099
12.889895556932043,77.7881766496442,2898.868511860372,0.15538977183939945,1.412378162062533,0.21011314881396279,69.9627770840955,61.00845368456981,19.998909662893457,31.612143206527094
13.063179259131399,77.61899517048502,4052.271924756415,0.4119981579559749,3.349457360840501,0.09477280752435849,65.01411947074476,74.97623841979564,25.634875506176044,28.683927859382564
13.089036049235483,77.50484366273442,3521.912528320059,0.4391002503137547,20.23528946639074,0.14780874716799408,20.0,48.22555574595944,21.28146453526911,50.94557924855517
13.160251546677982,77.68340477140919,2914.917423960565,0.8199054897634139,20.06087377811626,0.2085082576039435,20.0,32.25009474765939,14.478459577756045,40.056833852088964
12.867324851702527,77.63305174664774,3888.611527290216,0.48607844256286753,9.807978407688491,0.11113884727097836,20.0,28.902574444285193,8.629610510438003,50.28526918412682
12.959367380736534,77.40001826912506,3050.3413897727105,0.12842638711421012,8.533982507765487,0.19496586102272898,20.0,23.01582696291832,6.153547144787724,48.728049846789
12.826785898569529,77.74094282635139,2941.1812416429943,0.4608151237024739,19.499594608841047,0.20588187583570056,20.0,12.026023136996997,7.173173102531775,53.452662310755926
12.876622049095216,77.51586102188294,3766.280508665349,1.3280670232694807,6.8487893223352705,0.1233719491334651,20.0,10.0,5.0,53.14189190195608
13.152465557606472,77.50303606269973,2972.7776505221027,0.6174391633184443,17.86997157568689,0.2027222349477897,20.0,28.784096833437765,6.277016156855536,51.10054911896832
13.15704772695596,77.64383134526432,3081.287285973567,0.342812001730756,14.845689542897416,0.19187127140264332,20.0,35.55547262868216,18.979135102739512,55.67156191956147
12.832340328263927,77.64410074275052,3522.0426357674373,0.2077962702412526,8.335520142599368,0.14779573642325627,20.0,10.0,5.0,51.20231372400852
13.103639480840108,77.58266494265207,3674.22211157285,0.34437718173141196,7.429676078601742,0.13257778884271504,20.0,35.930951558165845,14.50236337921507,45.89962730829047
12.893311163172068,77.49267620932517,3714.7918037377194,0.34613759269775174,23.492101669883667,0.12852081962622805,20.0,25.86047712151212,17.3404147415354,54.569133280727755
13.187846927501331,77.63789144769477,2794.6228645133087,0.5106355933315888,8.072148773009957,0.2205377135486691,20.0,15.759688840745977,5.101784545141185,40.54964629767336
12.925470443193232,77.44724922185694,3455.9731922484198,0.17774449640080608,18.29667674243176,0.15440268077515804,20.0,24.716312767761696,8.649328337989841,47.5035470459722
13.089629010310274,77.68316784511771,3524.3608007505004,0.39523861973115976,7.70664442390264,0.14756391992494997,20.0,30.875918566492015,11.143873055558865,44.736306426643765
12.932985421383373,77.44286445864434,3434.2809896972003,0.27803050945557467,7.227609588807342,0.15657190103028,20.0,10.608929175765825,8.231946223124961,56.5519115080972
13.127228726359318,77.75000966455993,2800.6259002422516,1.7834073990118304,12.024405911363132,0.21993740997577485,20.0,19.793806575439785,5.0,50.34083550193293
13.078634922736855,77.65809850722727,3755.4705666246573,0.6032825667091688,3.5309118714799443,0.12445294333753429,41.26850474781743,55.28900916982358,16.997724432515597,29.655686393427665
13.003873463133733,77.61360972284568,4625.440794357692,0.5935161227864186,12.092103868837192,0.03745592056423082,20.0,30.778400977178844,17.213966754124858,47.27735941532652
12.821777709771572,77.40827699738126,2609.1219195836725,0.13329796798393384,10.173560612134064,0.23908780804163274,20.0,27.10830724013897,5.0,47.21471768554359
12.867355388491788,77.44639366066235,3188.038133724549,1.798018425450455,5.70815102125415,0.18119618662754514,20.0,32.24659562849253,9.169674073152633,47.80140820311188
13.008940191779168,77.61986761548988,4549.1405635179135,0.48344608312384224,13.543274191852777,0.04508594364820863,20.0,10.0,5.0,38.20194199167095
12.867870438636754,77.59628603507916,3962.56737014398,0.18958662638389245,7.107477900947413,0.10374326298560199,20.0,29.890230796419218,10.954089403359992,52.902109700481205
12.9784608693504,77.43742005410165,3426.703876542905,0.37237769990805103,15.753757666388081,0.15732961234570947,20.0,16.453450331110062,6.475298971451348,54.045306104824725
13.145017192496796,77.48687065493186,2958.453173638173,0.23463695162089093,21.54796758052789,0.20415468263618267,20.0,30.363793285423057,15.06008359769409,51.46067848598302
12.8463839020361,77.49259778476717,3384.9605855673526,1.3847642451158435,10.429811586238836,0.16150394144326477,20.0,25.495882855706856,5.0,39.771885545271985
12.924038099786138,77.43525054776377,3337.0393185664534,0.6299320879119829,5.77611834075332,0.16629606814335465,20.0,39.41468395778205,19.78987327816087,38.4501569978078
12.927530138703501,77.61807807019527,4500.663194348084,0.036404395216506555,22.59030894930356,0.04993368056519157,20.0,36.03874741793595,13.470117895330088,50.09036736711832
12.937626766995624,77.43310874693854,3349.739251629341,0.840540716097185,8.78991694424407,0.1650260748370659,20.0,34.08752071684044,5.448662372955943,48.81739742297132
13.156050548958463,77.532694963745,3054.3834261393918,0.4574394985195897,11.407052241671254,0.19456165738606082,20.0,26.12326140667899,12.646172584140682,44.658359144397146
13.127413443442176,77.75493339133163,2764.275832460302,1.0747532413138894,8.723626283060666,0.2235724167539698,20.0,33.17559810453022,5.0,55.48156956125332
12.89020086515389,77.53334949790315,3981.302637639028,0.6953426813162568,12.704014762895497,0.10186973623609719,20.0,10.289048137639126,5.0,53.52717873370429
12.833896033661064,77.78087617327373,2683.5113841208317,0.22024988009163016,13.633987450688242,0.2316488615879168,20.0,33.072736847917085,12.445727858950479,46.62060817823844
12.997130423692031,77.5175933768728,4188.7156762669565,0.2825780903931569,7.112897731562588,0.08112843237330439,20.0,33.84840664997734,5.0,51.343893209917454
12.907019033615354,77.58138426796623,4340.806796730786,0.15503351607862464,13.131046281116504,0.06591932032692138,20.0,34.071144289816345,5.0,50.28987348307832
12.947014563496225,77.65843051890441,4315.984003718666,0.29309555883604804,8.722107637200946,0.06840159962813344,20.0,23.972916731516502,5.0,51.93105777331252
12.96340295828533,77.57112430270988,4751.343639508344,0.4374396568745243,15.655999184940784,0.024865636049165606,20.0,27.683269986546446,5.0,52.25057920457599
12.945826243298493,77.52574651242585,4264.80687668943,0.9744751803955222,10.764930146472839,0.07351931233105694,20.0,24.162620346891142,11.434477792657939,58.04607072317
13.09984871108341,77.56555708224589,3685.039051293611,0.2410299432874836,10.285270992367435,0.1314960948706389,20.0,18.57884213317118,23.630402954029698,55.992868354331264
13.111601345631088,77.54165536538866,3503.219751845875,0.26644183941427474,9.591472206524195,0.1496780248154125,20.0,23.21500594503061,13.31740480978582,55.79421078499362
13.126313853146623,77.53419036816294,3339.105663379997,1.9960867388811043,16.22468851884376,0.1660894336620003,20.0,20.384880275495306,9.779673117636758,52.975044010541396
12.881494379704897,77.53744058702584,3932.9376166167335,0.9092732771318539,5.571443569033332,0.10670623833832665,20.0,26.08031996881774,5.0,50.468294386074795
12.825517372082388,77.52849962400907,3396.5850853426073,0.29760082066021337,22.229774902024097,0.16034149146573926,20.0,22.133867782713953,5.0,54.60845649071385
12.938430081257538,77.68578204996797,4029.721187197061,0.12068366519640131,2.2114988903597106,0.09702788128029385,48.915206184745216,47.30476768000934,11.06438313033956,38.117269368779525
12.989271210108187,77.72163783382817,3717.390047970892,0.14467066401642445,12.748088954342057,0.12826099520291082,20.0,33.82115312165061,15.025419204507834,62.51818321144167
13.13949045109772,77.67779750877341,3126.2596488334593,1.0330501355928245,2.7541185054484636,0.1873740351166541,51.80581667207021,72.16477580165947,20.589211178662886,31.397382090368186
12.975689676145171,77.55468439171307,4598.754285270457,0.6182721842159232,4.155916933095849,0.04012457147295424,33.15861742012032,33.71974605579693,12.994669908322575,42.4602651107246
13.039382036227233,77.73408156437702,3449.209516531295,0.7528380273308013,14.266622431114811,0.15507904834687053,20.0,26.548192183469983,16.54483738703358,49.50439740421688
13.044124205294644,77.71165933918778,3622.950645594055,1.2817341015167099,2.28175366750493,0.1377049354405945,36.20634671763694,60.383683131530056,20.864906564899165,41.03532306065135
13.155355004266887,77.46827634359344,2770.1218024061263,0.23128712539113444,12.814195545025704,0.22298781975938736,20.0,36.901600237659935,17.708969385956316,49.02104149429972
13.117294339818828,77.79633321530584,2511.564129561001,0.29925034029328795,5.550680790320704,0.2488435870438999,31.508286274297916,54.8310228701739,15.693319932566563,40.31436983597675
13.190971432459127,77.5392601113539,2737.5604172811086,0.6277779096197803,7.210120389374185,0.22624395827188915,20.0,33.41748855364371,12.6665503694153,54.5185918052496
13.172401696134958,77.54875248573664,2940.307893523774,0.33595187972386226,3.799877592026401,0.20596921064762258,40.916342589579514,47.37283773720212,17.632873356813967,34.54819906149184
12.848831349002895,77.77174392482813,2844.724802463425,0.9618942012044451,6.350672544244969,0.2155275197536575,20.0,25.870201076939374,10.69418473616592,52.22739587343763
12.9641272503641,77.53090350066262,4358.666544225394,0.6687479766409562,11.842126227855559,0.06413334557746062,20.0,24.758147676573245,6.212999488841688,45.11713760592838
13.027157395700755,77.74710377942758,3376.915684360638,0.15585861086643618,1.7266529161218447,0.16230843156393623,70.31061809216018,68.43361644375216,16.90006441689564,21.725119944695344
12.848299621982765,77.53641592625986,3636.6082860677616,0.8257641134038727,9.85440672825225,0.13633917139322382,20.0,33.97944363439297,11.107398864287976,47.77060331886586
12.916409280958955,77.62496942276289,4370.054184296888,0.40685525810651163,11.690829632345006,0.06299458157031122,20.0,23.16089101215997,6.797203669726574,49.83207297616405
13.166266072068677,77.42839200097558,2440.312937987353,0.3399319654293243,10.842570451685324,0.2559687062012647,20.0,25.697877718996942,5.0,36.15621675513794
13.064650786511615,77.59692237718247,4069.2023685995027,0.2891948341471228,17.356005051883443,0.0930797631400497,20.0,14.577388061060391,13.735459722361737,57.58372398766909
13.070286894738915,77.60805658536789,4003.998851257039,0.7537429068849457,4.910790518481876,0.0996001148742961,20.964410686609455,28.09295416287698,5.334648095893291,51.13074932801082
13.016172487383812,77.75145543379475,3369.345722033084,0.6846273528820683,13.723955061000199,0.16306542779669164,20.0,10.0,5.0,45.2957323520891
13.055172911681117,77.4332587628591,3182.985240318156,1.0500647433177557,8.438415364565351,0.18170147596818442,20.0,21.915073689797204,5.0,54.46502184099856
12.958275178873263,77.65294378040605,4401.539677996218,0.04212692694202575,20.14147964550476,0.05984603220037813,20.0,21.615612637683085,9.872395824096456,46.09841369613767
13.040086973170444,77.66451824288748,4021.2750037665314,0.6710736870981601,3.006670279435051,0.09787249962334685,45.006002282600676,60.513311700182165,23.073628056085767,32.51878682247886
13.000791139769154,77.6520785578066,4355.33673529901,0.8453037631883588,10.435288422692945,0.06446632647009906,20.0,19.246574574611195,5.0,38.621515845360726
13.020361511477791,77.40363295070324,3029.0586279975355,0.5043713339764042,6.805148751716267,0.19709413720024646,20.0,14.603844187209736,5.0,49.12387516684727
12.918732094469322,77.59441624425376,4471.317751255533,0.6425295184930152,6.638028357521897,0.052868224874446666,20.0,21.238162132388403,5.0,54.748296793062195
13.039527087063473,77.63977594143313,4184.220934241504,0.16250783257521198,8.558887817091126,0.08157790657584953,20.0,10.42367555051093,5.0,55.768842695442835
12.981897718561143,77.73546334154467,3587.6075616636963,1.2819326094889807,8.780292940292076,0.14123924383363035,20.0,39.85363372178713,15.854769505062588,47.68951165505649
12.955770596190211,77.63170004192503,4596.641209862447,0.17866626568822772,15.318216134234865,0.040335879013755314,20.0,10.0,5.0,46.3784621810806
13.093150194268617,77.63620594273368,3715.2625094013647,0.5581743116543615,11.546315683126858,0.12847374905986356,20.0,46.594321350986164,21.480436553969064,49.15254014596398
13.164320554980687,77.50872727901823,2890.1342099347503,0.5337597113173418,8.916958851497348,0.21098657900652495,20.0,17.954199123458544,9.705470205231471,45.716936782249945
13.104385492047497,77.79106357488111,2628.7150497386383,0.33021470823141,9.372947715320263,0.23712849502613617,20.0,19.221935257997867,5.0,56.13140206708853
13.129588669199538,77.53770652796209,3320.7952252339837,0.7716750138621178,12.385614703932399,0.16792047747660163,20.0,23.558154028233133,5.0,53.67231732662543
13.151462560955784,77.42218767894579,2508.483407944613,1.5988799567452607,0.5696109907594024,0.2491516592055387,41.27827267720513,62.00889444832889,24.375619572544622,38.12543117788099
12.821078515882371,77.74293843757131,2886.684849766332,0.5632847256719573,7.1426768919570245,0.21133151502336683,20.0,25.280858882099647,6.067680293004234,39.41979441833952
13.034963423326646,77.41742055882405,3118.312518214192,0.22886644506113357,9.066652049734811,0.1881687481785808,20.0,27.177267012095967,8.988269994213592,53.96030051039671
12.876658820487666,77.72453965424415,3390.7100537105307,0.24224460387535712,7.043495310244866,0.16092899462894691,20.0,19.76058700439217,9.597715510640771,44.26954019773452
12.901736991038382,77.6842194286822,3863.668973472307,0.1607474056559313,10.56971960680065,0.11363310265276934,20.0,20.480452707442733,13.040070709156774,47.74039858450747
13.13908464036707,77.63144042255868,3285.1145375510077,0.3326854397296563,7.200224129731813,0.17148854624489923,20.0,31.851548579497322,9.345245734027644,49.91376855844502
13.113492821155383,77.5434115969518,3491.562884901782,0.11395415134698317,3.2082665356939937,0.15084371150982182,57.48432722775601,66.13860212760252,18.36293128392674,31.132133398392675
13.010631349093819,77.54975343423861,4405.469876904951,0.1859516960613927,11.124561750149859,0.05945301230950491,20.0,18.87895101651435,5.0,49.2516231299337
13.00064423763774,77.48543610477628,3870.3839696440227,0.37808565695432844,14.080991748641134,0.11296160303559775,20.0,31.818433132435715,5.0,52.6347310951716
13.016202881424134,77.51474664946008,4085.342981014921,0.4998935575496523,13.055851335260684,0.09146570189850789,20.0,16.017377917608727,5.0,44.87858691952049
12.920901811207118,77.7844067961479,3035.3899569937194,0.9867012422848147,2.7081657163631183,0.19646100430062804,43.18632948940969,48.01662113112539,14.042960602748131,43.43872662931406
13.075217348972096,77.60230879534623,3960.962920118097,0.4957655413470405,10.465410007197313,0.10390370798819029,20.0,10.0,5.0,57.38108259014867
13.071143707748185,77.58354342288048,3998.4413322298205,0.08340032608836687,10.374529584370674,0.10015586677701795,20.0,15.26217112891676,5.0,43.165304207089456
12.972458192164869,77.63021179235164,4643.77868560563,0.37080198710105233,8.294054781161952,0.03562213143943697,20.0,10.878358701446041,12.665821861174715,51.11267920569745
13.047694997844463,77.48357271130905,3653.9870902917773,0.15337703904071523,3.5665541721357097,0.1346012909708223,34.49448014655864,43.405032058985526,25.699877824088006,39.14060342700729
12.844771491262193,77.57363946767393,3714.511200202494,0.4785646346247438,6.7417989379230105,0.12854887997975062,21.69729642305056,32.914447345627735,6.916097211109562,47.486336928543174
13.09547833694302,77.47986953975155,3311.5415056155566,0.17093280966795799,16.56765836350272,0.16884584943844433,20.0,10.0,8.108254175288387,41.118505192171106
12.828529213016202,77.4839418413463,3191.28559012783,1.3395912795290725,10.789172833486976,0.18087144098721702,20.0,10.0,5.0,49.30060659697144
13.044899230589072,77.51612843803377,3926.195397552747,0.19022920272230515,5.757019672099011,0.10738046024472528,37.323310109454575,52.06204348128742,20.417605354753302,39.904852712642814
13.036906020090196,77.66719841969599,4023.5059241154313,0.44876091480451125,12.484094834357375,0.09764940758845685,20.0,23.230742442208456,21.6372512635189,47.97233654118771
12.984886719412511,77.67657574304125,4169.5447417282085,0.43698646900023697,5.472302180352177,0.08304552582717913,20.0,21.299540554439623,5.0,53.71077587139086
13.134896531494823,77.73356722202375,2855.760134797459,1.7388384117023157,4.999113982820886,0.2144239865202541,20.0,37.74311620654239,12.286855250584207,52.64144166237334
12.926953619600527,77.58282655634355,4538.273537870508,0.1102268926502475,7.4254149002120275,0.0461726462129492,20.0,37.915440833480844,10.933907655222162,56.6667196374339
12.920934632736346,77.63452204646784,4354.961300839935,0.638568796900804,5.505209654325287,0.06450386991600655,29.96031505218123,27.43431808079078,6.960790610532856,45.51477490911064
12.955484036774456,77.49606900765599,4001.5972394377886,0.9314670244335495,14.942384667302761,0.09984027605622112,20.0,37.67396813809865,7.755444212295389,55.89264268004354
12.83464262240049,77.65096732005271,3518.966642885453,0.4244150180371401,10.222845200102622,0.1481033357114547,20.0,16.040022833806457,5.572215903968309,53.472750520018224
12.86707786393645,77.51426870250994,3681.7437925909735,0.0772440409376753,20.033887656100593,0.13182562074090262,20.0,31.20261523552609,13.263272174097125,47.277294095224754
13.06372215410566,77.46905659404517,3442.8346890645826,0.6274316206222875,16.702468727784236,0.15571653109354175,20.0,22.815499435345505,13.779194000902034,59.098362856527714
13.065475798630358,77.6630962290962,3837.915710075807,0.5414354945965663,0.8099880105652817,0.11620842899241929,64.68824914817672,86.77540556320456,24.91324791305453,30.93857233659177
13.125012999300598,77.7959695658244,2468.4935237153804,0.681564408038328,1.9931717165678164,0.25315064762846196,50.126123219070394,54.08552767169383,6.78256235291955,29.88287003487822
13.077816821027689,77.71667619038908,3381.8340836261887,1.2590327011792335,13.939799703162578,0.16181659163738116,20.0,32.6540327000224,5.0,47.45035377317129
12.901990620480703,77.54593511273772,4150.662789622891,1.2787017021578113,19.76416830031813,0.0849337210377109,20.0,11.770672453541057,5.0,42.130482879008646
12.85654251294596,77.73673417784572,3171.329722474031,0.3820375766780597,20.28344765491571,0.18286702775259694,20.0,15.062547178823468,5.0,57.54997162215965
13.011047918615708,77.68237531163138,4037.6776207997373,0.9263604406575127,8.860313530393146,0.09623223792002625,20.0,27.9325373066447,5.10434022061566,50.874311712474416
13.13468141926571,77.61759205208159,3353.057870821171,0.6006049630396963,9.01962853731833,0.1646942129178829,20.0,21.04627524462172,5.0,55.27225113576246
13.12443980266754,77.44113445903773,2834.0896246082675,0.5520109792914526,20.16668482473093,0.21659103753917325,20.0,32.13689967040728,17.67280509877374,48.872566646989405
12.88016383403403,77.6119153861102,4069.387564949748,1.1506093429759008,7.4004264219114875,0.09306124350502519,20.0,34.67647711716651,9.207627737212766,53.289855903999545
13.093897532781186,77.62559895477418,3738.3494254962397,0.37826592560382966,8.360600353801669,0.12616505745037604,20.0,17.08558624608544,5.0,53.97457030854623
12.93248207189414,77.62759804524222,4488.230199298255,1.3256923263722267,6.793821430032831,0.05117698007017449,20.0,22.798016564125636,5.545336616773082,49.62971731677963
12.957773887992005,77.47855236321985,3831.3163227153477,0.5623892706326401,18.060925559809547,0.11686836772846522,20.0,18.33084930477838,5.0,46.08036304558566
13.105263993399706,77.72928863789993,3102.4465143007337,0.2566370815277095,7.873243904094572,0.1897553485699266,20.0,30.877667300112268,19.818590083208136,47.85268005236196
13.117856608208431,77.50403883602506,3279.758160457367,0.3910273519793128,11.593115722130598,0.17202418395426328,20.0,22.235590826470244,7.170729744650096,53.49442467392309
13.041704790722772,77.68679711235646,3841.7690554490837,0.5990344871224504,9.358560394204343,0.11582309445509165,20.0,13.942694496520183,7.881420781393192,39.10109404017874
12.907208866569023,77.73084665618178,3493.037180775758,0.15207366284234985,13.202249200494334,0.1506962819224242,20.0,22.78422482247678,6.259082003739876,53.399448373530404
12.85940995671831,77.57498214222463,3861.0765541423566,0.2724656135310228,3.3833234186304737,0.11389234458576433,49.32843969195433,55.56092303728903,20.83185052083834,37.753459523701174
12.949918966932742,77.67872587971323,4131.252002454804,1.4385454955282144,7.763981733703313,0.08687479975451959,20.0,33.390098785218385,7.583188470791585,52.72220666834506
12.822582523695095,77.55381877521359,3455.0302093774417,0.11664051308972984,2.9742732162383323,0.15449697906225585,59.277120924831294,72.17259934128325,31.866504108060127,28.62350142286025
12.827383333403844,77.65190108081791,3448.1668650590273,0.5794549632749403,13.540324880533198,0.15518331349409725,20.0,14.440673790948896,9.446624220129603,55.75639844313751
12.891180325399052,77.67101734511161,3890.6337531351955,0.2726166173768075,15.563785227727928,0.11093662468648044,20.0,23.19383635184918,5.0,49.48584246840355
13.13359747544513,77.41576138865094,2586.984646549939,0.19325835039135925,5.95626751209232,0.2413015353450061,20.0,15.743859196985946,7.380876481617249,39.4609573918377
12.899270243429124,77.64109316410202,4140.162341263223,0.8260029418027853,12.275689682372503,0.08598376587367766,20.0,26.537245031041927,5.0,52.06929599838893
13.068648491733095,77.53233940875684,3846.969602759049,0.064096546643873,18.080182023084213,0.11530303972409513,20.0,43.801963416895894,13.994509763069807,46.94580998860907
12.979286526747954,77.5720117490887,4761.397449158911,0.27961699425464565,14.662755512399805,0.023860255084108963,20.0,22.834065778942723,5.0,51.56833848799042
13.119242397536482,77.65109300702696,3419.185735348129,0.20588529483039564,19.352240747852186,0.15808142646518708,20.0,24.699066544588234,10.199035112814542,38.87311021547143
12.97258052716028,77.5331459165071,4385.380946320005,0.5617570577983746,7.805506490868599,0.061461905367999475,20.0,16.83924098007783,9.982932661655013,50.941721631829374
13.07173041421912,77.5538991252161,3919.1364073174313,0.09293349104829465,10.527840325597401,0.10808635926825687,20.0,30.5902862649258,15.250262249796005,59.278991212873265
12.99726869375947,77.52080606067878,4218.691653707621,0.7129347368973453,23.942972448812696,0.07813083462923791,20.0,18.421077400963437,6.788152841204399,47.92225864278678
12.930208133586005,77.663455085736,4196.6128307629915,0.5356402909029409,12.170738002296632,0.0803387169237009,20.0,27.499308399843596,10.250487018519127,54.37812109893581
13.020809430610397,77.61842058969553,4453.283569440032,1.4542167421769203,3.7523652214539096,0.054671643055996776,20.0,24.658630663197574,5.0,44.65045428416896
13.120834000233257,77.50490818030637,3258.867915821037,0.13920399710721001,1.615913462600829,0.17411320841789626,69.23359392231251,83.30960242780066,27.90441097085452,25.44572811556189
12.97560476135538,77.65514138189437,4393.2630689340585,0.3922399810815777,17.68368986697677,0.060673693106594186,20.0,21.945706705067952,16.44046525652684,58.332946716877714
13.101406245589486,77.50659588781811,3431.7402908012737,0.08005112871061719,20.917171044846263,0.15682597091987263,20.0,45.733276715755565,7.366466616498775,48.488838140916585
13.001523649793613,77.67806817541357,4113.300438488801,0.1044133532650805,1.6471307448024037,0.08866995615111994,50.61393060256919,52.155846229627244,12.035958061279693,40.36572635375578
12.959300806904253,77.44452208994775,3494.1896123197757,0.16784388100560116,9.623040925419172,0.15058103876802242,20.0,28.378721449493554,15.223793089726708,49.885931529760384
13.047150616019326,77.7083120015446,3634.777861438716,0.21023737320786504,3.505506266643362,0.1365222138561284,46.95274471063553,57.789807568167134,18.83773215268538,41.68951335152713
13.145266089527178,77.55880628041726,3226.836132411062,0.7411389584329449,1.2686367051912897,0.17731638675889377,65.28033016338944,65.68745411153367,13.297315257887048,27.662574020126332
12.913585581690253,77.64471040432421,4233.401972781386,0.3662494715811242,5.999454535668374,0.0766598027218614,20.0,29.424478467212957,9.297557495135681,52.8402607815599
12.97782441293343,77.64939354911884,4448.540451038818,1.4198660068823277,11.303417282184602,0.05514595489611817,20.0,43.40009409240935,16.18740189160073,53.63309607026615
13.141015707502811,77.43760183710121,2690.2358323354265,0.4566414751217659,8.093991161877453,0.23097641676645736,20.0,10.698996172001209,5.0,42.68156394916242
13.017603904942012,77.54350654231577,4312.475404945828,0.1621968478390012,5.063614697794327,0.06875245950541718,26.26214242397287,37.95101716871968,15.539091005122433,49.58038390894291
13.016279900872108,77.49459144741368,3904.645987255649,0.20927315252591822,6.064899699371649,0.10953540127443515,20.0,35.11853368796625,20.90388098355865,48.14892984696045
12.986964299611701,77.67370321201285,4194.1848938305675,0.07391569727402253,12.584696574030158,0.08058151061694328,20.0,31.13835393059119,5.0,42.26663666125057
12.893766519527194,77.75119042556341,3251.3258719635614,1.0342235891189049,4.990895503456541,0.17486741280364387,21.027977995613462,23.136552531780623,15.8031484760137,42.60206687740748
13.16592613731762,77.70526801344349,2763.707155931634,0.4795185881636969,15.791232618130689,0.2236292844068366,20.0,15.134912601292209,5.0,53.63706676259033
13.014873476639938,77.70847087983802,3781.838637306554,0.8019973911379916,6.469093839574641,0.12181613626934457,20.0,16.220247677628965,5.0,52.164829587574296
12.944667336635995,77.71834685966752,3733.5619386068756,1.0117581717942299,8.74462679798524,0.12664380613931242,20.0,23.853586461966817,15.099902054739145,43.68462174737039
12.88487545654072,77.5807668262809,4121.791418092293,0.39402918381131496,4.250322093050148,0.0878208581907707,27.765634774708985,38.86091911044688,8.844889245293944,50.3132913182001
12.97504161320202,77.7285576477706,3659.981489020971,0.701397562413633,8.77361508532273,0.13400185109790294,20.0,10.0,5.0,54.097106036026354
13.009159804591896,77.71851929507345,3705.135890817808,0.3398512523646706,1.765871765343054,0.12948641091821916,59.470457435229974,80.73865671767764,26.465869284844846,26.917888241303682
12.991717938217047,77.57316043874151,4705.9955399893715,0.4684318538966785,7.445335471457904,0.029400446001062813,20.0,24.85668338354177,8.612300620477303,51.40605264977939
12.9816781513241,77.50312681749091,4079.733068482142,2.6408066154426604,7.106153004300861,0.09202669315178584,20.0,26.78787138224366,18.224623902534606,48.01279452691193
12.99561663359594,77.70804669360341,3840.3901096132804,0.8032351866559357,8.591523912480778,0.11596098903867195,20.0,19.073849663941793,9.486880161834057,51.88426942457906
13.145062665724616,77.48208595137676,2932.423942441718,0.48233646114094986,14.948753574398852,0.20675760575582822,20.0,24.107094094394178,12.360333711549687,42.397850739279406
13.045682404356425,77.70429691735934,3676.3075767622054,0.3769298775616745,6.743937262676692,0.13236924232377947,20.0,25.164142278906738,6.849890889808453,50.98255963000607
13.151530675797186,77.7214765767027,2798.348033665904,0.7882839302842835,6.117016296643656,0.2201651966334096,20.0,26.03872527494613,6.126303668113687,43.75110477128379
13.040158609506072,77.54040437784477,4126.075037649174,0.7356489203831107,24.976554503927513,0.08739249623508255,20.0,17.721812540466814,7.149604983610149,53.85697217445158
12.82934688400675,77.47320861209191,3129.9246521051145,0.10256206233257163,19.030926729348163,0.18700753478948853,20.0,15.794390570971961,5.0,50.38688163809735
12.938812969386811,77.51199486770491,4111.25947217881,0.38661376178869516,11.211396658700814,0.088874052782119,20.0,15.469874366641745,5.0,47.53896104515977
13.001553486298018,77.53162157133285,4302.612459332047,0.27878845181198864,7.554108602047507,0.06973875406679522,20.0,22.97765790116988,5.0,48.58262004222844
12.86362796735101,77.65485884565892,3763.5094697289196,0.35508496126992983,8.293082149487914,0.12364905302710805,20.0,36.23932348866126,6.567836027838239,47.340192713028806
13.186653534775619,77.57662414446709,2841.9649168368865,0.31616100905832356,5.890818315203523,0.21580350831631134,20.0,20.981541058472445,5.0,45.23515870333797
13.098072555889473,77.62589409207284,3697.132869710834,0.49700073959800656,13.915669659891975,0.1302867130289166,20.0,20.891261851230453,5.0,46.3048445699746
12.858503405691932,77.45349432165789,3191.6401877814237,0.19021135231718858,7.5943175850300975,0.18083598122185762,20.0,27.47882531202234,5.0,52.62017508672428
13.090713730874969,77.56573206773587,3774.380222248312,1.1431723121428936,12.346582654393304,0.12256197777516885,20.0,27.181423146963727,7.943546411605914,53.695593263866
12.94370968757931,77.52651518283098,4264.2410818846265,0.25326723349041297,11.96783427596349,0.07357589181153733,20.0,24.47681367386169,5.0,50.84939712567213
13.026009434984896,77.48049773901711,3735.8911211140467,0.2027088053113606,2.8656357874571667,0.12641088788859534,56.27017961166086,72.27539506737708,29.694744248345145,38.57329799941951
12.960535933809142,77.46212261457777,3670.614006054415,0.2174736688659139,18.778428625593655,0.13293859939455852,20.0,17.925907523238646,5.0,60.70154389918281
12.991563704113249,77.58536743704916,4780.047800519615,0.297401860728005,29.539433717945048,0.02199521994803857,20.0,17.002172557954037,5.0,47.35959679948327
12.860837794279568,77.63020221792343,3836.566111155326,1.834519300153116,10.941929359355278,0.11634338888446742,20.0,18.898806149590104,5.793768615681358,45.746150958294095
12.865786442899633,77.60940725784815,3931.5542245291913,0.6446049909331001,22.283670320378675,0.10684457754708086,20.0,14.192250798483528,5.0,56.23240000638789
12.800154920203182,77.62128593892594,3264.90476564264,0.19563950396254365,5.216399572752164,0.173509523435736,20.0,15.985595958509446,7.606048818777751,53.3411930411973
13.110189836602686,77.51277731962197,3390.5872551205684,0.1814076180801988,7.099734515567413,0.16094127448794315,20.0,32.13840570650689,5.548096495896075,41.15054332054711
12.825596387084886,77.7549377622857,2831.4693223508593,0.8092509720398805,10.01138853630986,0.21685306776491406,20.0,19.027558604507476,8.35930265187765,47.36585513687397
13.013584350347282,77.46311240173479,3619.7219783088467,0.32329828829967466,10.3685248895625,0.1380278021691153,20.0,18.897502102714697,9.90359930423567,51.439971562135
13.136887674596208,77.67186679316477,3175.440527157617,0.45980659793141593,10.078308874650283,0.1824559472842383,20.0,22.50417905336149,11.498920055458342,51.55968812770315
12.987434359510713,77.54839431385385,4511.564500332828,0.9662771833955113,20.80481048578546,0.048843549966717144,20.0,10.0,5.0,50.11810301207325
12.839708830687899,77.47122205337274,3193.9712555866677,0.7681304464293335,14.104308842620751,0.18060287444133324,20.0,19.5580269685723,9.413481510005749,51.995446724661434
13.165313617888662,77.61844665215591,3048.2410862363286,0.4513738958121936,5.102978030820244,0.19517589137636715,24.259636328216715,32.68977421905903,8.24008910929234,50.80232434418672
13.031215096078363,77.44540228550431,3393.328979188078,0.41515200570589916,12.90321459616591,0.16066710208119223,20.0,43.117578013098964,5.476469591190556,38.124523637749036
13.015379196952198,77.58623384934803,4554.285903015096,0.23578748693696183,6.708815874780231,0.04457140969849044,26.244526533113657,40.48107852713302,18.638975186800593,45.726561108780636
12.848811465012648,77.4329598668803,2970.109437449994,1.034745254864143,13.751192048603837,0.2029890562550006,20.0,20.26996274738926,5.0,38.703619142822326
12.912242583368728,77.65531262884946,4150.92248817022,0.16688391194121305,20.80993170517362,0.08490775118297796,20.0,10.346407526436364,5.0,50.51079315474875
12.993304131978963,77.73882284760637,3541.531655583469,1.3566992465131478,1.5937433945349715,0.14584683444165314,30.242754317704822,39.40338112297351,15.180953037574529,39.05097589326603
13.075192628321844,77.75802566893447,3065.0741122899553,0.4254704231047587,14.745395481483982,0.19349258877100445,20.0,13.300230453761081,5.0,49.30127292766252
13.08490439238027,77.70569722382037,3413.1642027842136,0.9298120896095813,5.0881546754299904,0.15868357972157868,20.0,21.586989782986887,9.700871855033048,46.81216037338562
12.81667783857377,77.56528105139203,3423.279452520159,0.14236190766864593,6.056282254738096,0.15767205474798413,20.0,29.652082330749558,9.529409917920182,54.66014447023444
13.060361398157163,77.64493034811454,3979.621161325594,0.17355306696620465,15.836465639678682,0.10203788386744059,20.0,25.52569248740934,8.691252326277082,48.576677247823646
13.073135185654154,77.49259015531175,3560.715374252015,0.09654867136015577,20.602503379237582,0.14392846257479852,20.0,17.406069499818084,5.0,49.188255495486075
12.972719575868755,77.41590588411725,3213.0237690096947,0.7416298838570438,3.6659839186019747,0.17869762309903056,32.924267294508724,47.77598096448959,8.536883759193287,37.62568745389918
12.959591141017924,77.4295950983034,3345.586802580513,0.8662995790209661,7.419468165159294,0.1654413197419487,20.0,24.36152527925827,8.668592066921615,51.446109704583094
13.002585452021686,77.58347305402349,4670.772546139843,0.7556078912578995,7.463214972977056,0.0329227453860157,20.0,39.13444975389151,9.668436097629675,41.45116096335169
13.045877066127293,77.5036578126726,3825.7954186612083,0.4868413024143811,18.427759089171776,0.11742045813387916,20.0,10.136209277842163,5.0,52.90279529203248
13.000727135839163,77.6827348393153,4071.768350931346,1.0959560247123048,19.187086385616336,0.0928231649068654,20.0,30.80895538960813,9.329120435713511,51.07538510658014
13.198631215340345,77.67995422189722,2574.540952013541,0.8366729224884625,8.234528443026441,0.24254590479864593,20.0,25.166245400112608,5.0,58.14934577375537
13.154685543851764,77.63986832461958,3114.011198830698,0.2817142426337313,10.104452528802337,0.18859888011693018,20.0,22.20468251779429,11.933660128732917,52.15812993029233
12.951802865190398,77.61896658578061,4686.048244267771,0.3848791334442427,27.23012596502735,0.03139517557322291,20.0,18.975214093062593,5.0,51.52442453692186
13.04682039113049,77.73333213392934,3421.877310650037,1.2958322631583825,8.585835655240478,0.15781226893499628,20.0,10.0,5.0,48.38235469219399
12.807552794995924,77.54089481858648,3273.8559741345916,0.45690699781895594,3.291011980980403,0.17261440258654082,40.271190717046004,42.64397980790106,9.3030364191655,42.96901242592282
13.003395640347499,77.4124165036516,3150.6274283737407,0.4978908427017754,9.912053726200675,0.18493725716262593,20.0,10.0,5.0,53.93243476564352
13.052308156465228,77.57550646853883,4170.64064099606,0.758120571769981,2.900068398984631,0.08293593590039398,47.414552412791004,63.87227380346107,15.731945871514586,37.6651383317466
12.977870217512827,77.53317979121329,4382.605662881355,0.1579159076475773,14.423525001496248,0.061739433711864515,20.0,32.782186066351834,5.0,45.56533995717525
13.10253829735358,77.59691344563335,3690.412670168457,0.7974302689020885,8.519910719150339,0.13095873298315427,20.0,30.178554137565534,5.191479979604108,46.34512278266981
13.054822807225838,77.49249553712573,3682.7545034659934,0.16725200914235816,12.00636671304556,0.13172454965340066,20.0,37.408216152681234,12.155448554439081,48.316972149834484
12.904655733272852,77.49533893876504,3802.7409167133,2.793928747932848,16.160380152078858,0.11972590832866997,20.0,17.26022335659931,5.0,52.7399474466279
13.025750291926565,77.64187575558387,4281.164053364203,0.194317309827653,24.60910363647261,0.07188359466357971,20.0,10.0,5.0,47.12895514789108
13.031610302201036,77.55765228805951,4295.275246078535,0.7622782519609016,14.849014662275115,0.07047247539214653,20.0,14.973802086287668,5.0,57.70011092962179
13.156295080743602,77.70049361109612,2871.0159765310095,0.3716444075824208,16.76758861420456,0.21289840234689905,20.0,26.475884827705563,14.767052386240039,40.99628471945261
12.873312306558427,77.69041089192157,3627.404003616792,0.7238204516046726,15.819678437880464,0.1372595996383208,20.0,24.8059582402975,5.0,57.52056418850398
13.044474972038886,77.58794806817704,4268.220678985418,0.053000903267513465,21.383553371684325,0.07317793210145819,20.0,15.257130427996158,5.0,54.10219072081771
13.127251931109539,77.67091110797108,3266.4802032309435,0.8729321739565817,8.025992899266711,0.17335197967690566,20.0,18.537006874433178,11.25877087419575,39.487288975734934
12.97310773583513,77.59271765830758,4975.88262535937,0.1338083364652123,7.721339618994093,0.002411737464063024,20.0,10.0,5.2541049381154,45.58719894631291
12.848430205926785,77.79788542651578,2623.116266921341,0.8868139638961434,13.515783512242727,0.2376883733078659,20.0,22.18244189219807,5.0,48.190930059577376
12.897593610875397,77.44724092833475,3351.0111694342386,0.3496592910047901,10.515972451790025,0.16489888305657613,20.0,30.29536476190197,15.521375033169738,51.49457304264276
13.000683877415293,77.49277361834517,3941.015395464924,0.19526319277635323,24.69960779025907,0.10589846045350759,20.0,20.41649067644448,5.474251868532717,47.94472096360763
13.07962451491524,77.62895494408973,3866.4410908081945,1.0691297102398865,10.833215495964161,0.11335589091918054,20.0,31.952768100390042,5.0,59.44524846389841
12.960209354424382,77.67284621175953,4209.290416059901,0.47827988838725927,28.99299136048001,0.07907095839400993,20.0,12.263011892462664,5.0,51.013838008116906
13.039366307881204,77.60057739562255,4319.7058178788675,0.6606112823545177,17.19290636402992,0.06802941821211327,20.0,25.950470805522183,5.0,40.16006280621305
13.137363363025317,77.50943776758287,3136.3986920016214,0.4174663356898518,6.80028080195817,0.18636013079983788,20.0,10.0,5.0,52.856130783891224
13.011582716598674,77.751898854232,3376.992077366575,0.7275526517500579,9.67330878353308,0.1623007922633425,20.0,24.723995994244554,13.367221663845083,57.95654405592337
12.955505908484918,77.60113814959126,4826.285526862727,0.18114313798018408,8.664593786964753,0.01737144731372729,20.0,37.61045597659923,11.779060262277564,54.43977122603006
12.876971856724996,77.63685620059992,3963.6568141384987,0.5512196874910493,9.472525681954021,0.10363431858615015,20.0,21.076828542309123,5.494048472177688,50.27960330461609
12.939682623091686,77.60572632518708,4661.989044426663,0.252022293447388,24.04569313917625,0.03380109555733371,20.0,38.75133657032921,5.0,32.524773887556975
13.087008013705637,77.73120514565369,3211.7054088728555,0.20178278801693758,6.900927377077446,0.17882945911271442,20.0,20.578028657787417,6.514676438861532,51.515647265345905
12.919907907872052,77.44208955978047,3389.6737360236875,0.08528061740363489,13.643902540199424,0.16103262639763125,20.0,27.66834868832147,11.367720939747192,48.0723045129387
13.069420026627272,77.43202857330094,3102.68014324606,0.1575287383679708,9.220460318341674,0.18973198567539398,20.0,11.74692326485038,5.0,44.26374004412674
12.947038587906318,77.6306616820503,4563.68499036444,0.5985365658424994,13.449967607932537,0.043631500963556016,20.0,17.29573411630074,5.0,51.483698815667395
12.945168138634964,77.66997675266563,4201.232315523683,0.06283385418142154,8.89231061672402,0.07987676844763171,20.0,10.0,5.431766029123482,44.97130380591486
12.848532729984187,77.6754668097878,3527.417442911862,0.13285891876808836,8.801909075034295,0.1472582557088138,20.0,10.0,5.0,44.67703664778718
13.158636789236477,77.75562119528284,2531.992993158139,0.6883984017038078,8.825658870465213,0.24680070068418608,20.0,21.537255885824603,5.0,52.467942429370964
12.934070992298906,77.42781701052891,3290.468134372987,0.17111048043958443,6.9418838696030365,0.17095318656270125,20.0,26.253251795405053,11.794872790166332,53.14824006714947
12.850265409318375,77.53341022811831,3641.093414586183,0.26986474672388755,19.02509350929971,0.1358906585413817,20.0,34.89368288958371,13.947954583281755,51.76464171645065
12.814303078085892,77.43426948683926,2753.9324343635467,0.7881799174359413,8.400040233022223,0.22460675656364534,20.0,34.51224380248962,6.541911282386805,51.64555724836615
12.909722742601465,77.64224781217747,4219.032075660954,0.2921644763153584,17.492297062036286,0.07809679243390452,20.0,15.458657032175886,5.0,56.632202826084495
12.970805190586962,77.65088468949664,4437.096989372438,0.03419186138728053,9.484513244268037,0.05629030106275621,20.0,15.694094796627233,5.0,53.01894535365879
13.109334632071661,77.59074871094683,3622.115342298679,0.09481206832979526,6.9309447443505166,0.1377884657701321,20.0,21.918141596928656,5.0,44.95774138285378
13.137829684463883,77.68548981414868,3105.4481713887108,0.19247247145001312,8.899185106476711,0.1894551828611289,20.0,26.855231583196428,7.089302313245007,56.74915009956305
12.986439534691566,77.69415627403014,3993.438353173261,1.249513190687169,8.146229878268498,0.1006561646826739,20.0,37.25372258790191,11.14229380808812,47.31446792293308
12.817525331046811,77.43006078625078,2745.8448040508133,0.40247840581792677,9.182717454563981,0.22541551959491865,20.0,30.434533119000633,16.999237847390457,50.31754687983458
12.951460148984088,77.51070170337864,4137.182651141724,1.0344419499990214,1.8841159925687707,0.08628173488582765,29.401901896856288,31.063124873172054,20.337221426398678,44.83477746602633
12.8971455305756,77.67494563826978,3904.60556847103,0.1640531318424518,17.27095875746679,0.10953944315289699,20.0,20.014163356991382,10.04139825857541,39.616919939007076
13.089854720116604,77.54059530138375,3699.9736040184216,1.0647722511730031,2.1922211450569478,0.13000263959815786,45.31746297900397,52.1907018963214,7.127509320303421,35.91265028112165
12.902798261794265,77.49917390101481,3823.572375891272,0.5869562494091487,9.178561553751642,0.11764276241087279,20.0,28.274554046969403,8.202846048334616,53.064780420831376
13.180624294557129,77.61523127442084,2899.5999143179174,0.7462187636697231,1.4253818546351584,0.21004000856820826,55.1733357181012,64.96108894940126,21.344816707661092,36.85085211793772
12.991432503896098,77.60970196111415,4750.721553221671,0.707516761530547,13.045543826842561,0.02492784467783297,20.0,28.77527911111184,5.766059122176552,48.612912842851784
13.130038768017194,77.48417199348671,3068.7520140255206,1.145980725022808,5.464993436954959,0.19312479859744794,20.0,12.771939941177765,5.0,48.36917295958711
12.967159777833587,77.52284373173752,4281.064842434067,0.15125405245016582,2.8533973614480446,0.07189351575659328,36.243390164885795,50.130103984926606,13.990040393705328,45.36892294458888
12.893368523280865,77.47449833856813,3566.662181188491,0.32941426177861344,14.852819270476738,0.1433337818811509,20.0,11.97308616976565,5.0,43.432483033651216
13.119916389278227,77.79634203146736,2496.051146905984,0.678638449797789,12.60819646738459,0.2503948853094016,20.0,15.864574272944644,5.0,45.09154641921461
13.050522323768503,77.50374974273622,3796.5673083252404,1.086036640229557,24.30984080117047,0.12034326916747592,20.0,35.354110854577556,10.107787778231465,51.985802203233504
12.82119352186244,77.68253340122837,3257.7488207111555,0.22872340058476365,3.7277331875436808,0.17422511792888443,34.99900441233117,31.229574107953944,11.556363714428457,40.54758623059156
13.104807928106789,77.51103947095665,3427.526975604719,0.15092135395273326,3.3390207789798514,0.15724730243952809,44.092738386067765,40.30870560614447,5.0,43.278573767125415
12.83473420938766,77.58002686930512,3623.605406208265,0.7938756084809991,4.6498428296693275,0.13763945937917352,21.438353255808224,22.895868629925744,5.0,48.087674797736774
12.818231614887598,77.43165662395947,2762.3135754205405,0.3594802096183527,13.672212497845889,0.22376864245794595,20.0,27.868418195334684,10.080186002281973,44.607480720426
13.098628054009879,77.69714296265758,3367.480912940665,0.1763141788901622,3.171049032094602,0.1632519087059335,49.75931685873674,80.55189296700898,19.659069352001122,39.97810012547394
12.816845252034751,77.6702516261944,3277.437938312669,0.4784417450217081,7.996060447463676,0.1722562061687331,20.0,16.32272286186803,5.0,51.46249636858892
12.907313361620592,77.53023519606471,4090.2967593905496,1.022858585215599,7.063415288603365,0.09097032406094506,20.0,18.02050654982189,5.0,44.02091781547965
13.04011074902028,77.42199562063043,3142.9594913175542,1.85020505900874,2.6701444793209324,0.1857040508682446,20.0,15.273080640859906,5.0,57.676638666883065
12.869390013095058,77.75269782250656,3117.400655890244,0.4571301048380535,3.52093357589643,0.1882599344109756,39.913228210128494,69.49001756524731,20.40842273728217,47.267563457069315
13.023693255015711,77.67880529511565,4009.8364305001974,0.238453720911956,25.338071473731105,0.09901635694998025,20.0,24.399819342301246,12.100588831395374,44.33090403123023
13.005652360543387,77.50603595689104,4051.150539317092,1.2028071616736897,11.422756398219382,0.09488494606829083,20.0,31.472760838722074,8.865343806963958,45.39818303441675
12.910932547629633,77.63486928498001,4271.841013932238,0.6412810585355789,5.716615819910846,0.07281589860677626,21.053691750080176,27.10809673818728,5.0,42.10436408586503
12.83237206988547,77.68388575460827,3346.024108399857,0.5049284314931484,6.525634303496008,0.16539758916001432,27.75408582939385,22.25179185015892,9.304885122829996,44.56225849476928
12.924931483403014,77.76086624301239,3273.0832675888105,0.1018916639975112,3.3977113030650568,0.17269167324111895,46.98441921791385,50.96961209364161,17.76881434064102,32.08115258602138
12.98507511831927,77.47334167441561,3779.9524461215124,0.8026286161507641,9.747105698392852,0.12200475538784876,20.0,31.019563337598107,11.337877211462523,49.77506208237906
13.024846730554064,77.64374690584295,4275.387505722377,1.0220443011058455,17.10846139222593,0.07246124942776236,20.0,10.0,5.0,48.327269855381886
13.029114105296323,77.72867582164452,3541.089507279891,0.1257383144814867,9.591294664450864,0.14589104927201085,20.0,40.19322076323304,14.8785508609709,51.755850713808655
12.954608787008278,77.74069350403188,3529.217445057105,1.0542534761035107,17.2317663719679,0.1470782554942895,20.0,15.807227750866854,6.947168048785841,53.29483936507687
13.12765413592573,77.67525599757687,3243.3474081467825,0.641705647847613,0.6953197553524388,0.17566525918532175,76.61846121826332,104.00329935386131,39.42289123466461,11.604324504473443
13.043388666480462,77.6872431221511,3827.977785323715,0.12175466920680005,27.21753077410668,0.11720222146762849,20.0,32.28532777123516,13.781739069886832,47.780715302515254
13.072036764575763,77.52182836018578,3759.707484514323,1.5709554531612682,12.604284150135333,0.1240292515485677,20.0,33.27591521174214,14.192057710505049,43.70268617542821
12.821241853307528,77.54937359904498,3429.872628729157,0.11316224148698165,9.09001969015953,0.1570127371270843,20.0,17.090983046455932,15.189152149967404,50.61856125808006
12.976050773746618,77.49102079612678,3963.2521588180434,0.9056652606386113,10.924876558008807,0.10367478411819563,20.0,10.0,5.0,48.43501708926523
13.145899290137224,77.62791066750019,3225.462226052984,2.305074406138609,2.554708767496588,0.1774537773947016,20.0,30.407463809986538,7.494926484283862,56.23298157144327
13.038629017459401,77.62949901379616,4244.299639703839,1.305831063225777,11.710041161884737,0.0755700360296161,20.0,13.36220808549562,5.330211436299635,44.15504320915649
13.114788476076551,77.46743986552606,3084.9898308218994,0.9889002756515102,4.26990562699171,0.19150101691781005,23.896324136221004,34.4465280428385,9.955083942391745,50.071478777903984
13.12746356329651,77.5145427859933,3247.784035057328,0.11687152241337775,6.091875451228804,0.17522159649426722,20.0,21.041098784060082,5.0,50.753833320955906
12.859198804981995,77.55673704173894,3813.929502527174,0.36143719686555653,1.369140904723872,0.11860704974728259,56.08281977605081,65.2038157543314,16.538981920509073,28.692363993491337
12.936778722015783,77.5348167167523,4308.1501350489025,0.7511787324640838,14.618521317563868,0.06918498649510973,20.0,29.30467490452599,6.540500357699299,52.72053826758436
12.883783810610137,77.56746643176109,4080.874674251003,0.5130057824710826,10.42858091441512,0.09191253257489969,20.0,30.265452686801467,10.357499831226445,45.001402588950306
12.96992470740807,77.59994029518576,4944.0309389576405,0.08758036577739346,11.069275572737432,0.005596906104235916,20.0,50.67057230830454,11.209143405386577,52.03548614799006
12.984883829311517,77.49163796155335,3961.8457974719463,0.08136806886299151,9.863095594972227,0.10381542025280538,20.0,18.74027940596016,5.0,50.60900661156685
13.016574569619163,77.62472597580216,4458.678807872676,0.6884128137517889,9.44891985877711,0.054132119212732414,20.0,49.26179449144864,21.603500189185596,43.499395563549854
12.941953851659218,77.4846524985111,3861.2573954094723,0.062091178087191584,3.4125508140654772,0.11387426045905279,38.753912405808975,61.51205871355018,14.398951490870946,45.466716664204455
12.91398636226838,77.57397368833539,4388.054251950699,0.37264110133998335,7.704186170416184,0.06119457480493007,20.0,19.425812154839775,5.0,56.942193405775456
13.057666065864204,77.53908970216403,3975.8534841547794,1.0723881001693851,7.0278379997549925,0.10241465158452205,20.0,16.446591802727742,5.0,63.34441379111628
12.942169750988139,77.79935874822684,2931.37039245008,2.28568197077568,15.678802452335214,0.206862960754992,20.0,40.76576566951645,28.314647634805873,53.68050277920482
12.817059806422721,77.61933289502053,3434.9317098925117,0.3413897128255217,20.095081226067023,0.15650682901074883,20.0,33.01517998238166,11.554016981620538,52.71840449438347
13.136430618176599,77.52025584892839,3191.791342597917,0.5972470787747924,16.682423679551945,0.1808208657402083,20.0,31.46227162291231,5.0,46.3239622207224
12.81743596235864,77.58007553795527,3451.5326771424734,0.9773417325181719,9.233071134609997,0.15484673228575263,20.0,35.16098665772553,7.803520790912115,55.912382832248426
13.159441991827384,77.46642357834051,2725.932961341948,0.7317735933154693,1.246876963045317,0.2274067038658052,31.283498822796027,45.1266703432935,9.967432269667642,44.723710763421394
13.11891768130204,77.51663340976197,3333.228017467448,0.6564713274125351,7.484418755920935,0.1666771982532552,20.0,20.29137972194991,6.933982535854259,47.98049458306897
13.089114677996582,77.62111455499583,3795.3124400382067,0.431852067579606,9.422839771705787,0.12046875599617932,20.0,37.9992212702094,7.0102009630115045,57.33772563839603
13.158137258080219,77.67624509222463,2963.7762957755667,0.37307764065175536,12.327426756298193,0.20362237042244336,20.0,29.72236726944558,6.915267774188225,46.965341863222626
13.045497195428704,77.57904306215116,4244.830230513649,0.13937352210696743,8.176732682375725,0.07551697694863506,20.0,28.695024811898453,6.360086827082938,43.20160456156955
12.972654769677433,77.6232592725922,4713.213242184008,1.733019385426641,11.518037212884224,0.02867867578159919,20.0,13.450543564293827,5.075696798813699,51.047369489215136
13.040695718443073,77.63709577690707,4188.821267407716,0.210892281315393,9.013636860068033,0.08111787325922844,20.0,19.179874013693595,5.0,61.73224678432357
13.09339983983251,77.56880075218521,3754.977824653952,0.31644249034821587,5.769903796062709,0.12450221753460479,21.159025732322363,32.05199925513736,15.23493225500084,46.148636373966944
12.969928410859138,77.45105951829544,3564.4978544692585,0.33652974988837875,20.17552803387348,0.14355021455307412,20.0,31.53215035998948,5.0,57.549869939885056
13.039067392691653,77.69283866725273,3808.2498239898523,0.29604332451267523,14.768885510257283,0.11917501760101475,20.0,10.474188044569969,5.0,44.65112801564612
13.09226187282536,77.57075444358135,3770.0447929034954,0.6077741706983436,11.1974860197261,0.12299552070965045,20.0,25.977074407087954,11.165618314299238,51.95729748966766
13.089147369480582,77.66429299405176,3633.4533490691424,0.11600285471390462,5.843310387010317,0.13665466509308577,24.41247914874495,35.991524510889484,15.834669959463572,43.99757895381972
13.016436301593608,77.62313031504871,4468.561121353388,0.4292636409139556,12.66533598667587,0.053143887864661135,20.0,38.54456956708337,5.0,54.06808268225728
12.864131222545808,77.74345320968702,3164.0583843262793,0.9467467452168785,9.755265322252729,0.18359416156737207,20.0,23.558839923282083,5.0,52.98021078561395
13.149622403513309,77.48410516967004,2904.741455516747,1.5411905602546008,6.037215062710032,0.20952585444832528,20.0,23.0738117481286,12.072732774890895,44.40537861511991
12.896998863859634,77.64376627548586,4106.543109121383,0.16496180349059733,5.756015872138412,0.08934568908786171,20.0,10.0,9.6150463435402,43.509249121812815
12.80353115263423,77.61189384043553,3310.4375012486785,0.1563260138310334,6.766619867073009,0.16895624987513216,25.09737973285577,36.43830276380271,5.278498013038729,53.50590037014713
12.924844367868838,77.48176854735244,3778.647231855512,0.918350534666232,15.404597715834702,0.12213527681444879,20.0,34.03954683390948,9.66947745803478,51.44213217598658
12.990509857676075,77.75976115803397,3337.598398687892,0.28239556204006555,12.33180391040912,0.16624016013121085,20.0,25.071297853062514,11.473722271741304,37.0159689780815
13.132012064709759,77.75611917379484,2723.588920958769,0.5813452937399923,4.336757929650826,0.22764110790412312,27.498269802219838,47.69136669582589,14.92157160672945,39.371163481813674
12.924190554254382,77.6329487981146,4390.222510849992,0.3057400694436724,11.473833405983777,0.060977748915000796,20.0,28.282349480163518,7.5234007829198735,47.86895549870464
12.84389634494677,77.70133903070368,3335.6249163870784,0.17241249156676847,4.368773516090845,0.16643750836129215,35.45237049918041,37.97704405413067,9.536815324269119,41.47608835098678
13.053465864060533,77.50102763395967,3756.7056911268446,0.2552650873339528,7.248492340578833,0.12432943088731556,20.0,11.37149759851567,5.0,50.727629391034874
12.969470289535302,77.43187631435518,3372.6237823878014,0.14415376424028192,4.3377842270027624,0.16273762176121986,38.17269710750858,36.83206443451224,11.69857642731662,47.355154469226065
13.015782932046351,77.75544918511162,3331.929502830195,0.8923259882596903,14.90041365432557,0.16680704971698052,20.0,41.18921573723013,7.078814758107187,54.398304986844686
13.083636498088449,77.45927504577429,3243.1556659705693,0.6671311721998758,12.833919233054733,0.17568443340294307,20.0,10.865459809444657,5.0,48.28938415177018
12.907939201560371,77.71676362328641,3622.4424472119003,0.2662882430784187,19.321775744641442,0.13775575527880995,20.0,22.14989122501446,5.0,57.467855812789395
12.853528010670514,77.67627698336426,3564.3076835300635,0.5925047977333519,7.4906735937518,0.14356923164699362,20.0,28.060193396797967,6.268397948136072,51.58804817272536
12.823466510436162,77.43136278446958,2795.6878790769447,1.3607860320947172,12.458450198149727,0.2204312120923055,20.0,35.02910701701311,9.834731544103017,47.00389102734576
12.951787677269166,77.75669318134312,3367.0049733717606,1.04616975963606,12.223162098681644,0.16329950266282392,20.0,23.993768231001283,5.0,51.94639365760869
13.081393441623506,77.6469477549941,3783.657643734435,0.6123275218263774,6.891992382639237,0.12163423562655648,20.0,19.43528484049489,5.0,53.010262616050625
12.850342977990238,77.4657999059827,3231.02488413376,0.5315122398803422,11.38696645419918,0.17689751158662398,20.0,26.553570313168375,9.112405299427577,50.758745704877505
12.875323360718983,77.56999200153668,4006.282491871154,0.25922435103984964,8.410999281184191,0.0993717508128846,20.0,28.217970405820935,17.052363878004886,51.45890110516341
12.828534225175591,77.68397559410614,3313.1149195059324,0.22563345323642553,9.42904474997141,0.16868850804940674,20.0,18.81502663375653,5.0,42.1686731645213
13.048411222874174,77.65012544522305,4052.21104529308,0.10059860638381349,9.871248620185277,0.09477889547069197,20.0,18.85411018943558,5.0,48.307885209333605
13.120190694479582,77.41761877378426,2689.122484449837,0.3842111803981743,3.5457335090620243,0.2310877515550163,38.16178140886173,49.22524432494774,18.82599027126042,39.4511295235028
12.871344856290314,77.6295263676105,3938.352930832785,0.3389397521047339,14.23053739322861,0.10616470691672149,20.0,10.0,5.0,50.87204374280544
13.022243267411996,77.56663874721664,4421.504348211876,1.0034702412574341,12.321749725618513,0.057849565178812325,20.0,21.891546572741927,11.468858927369467,43.77165565329996
12.997531844140187,77.49989008695937,4018.0413364771953,0.3128455334106023,6.233591427346978,0.09819586635228048,20.0,18.067948740806067,8.198679081527029,44.108456948923944
12.808109315021547,77.53058129069022,3244.2209929374967,0.15701974316137718,6.080310447845953,0.17557790070625032,20.0,37.80785786697017,16.224789923985078,54.483497446285334
12.9624719475887,77.6547535699499,4391.5779985453,0.6246172110760745,0.7685278778181369,0.06084220014546997,74.61345572099054,109.3859156901408,26.70195759092286,24.19560625103402
12.839941807951742,77.54845130881986,3604.880606146716,0.19529161761047426,16.362302312003248,0.13951193938532838,20.0,31.744214036054885,18.58562565941826,55.61903380402549
12.906278892794274,77.41849193295526,3121.6789857743815,0.1304955720207747,4.838636980584452,0.18783210142256182,22.594158771838742,11.175036624312682,5.0,47.49515011181272
12.994853280071037,77.68989748566078,4019.0654554289276,0.21310861222647226,5.8866511533590185,0.09809345445710724,37.44733639985377,53.477506186944055,17.440329529101376,45.96687859492611
12.851169495988497,77.43403925108166,2992.9309830082116,0.46175862235398113,5.900716499085723,0.20070690169917885,20.0,47.772242925107676,15.924415937242005,50.6976873454152
12.814929119243168,77.61286949606283,3422.675069508142,0.19632746993647415,5.049365425858016,0.1577324930491858,36.132564556645264,42.166174411016925,5.0,38.20941632600131
13.154454750774764,77.65921370077137,3060.649845740233,0.90851813066119,5.950825814833031,0.19393501542597666,20.0,20.21875419630406,5.0,53.032954307714306
12.833266321799918,77.67227098804658,3413.5262716169727,0.6782578185932775,21.528053707424203,0.15864737283830274,20.0,21.685361674810466,5.0,55.2729703214391
13.138302780048997,77.44227116980619,2741.817337231581,0.6555804543975821,12.366268866811573,0.2258182662768419,20.0,27.677878890656032,9.435239681397144,40.04941631375532
12.973640610998128,77.62438595175114,4701.442297877489,0.08104178156972386,4.896524073382992,0.029855770212251078,27.764619679878443,32.305776493079875,9.030978497249654,48.7354284494173
13.08987065600198,77.604034987611,3813.5360493315375,0.24541200397471527,23.427657332266914,0.11864639506684628,20.0,25.256412361475196,6.661243210856338,49.988824249442665
12.894455103823361,77.40930654899138,2992.8876963959447,1.2263764678277667,10.63838124974857,0.20071123036040556,20.0,50.262892551952284,14.61432541634427,46.58153830195354
13.077587966793839,77.58698089471582,3937.3853064057876,0.13902420185129538,2.550704075658435,0.10626146935942124,51.32632979043857,73.51679554892549,16.260966039240536,35.064915798606606
12.858161977830951,77.61427433018137,3848.6849196804806,0.5201953587206054,14.154129397500622,0.11513150803195196,20.0,15.771385842418615,11.198550127540333,45.1292132911098
12.876016145293114,77.51025512226576,3725.232112083505,0.23018842066726958,11.931453334665305,0.12747678879164948,20.0,19.55613714894438,5.0,46.2257072339873
12.858404273585947,77.51438224341548,3612.622583798551,0.09851680892488601,13.788808382143094,0.13873774162014485,20.0,23.27896840229652,5.0,55.7147986845914
12.968255731811942,77.41974948715522,3251.175081038761,0.1245437844182207,6.652022896795723,0.1748824918961239,24.203535830962593,27.17077026467633,5.0,45.48287756713153
12.849049098880414,77.69044615876665,3444.197650228536,0.557328338698796,19.45634754927821,0.1555802349771464,20.0,41.56929058199408,15.293746680638574,53.95131659190626
13.128420875069912,77.61150190193736,3422.7092485279427,0.9615065311711798,5.246721868490358,0.15772907514720572,20.0,29.73256371578715,15.760346204984707,55.709753051050555
12.865609749991826,77.64323020930456,3833.8597702762822,0.1647256400670507,2.0147663644135267,0.11661402297237178,58.01680903177331,56.21597902208641,8.141418586009893,31.019528588450086
12.903536582358274,77.5811844711135,4306.270568854364,0.053557191623016476,16.493610827670818,0.06937294311456359,20.0,20.358957911115187,7.572551784345389,46.10826295179437
12.96566452417343,77.63846278211527,4557.374477895887,1.162884625959982,10.867885267747315,0.044262552210411296,20.0,11.869701710419532,7.580651222988607,40.774974680338175
13.119393384966655,77.49014743233384,3190.2148323086817,0.277754782786622,6.361128453457037,0.18097851676913182,20.0,17.835557244124914,7.90750683004988,42.064985041509225
13.121928898070488,77.51459615641694,3297.0791978735697,0.19339103564697901,15.01418448998611,0.17029208021264305,20.0,18.480587335760667,9.900083843680653,55.15898330742512
13.018208138500135,77.6150714911868,4490.941994871031,0.7684526342367365,8.658092838128043,0.05090580051289688,20.0,35.91143372748036,10.017541751482277,52.54223551898888
13.045700250095454,77.46710500749886,3525.3535957025224,1.1063219460009617,16.308422958795482,0.14746464042974775,20.0,18.381021697944373,5.022087469033867,60.16900024784714
13.04800338958018,77.62837818463527,4164.629202294289,0.7036252140267939,8.795020322300497,0.08353707977057108,20.0,14.373767223924219,7.9765792223268335,49.0044188077549
13.07624217120737,77.56148350945983,3902.426041640496,0.3301289313697603,7.288507302703753,0.1097573958359504,20.0,19.02242936982399,5.0,47.047495095180686
13.038538026493587,77.76709112459136,3149.7598141417357,1.672572337949478,9.261474872762374,0.18502401858582646,20.0,13.285831200384717,5.0,38.634955415538116
12.850323171087549,77.76448869633828,2912.651481554193,0.8115712226283796,5.245411704935361,0.20873485184458068,20.450594331039795,34.89304074429321,13.14900684920388,52.34788445481355
13.087965859940141,77.45199298389882,3159.4083994299326,0.19525510594013326,12.036259976049802,0.18405916005700673,20.0,37.050815921384164,11.527097029684438,50.43273823808989
13.02094779183569,77.66347827843374,4152.685312351142,0.9680961232157421,10.877022429032863,0.08473146876488583,20.0,20.336995351073718,7.936683827433962,53.378738254227926
12.963393729311905,77.78442552341005,3099.971783985673,1.8264122448078282,6.550877089603888,0.1900028216014327,20.0,41.282758326285546,13.085516515935856,53.25348045445616
12.953151731369339,77.64315652277007,4480.570070270356,0.10684052240416528,13.224835613116753,0.05194299297296441,20.0,25.952052443525066,11.634885521914885,50.015924247524296
13.193822637032776,77.59957061932852,2777.217791453476,0.12580716706721978,0.8904489489492449,0.22227822085465243,72.62954882672874,75.12856290005058,22.47898044432708,17.563724515413238
13.072564058629894,77.60378761207315,3986.1877219806825,0.31664302737272093,15.687812455507007,0.10138122780193175,20.0,35.6248695057964,10.74217642565629,43.687746974956674
13.172734940295335,77.65940003457918,2886.8433875107467,1.0510835077610465,6.620013320878781,0.21131566124892534,20.0,26.016662474867758,5.880996643308511,62.216012619237006
12.95416799342666,77.63284157621356,4579.727111929536,0.13634962014188792,3.3927064278110413,0.04202728880704641,45.17730347363679,53.55822796557194,14.61279308292751,32.47986845883409
12.956271833042434,77.6453901869481,4469.472357694476,0.5730392583796143,16.563611609743194,0.05305276423055241,20.0,21.512606345522464,5.0,50.6908863240603
13.08607037624761,77.57339976113026,3835.830031034844,1.0875126438338738,11.793411176929121,0.1164169968965156,20.0,10.0,5.0,58.57470943774622
12.946296700884416,77.43859482081916,3419.561045868015,0.1677685161545915,4.706552214971766,0.1580438954131985,37.38438378685305,45.771304499651166,21.18787953785286,43.88946343207081
13.097769641265021,77.57202705257748,3718.270062287545,0.2384448403749932,10.020168259739755,0.1281729937712455,20.0,21.937067040101326,10.601754979299946,44.68664954581557
12.836085335831099,77.73591582055536,3042.08311350952,0.1115659641854702,6.360381179346131,0.195791688649048,20.0,33.39469487283898,9.578157835276988,49.73227173853787
13.011752554180077,77.7996351035026,2910.7029585168116,0.6767314994693769,3.527735540973777,0.20892970414831885,25.18762005505485,28.4210455141786,5.0,45.81810540559593
13.051412358899846,77.48695127666561,3659.9156642702546,0.49470684505619755,21.12659585845523,0.13400843357297454,20.0,15.344371736035875,5.0,37.753163771267694
12.914641131601183,77.41987871632097,3162.288388791014,0.3353542342564038,11.401323523352875,0.1837711611208986,20.0,31.801063150990824,6.796866896297667,53.54850518167975
12.908622842739053,77.47148872044482,3617.1583789029705,0.27816960641391786,4.310440799986242,0.13828416210970296,58.49039243584485,64.31790153820376,11.343297777657018,31.052228482063388
12.96434695171445,77.60298284565381,4889.149284761815,0.015706460605309957,15.22844033886796,0.011085071523818492,20.0,20.323025527195025,9.009687458848973,44.21335865466922
12.892828291697267,77.73781746450425,3365.4901600799076,0.8835865229253753,2.271549986608461,0.16345098399200922,46.28124187721839,77.5760112237841,29.162785841932635,36.0591019450088
12.97467933526479,77.59819812892633,4952.640906423947,0.23066332708823176,23.243052213086415,0.004735909357605281,20.0,16.18509132764879,5.227703550839947,48.638471245047946
13.085690676148856,77.55868473451176,3803.898470898316,0.10553491495333732,14.588724322286321,0.1196101529101684,20.0,22.41152004340664,11.209443774389722,50.574486067410795
13.189669407810838,77.6884664772246,2625.864743332331,1.2188585161820835,1.5538827234400003,0.2374135256667669,49.23197118879632,72.07060967001853,18.912067594648946,33.67931850281801
12.824982850004748,77.41085558652046,2649.285254275366,0.24047141589398874,6.389399973936841,0.2350714745724634,20.0,27.749440085596945,7.790568975264337,45.243506017517404
13.085131289819499,77.45564937990295,3205.6580985377045,1.8469755839733075,6.736614587313759,0.17943419014622955,20.0,27.92907833334636,10.32545861403786,44.736603580484584
13.138007597114118,77.43392658838951,2686.832613582664,0.3289211116636238,2.3556793496517545,0.23131673864173358,75.52326264590887,117.707356592926,33.70106611397072,23.630595364140596
13.023397429186307,77.45045314087291,3468.2921079228026,1.111315548408465,12.557565599268013,0.1531707892077197,20.0,35.51280275071432,15.864884857887883,51.46018988500039
12.97311568265839,77.76321985793481,3313.733301524402,0.24376405666344714,10.2287684376076,0.16862666984755978,20.0,13.85208311309269,5.717899214686428,54.95252712211263
12.850521220394613,77.64384005681858,3692.9172150844274,0.24132483408009434,22.588830348780572,0.13070827849155725,20.0,27.649673802584513,8.977051995272179,50.88581880431198
12.805011738151837,77.49691127229502,3068.8154799137023,0.5206035401764302,2.3381735487265507,0.19311845200862976,61.361202632508856,96.4434365397592,26.076220082368863,37.22347321521174
12.925765430803574,77.71458553872517,3715.580394240561,0.5665707379518212,3.4520704605439545,0.12844196057594387,42.95016628145752,47.25068894085919,9.679963313051598,38.300216478755665
12.839097709301308,77.79690773049651,2581.627099493319,1.1269729327959261,2.676626487032627,0.24183729005066812,31.03910059866005,16.46730813667068,5.0,49.303332174019914
12.868149694740959,77.72675521304582,3321.6982990720944,0.12147514409176213,10.715461163895183,0.16783017009279053,20.0,10.196516790225415,5.0,47.1797397912691
12.886885484179903,77.63855752832276,4045.5989581480862,0.630297426001588,4.127784840246173,0.09544010418519136,32.004953920659815,37.250516332039524,13.552576238181015,45.641591304881395
13.042481827632862,77.48233670459796,3672.322291250566,0.6402135969507202,8.00941669534899,0.13276777087494335,20.0,25.577713112536685,11.279409173070707,43.923195086964974
13.136082089942933,77.50342308038182,3119.3727487071055,1.0662461255173286,25.914271541101538,0.18806272512928945,20.0,22.777809709527176,8.438527252181418,59.31149901173576
12.937724621043909,77.59228509204725,4660.456173926175,0.07462286093709694,32.90295648890087,0.03395438260738248,20.0,24.237236266324757,6.978113771889709,54.44647392717855
13.04318168684831,77.69909522608566,3733.382845262911,0.09459005410212892,1.8158936140818014,0.1266617154737089,61.49381363915268,80.26264286609629,20.946087287775796,32.259469086072436
12.916531850976956,77.47276572548128,3662.984985711575,0.15287062990981762,14.857996026755995,0.13370150142884252,20.0,27.348002911394413,14.721205388066611,48.19461617374676
12.92288924679186,77.54655785742409,4315.837377417592,0.11059466826864614,7.662674789006996,0.06841626225824081,20.0,21.312436259617275,5.298218456904885,55.837694368127906
13.103055678475105,77.53747223430854,3566.6759955875787,0.07836578344987863,9.076894666505446,0.14333240044124212,20.0,41.45477743719638,25.40270896157541,52.001911167035594
12.808086395587749,77.79545089968818,2410.062110137839,0.7160751779268366,2.843237056327488,0.25899378898621606,41.489098782771414,43.40776515523559,16.378289505206673,42.81252545463749
12.930055421881962,77.73879986535601,3499.3483702171707,0.9091752910540929,19.043495390781707,0.15006516297828296,20.0,17.632563770611917,5.729576924273286,48.41960125298109
13.141420053868547,77.46279978572426,2850.3454421919873,0.13098405578936873,9.562376120245595,0.21496545578080126,20.0,31.201674382073683,7.9718253702896416,54.67485179012549
12.929164420759664,77.70216185435986,3843.698529846381,0.06215577150944292,17.45350574097892,0.1156301470153619,20.0,13.211490386714104,5.0,50.112244598527134
13.144999168050848,77.65424252510797,3166.301489285069,0.23867155738277684,3.8453071025009775,0.18336985107149315,48.02164790703873,59.31540923485081,24.81864553013285,30.149055087321933
12.801620598054486,77.53481918705148,3198.146990386272,1.1828130922092075,6.051115401645563,0.18018530096137278,20.0,20.87782580914028,9.2902147141766,57.85025448735056
12.80657406336426,77.64302252571902,3280.165683575531,0.17547031747409308,1.2185822470544476,0.17198343164244687,89.26893809031354,106.65170862944079,27.716105056944073,22.872343478944394
13.063732537322576,77.62973531162159,4013.9526098487063,2.7193758348332837,16.286619315263046,0.09860473901512938,20.0,15.934143225282254,15.97440744200873,47.261726988563765
13.142508253760989,77.51202603255318,3101.893277406702,0.2299955542739351,18.79817204345038,0.1898106722593298,20.0,33.990723528538666,15.347916338974509,54.58404447941941
12.909708713847813,77.70216651423004,3758.9888684957677,0.6241212725077873,3.8619103796950425,0.1241011131504232,43.80942719265916,59.137757876562766,10.643619634114428,28.196179575666996
12.881314145997928,77.67388632606126,3798.423663133435,0.37274946437661755,10.818481116282918,0.12015763368665648,20.0,32.57256536661731,12.529359652333104,51.971278463905065
12.96061188293715,77.68603339534937,4079.087164727245,0.3154103768511494,25.265163515879866,0.09209128352727547,20.0,17.17953027186209,8.787166592154133,45.31101687822286
12.914885471872276,77.41398657262378,3106.913952052526,0.26758314929633015,14.012884957653666,0.18930860479474743,20.0,17.12164806657721,5.0,43.52488637020713
13.138452661613483,77.54028839861617,3245.304563966173,1.515974308738228,10.765493860114969,0.17546954360338265,20.0,31.521329079821168,11.965121807501182,46.818598251373984
12.898237475930669,77.53680068365202,4066.0395667846897,0.46046271831141095,9.044963555396722,0.09339604332153104,20.0,20.318923349392986,7.6439923046458045,49.29320911442024
12.98848808898606,77.47789270511942,3820.7714289441337,0.31447674483427834,15.976334499028805,0.11792285710558664,20.0,32.816564605124604,14.94315183488397,49.1954163667259
12.909533340797223,77.5007692459603,3874.989751679902,0.3924717036188264,14.29388339743249,0.11250102483200984,20.0,21.098244606020934,5.0,47.35278778156452
13.008346535246755,77.50641710248597,4044.67119447747,0.48324427392341035,20.119281895092097,0.09553288055225297,20.0,31.825951266852254,5.0,58.42018813715664
13.064448549388075,77.4559273527038,3331.13942369031,0.8251778004513535,13.752898560660224,0.16688605763096898,20.0,31.92765143644376,6.647117558934478,50.59493210697503
13.099739170103543,77.53649196878753,3593.010653692998,0.3950998173111477,7.486501500479219,0.14069893463070018,20.0,22.84755217948259,5.0,52.85899061707558
12.87366858221235,77.59008940744404,4019.6476125848794,0.6196931978349196,20.17234491430788,0.09803523874151204,20.0,32.79325383020052,19.130738207186837,55.781795602798134
13.01201845882971,77.65996959145554,4231.440613795359,0.2465195649676319,22.22326086110962,0.07685593862046405,20.0,30.41238977684045,11.328680373742905,53.115892432154766
13.081462032142138,77.62652874728391,3855.9234724232792,0.06518519656605055,8.626332543942022,0.1144076527576721,20.0,26.198127580445654,5.0,53.42839138561234
13.023418176678135,77.7373460093487,3481.3971348892737,0.1994959606476686,17.911476667786417,0.1518602865110726,20.0,20.031198551222126,11.213627265682428,46.31219512921094
12.953125557600877,77.62293628554721,4661.732339622652,0.46000574572748304,5.362473926765773,0.033826766037734816,23.35835267343097,10.0,6.202427818344814,54.65209714417607
12.964250604703919,77.77955765067281,3148.9639076013455,1.883510290642809,3.9813843700162637,0.18510360923986544,20.0,39.10129325879391,13.560626576921472,57.757058849602984
12.900022718348017,77.4596552964337,3472.473232009168,0.4845366693716817,10.007979081102334,0.1527526767990832,20.0,28.168795120036496,11.248094182055421,55.41881655130487
12.984664841931759,77.61110168991348,4789.525330573354,1.2722147346989436,4.890848306397747,0.021047466942664596,20.0,28.128866433813485,12.629779712093733,50.636489418629665
12.894509614855542,77.52918960229304,3988.9882488366893,1.2361022959464227,13.838669816885785,0.10110117511633106,20.0,24.231941152268107,15.000494158781262,47.36963663349838
13.001863440389075,77.40965556520679,3125.958383995631,0.1091909153497758,7.545328931877262,0.1874041616004369,20.0,18.290596005073404,5.0,50.65738711248334
12.975977099101652,77.52079204819847,4260.623725990467,0.1453633069396861,7.2883128664219985,0.07393762740095323,20.0,20.36405665073621,8.348013223607314,51.251808841684756
13.03738197482407,77.74553520129058,3353.527917018261,1.0319988376714224,10.195574249345123,0.1646472082981739,20.0,24.06738545307093,5.0,49.44004042682609
13.089934559069642,77.59228293614639,3816.427583326305,0.11565753713199234,16.038973445726583,0.1183572416673695,20.0,10.0,10.67183507099143,36.29291469585414
13.170506926216555,77.53969239408526,2936.536637490117,0.20031590905784324,10.092937165085717,0.20634633625098833,20.0,11.148135701442504,8.167596986392939,48.50699920228302
13.156888060669237,77.72856937119175,2713.5298417849294,0.7062902795230509,5.3182723249036155,0.22864701582150707,20.0,29.196797005159773,8.337900289480018,50.93841567517318
12.84912593664287,77.61289204602075,3761.674713864271,0.5899555981442131,18.559997691986183,0.12383252861357291,20.0,13.93967836966638,7.468622837369589,53.21045680994921
12.836934131816509,77.62545719774535,3618.4406380358105,0.12977072555803015,10.401348658180588,0.13815593619641897,20.0,30.43638951907203,7.172924262660295,49.070108264583475
12.934313499897334,77.64518583687514,4371.5725990804685,0.06936920341700775,12.613396438646312,0.06284274009195315,20.0,14.182579667332,5.0,43.99875334414952
13.058268987654314,77.49393692023955,3671.6713867463914,0.667554177777316,5.194534038292705,0.13283286132536087,20.0,37.4729690018783,11.362129546158819,54.111804695574406
12.936757224234732,77.77440596356782,3168.4923271364805,0.10766428874433463,3.7269778458457044,0.18315076728635196,51.86229584821447,54.80943407982619,13.682742802338797,37.241342829532286
13.047291243938457,77.59200998805666,4242.644563575496,0.04140201004196114,23.784732858348974,0.07573554364245037,20.0,29.259138012878015,7.939466728275905,53.96332533420042
13.016948412114692,77.60120340991185,4541.73331958479,0.0923254615023072,7.316808509618868,0.04582666804152108,20.0,39.340916219339675,5.0,46.90923865859085
12.853348381063952,77.6391127702553,3736.479834082692,0.8415742829135129,6.9102975609501405,0.12635201659173081,20.0,21.748005708167945,5.0,48.24225762097809
12.806691615840602,77.71228368010838,2974.0625940094706,0.32564532184096895,1.4154139020492462,0.20259374059905294,61.7154994514282,85.16422209502652,31.595279368889862,28.443848888143183
13.045104736449387,77.460138489189,3467.588691960651,0.23075926276738112,7.84851215301804,0.15324113080393492,20.0,18.955369164529333,5.0,44.623352976402
12.849510333410402,77.70959103667464,3322.834975219572,0.43906340747640354,9.823141104643728,0.1677165024780428,20.0,23.175532947329543,13.176848130765077,52.614370099273486
13.090493433994919,77.57312186599609,3791.8212513293392,0.24628724339026695,15.09898389995865,0.12081787486706608,20.0,24.61424893876613,5.0,45.47290374413281
12.862253927321182,77.51808451702293,3665.4145682836197,0.13367743427821122,9.934280336923726,0.13345854317163805,20.0,15.463519533857966,9.32315607802868,50.154978848279534
13.02678514689909,77.64837051951402,4229.502160477948,0.23097065299790578,6.212162004827389,0.07704978395220523,23.67829899651798,24.89771429518589,7.026327144588645,45.6847795572369
13.123925040088498,77.66705786511557,3313.1965124808416,0.6947163795327491,1.5829366439792185,0.16868034875191584,59.60603290069308,93.64454298479383,33.234171591769105,30.669738325766346
13.076496481027455,77.59686068289233,3950.7916117813984,0.16709568751700843,2.6651623561436355,0.1049208388218602,39.39415288825576,42.22606131247307,17.797489429994748,47.56308970202471
13.02522193862121,77.64427031550157,4269.079173677311,0.2783000521339118,32.54794513076757,0.07309208263226892,20.0,16.840532606156227,10.000182495633595,48.47380863873799
12.944575193940638,77.56428696403431,4593.8940665290165,0.6595303680599086,17.030593328586765,0.04061059334709835,20.0,30.008946882910976,9.216024044098642,54.42469240596881
13.015544794079464,77.64085274311492,4361.99834072777,0.9841659570454312,5.947470550601313,0.06380016592722303,20.0,10.97581801195865,5.843644121963417,50.59962860771616
12.82022196174919,77.65662572883753,3364.075139179983,0.9356666542606177,14.080372848765114,0.1635924860820017,20.0,10.0,5.0,52.26738202322034
12.842711824403288,77.69413804387986,3371.5042527510873,0.580849281132741,7.212891197346757,0.16284957472489128,20.0,14.549931708283033,5.0,61.23871453758216
12.887764159886784,77.57567158161264,4140.538941537439,0.2970639985233939,12.958452529711971,0.08594610584625607,20.0,20.386646133084547,5.994154627446148,60.89602555954385
13.08438563399797,77.45456371224495,3201.924330720766,0.17057295066648032,6.643066218931558,0.17980756692792338,20.0,23.666469170903266,5.0,51.612059277047614
12.982988153484255,77.52997097588656,4343.753034472766,0.14230520878508832,17.84674754219535,0.06562469655272347,20.0,14.855835978877899,5.243246154464321,46.84034140822779
12.865152469223478,77.5062259341604,3616.488080230566,0.41552021039933595,8.930492323968913,0.13835119197694337,20.0,16.229635147958305,5.0,50.625632143294325
13.088582803149812,77.40954925167361,2810.736295259422,0.7567164605146064,9.727808549901278,0.2189263704740578,20.0,28.82843231284735,10.512237044529888,51.92706461056784
12.978740201681545,77.41952584822586,3247.803061882374,0.1666093125322768,11.257510497979858,0.1752196938117626,20.0,33.24214692914665,8.30027698658597,48.866688985019444
12.905807031723148,77.41828614113979,3118.104904601279,0.18838198146343943,3.070767952313838,0.1881895095398721,48.3889655310832,59.48276876310116,12.26765936128647,35.89186486448664
12.991217316528731,77.7085884832012,3843.3577298793707,0.41971794833216775,3.9825508418881914,0.11566422701206296,38.00051626643069,28.58180607455418,9.037347092436653,31.31983985071053
13.005225614925187,77.5861726538935,4653.344242584129,0.7029160557307349,4.7491159427199925,0.034665575741587164,21.3673900542828,43.27957038571214,12.839389677470265,46.6191746655617
12.969973949041215,77.70036508241249,3942.224187294813,0.20976895548725372,14.613082526071043,0.10577758127051871,20.0,23.43607943433585,7.673869011110178,38.614484899187744
12.840464354399405,77.45761133372235,3103.6231325073313,0.478164987919173,24.222255584260605,0.18963768674926687,20.0,18.65727531655898,5.0,57.50038821051692
13.007478690492754,77.6975690688545,3909.5913806173967,0.4699705804245453,12.271902315866903,0.10904086193826036,20.0,19.470429104619246,9.218245090592083,49.3398399479264
12.828450198051982,77.67570422418432,3354.710937911013,1.3275629488225582,4.72595184799096,0.1645289062088987,20.0,24.805704675003295,5.50762628753581,54.775632619495376
12.892674912711302,77.50813026511418,3829.2658519222446,0.41983281646111376,7.467013462604793,0.11707341480777554,20.0,21.90339987302271,5.0,52.76089277528682
12.97083248672268,77.50943409529502,4148.306369587721,0.2947769542431112,12.643471991251188,0.08516936304122792,20.0,10.0,6.084844197282913,42.94931012491259
12.9917133028375,77.73469614830279,3584.6740403599647,0.7316566721020455,29.17013679392275,0.14153259596400353,20.0,30.171836136035296,6.645967703663018,53.794387715902985
13.04060412516554,77.54413851960592,4145.135666118695,0.20902261159509583,19.068040305886726,0.08548643338813054,20.0,19.69668557699722,5.0,55.03282318998244
13.192640466524432,77.69785009007616,2560.338774705114,0.27482419128857705,2.160056445635057,0.2439661225294886,59.05379099081262,65.55080112266566,21.691666537954283,39.21442565465009
13.161956856703082,77.71016258701988,2773.10879447143,0.6760771151575656,5.549827908399636,0.222689120552857,20.0,23.49664364938543,9.147539925716394,52.08934078069373
12.839511877397126,77.55699542180652,3626.632735432298,2.3716539544233237,0.7389778835202339,0.1373367264567702,58.108176884348225,72.1154389905123,25.44553961314832,24.19038053675688
12.82063812454117,77.72484564731411,3006.17411777458,0.2961176942579921,5.207009281133043,0.19938258822254204,22.873611322724756,27.133763940456177,9.750672579110926,53.09365745752043
13.012547805071385,77.75161613919181,3377.323485507165,0.31117542986468266,15.596679287089874,0.16226765144928348,20.0,25.50117967359823,5.9771181089097265,47.74767750063573
12.989465085274656,77.4698977789548,3740.245849164371,0.07206115400698353,10.742747333027241,0.12597541508356289,20.0,23.045805480876652,13.66601175240547,47.13119360811466
13.025104414590809,77.74488032114328,3404.791634185869,0.4836795710673194,9.314521781191395,0.15952083658141308,20.0,23.56633900451664,5.737056644498263,51.523573758751404
12.930306545068504,77.66263586710019,4204.133891144082,0.3755070361296872,12.178996258117552,0.07958661088559182,20.0,26.316888209552502,5.57046200740686,51.96673258013221
12.84864173576937,77.69724109616773,3398.3155939723074,0.9335142295890754,3.6089615833159816,0.16016844060276927,35.52490737177827,53.00130244527518,10.885846529681395,47.18410347361199
12.990432258699373,77.49151577932876,3952.096830851439,0.25678962463547544,5.587005394873916,0.10479031691485612,23.190806427231436,13.574376866767972,5.0,51.389501439517815
12.948675087519453,77.40370691285257,3077.3528058190977,0.1595983002205958,10.75934455744995,0.19226471941809023,20.0,21.179252902566883,12.490795957509672,43.41940023140023
12.982746933567345,77.56897339943048,4720.5403813241155,0.36673091247251755,5.000608331399283,0.027945961867588458,28.889016119612357,42.04069443664429,16.479446332906154,49.72767922283538
13.036874745942063,77.48154331189443,3694.526630558802,0.5035297859465575,12.633286980971972,0.13054733694411982,20.0,22.881199009308187,11.112269040154253,52.083105930353774
12.872002958043732,77.48819749425475,3542.568560950225,0.3131240742329517,6.27132568224331,0.14574314390497747,21.739295883792025,23.62147550269245,15.676393041620447,53.41335629074724
12.908557688790518,77.45945121536437,3508.707708357557,0.944302279349234,11.46368345617629,0.14912922916424431,20.0,36.6677451774029,6.884553105771312,55.78738563543331
13.070844049225698,77.61549459861885,3985.8025065030142,1.396075474727659,5.709475352653637,0.10141974934969859,20.0,29.795093156370122,19.062920993558265,44.22788024880047
13.100984975187108,77.67696597573122,3466.2260348302725,0.51683816860223,10.462461574921852,0.15337739651697274,20.0,28.542549935872138,5.8319852133840335,47.331508395828926
13.010600099131395,77.73438078076668,3548.804823464374,0.6701725047561261,8.794193058334454,0.1451195176535626,20.0,27.85689164861499,10.778826001948424,47.59044516809519
12.971847757569867,77.73615274547058,3584.4703770647784,0.7610837671483026,8.5543940987014,0.14155296229352216,20.0,53.25280375148493,14.392085750518994,54.94461007383947
12.821496482548778,77.48398703899768,3135.4278481933243,0.6556732578390809,7.626325784863761,0.18645721518066755,20.0,14.509863686594102,9.305227833212147,46.09257394407309
13.058586409189695,77.77742857490186,2975.329083916036,0.6408494793528391,5.055282173943924,0.2024670916083964,24.295480081373476,22.416355320051633,10.591237669833495,43.47516743708779
12.973992298513156,77.60776201624036,4866.22340874148,0.22260863627655259,10.467187284411354,0.013377659125852013,20.0,20.886968924896646,5.412259331697159,59.27967956766982
13.098516733504583,77.76415299943972,2882.0746740624277,0.23105874379325295,3.454257154743863,0.21179253259375724,34.771204519976514,38.1224302363716,6.8621960462086635,46.23988201558845
12.917583827411844,77.47912311446395,3725.1408707554992,0.14080472403739694,9.13621715854952,0.12748591292445008,20.0,21.360445504376816,10.64470077987108,55.09087221419173
12.972651901902166,77.57469188743693,4800.641166878477,0.11715970702743504,31.047404988685333,0.019935883312152288,20.0,16.304974434815332,9.707154140770594,45.01562940423554
13.064964106929166,77.63865217849394,3967.6506941571206,0.34319657307284357,18.586450816192922,0.10323493058428791,20.0,20.319109382529245,6.701029627127088,53.41457072286962
12.83823610617199,77.51148455994353,3428.56420580572,0.6180571284637582,10.638481901335226,0.15714357941942797,20.0,12.643135081909957,7.275355364156905,52.28867021284854
12.890213613361125,77.60963378443543,4172.367315496567,1.364616022399039,16.130992948751956,0.08276326845034328,20.0,10.0,5.0,53.449622529814064
13.01447415103855,77.48269892469561,3801.6660114327588,0.4219128252988499,17.43678659795896,0.11983339885672412,20.0,15.662827214712689,5.0,45.9254082843251
12.935113531506136,77.48681794472752,3862.0969363819377,0.11690983868773325,13.049012390236586,0.11379030636180622,20.0,23.984140737266074,5.0,53.432716075881814
12.87794717761101,77.54321680001206,3931.7732271458262,0.4674131077555632,2.6054242159198044,0.10682267728541738,43.28765800772476,45.521975613150104,16.716335520177747,34.16872646142789
12.966733815668102,77.73591519746293,3586.010439078883,0.48863936734532004,24.070898409345805,0.14139895609211173,20.0,10.0,5.0,45.53555836545384
13.198818064802051,77.67000079484954,2605.979765408578,1.9838879396965148,3.345720740248166,0.23940202345914222,25.018653485987613,34.48136403125166,14.57476735894868,43.321179831672296
12.984734145998969,77.74847973608527,3455.6075962115274,0.528312842432908,6.60278932279156,0.15443924037884726,20.0,15.827963963372788,5.0,50.53209661372356
12.992604173333884,77.67366793873367,4181.89766941833,0.1717357565775804,24.228693000993964,0.08181023305816697,20.0,16.66868075275174,5.0,49.35900928946357
13.020601774746455,77.63259961401599,4379.907700929429,0.14450388118578839,7.855742985989594,0.06200922990705713,20.0,25.63845807974814,10.95401050506796,52.64849992977537
13.109682637880937,77.62865240029986,3577.8051873832665,0.4143976327677066,8.695826647918716,0.14221948126167333,20.0,24.97307817443308,5.141093054520731,47.481139267119715
13.10691757449673,77.45004945613286,3019.9569272370836,0.4219121576134034,4.4080170424489715,0.19800430727629165,24.86546432791227,37.56017501001706,5.8530699639785055,41.488403432258984
13.064513714540285,77.5116103729052,3754.1975856899285,0.7494864586357332,2.5395060052097373,0.12458024143100715,44.83983893241577,44.63057314028362,9.444764265407315,27.412823394050108
12.954715642572406,77.56417274230944,4652.020182149797,1.8257505625201587,10.218122528887875,0.03479798178502036,20.0,17.42644658338687,12.224290851182582,54.49263496540739
12.988092280749992,77.74828522459786,3454.3239801293166,0.32724130410180075,15.983219166514841,0.15456760198706831,20.0,29.024213990988486,9.236086315398847,55.47473174493702
13.005293704673434,77.74461148363179,3462.511432366723,0.29512785655600865,18.417783452325487,0.15374885676332772,20.0,31.91023264104335,8.64741462686121,48.599724045317096
13.171704902399728,77.54648679111469,2941.9219442973927,0.3191414878968145,8.739140525191678,0.20580780557026074,20.0,16.049479101905288,12.779735554980874,50.036424861207365
12.911330863556016,77.68262738521935,3933.1734275778836,0.6274987064933576,15.157637535023223,0.10668265724221161,20.0,24.861952777464982,12.889409146684763,46.24244841572602
12.802839851544602,77.48029579035962,2961.730144259598,0.6247688075989047,2.7903401330629265,0.2038269855740402,34.26561865983665,35.64157380280731,19.09497194172856,34.46619120847484
12.919305121885655,77.71243230037047,3710.845033070499,0.2801086837619718,9.60380755520161,0.1289154966929501,20.0,26.749681266612093,6.098141009566416,56.46469981254917
12.834902506473483,77.66972173819147,3440.2089792109973,0.4646849434564989,13.716131243918758,0.15597910207890026,20.0,27.562800497416077,13.70589291740832,48.26097417680082
13.14167710503215,77.60049194680923,3298.208688078368,0.6286647806044765,13.261252411173325,0.1701791311921632,20.0,10.84309109536527,5.0,55.65337398927255
12.86276442775285,77.52128704043409,3687.7510972884184,0.37625932350178926,11.901247106150404,0.13122489027115816,20.0,25.222485531960036,5.0,43.510794500463334
12.862156163866324,77.72347576590107,3309.2334192963594,0.5854358288585372,9.23969425158553,0.16907665807036407,20.0,10.7317286113298,8.999263266041945,41.645936192873656
13.19774660116876,77.6866242403573,2558.4687994309656,0.19316453945187445,2.983005580578583,0.24415312005690346,41.42783399269078,56.94657658011913,15.045011088982772,43.185693827797486
13.049600342101279,77.69062769671348,3762.851185022107,0.11978444846569197,24.415165925008772,0.1237148814977893,20.0,44.78247327281108,22.26016532026823,45.672419663785575
12.926746475176955,77.697372288844,3878.662314764867,0.21441059620736316,5.020643263680097,0.11213376852351327,27.64093620382424,34.94922870384815,16.023970111289138,44.72933917864197
12.9029209275228,77.45414141475715,3436.4965889147334,0.6388516764050469,4.652026978756058,0.15635034110852666,30.47111388288487,43.396629110062065,10.255138666885472,41.67696118023767
13.05551956954045,77.63668989877769,4061.1680804866824,0.7379506942164277,2.3374317761268637,0.09388319195133175,53.09453708860613,70.67634999088452,20.463539258366538,34.53401063406492
12.856390244385304,77.51044390304546,3573.271699186539,0.19157315839722838,8.088849311176029,0.1426728300813461,20.0,18.089703129129084,11.074813603107316,49.457226891870356
12.802971422641866,77.64781716048972,3231.733524821066,2.384444287101767,7.959778062377214,0.1768266475178934,20.0,33.09423296406863,9.341788028071093,52.49395936702188
13.129117679873206,77.4804519814534,3054.7085151383435,0.7793433412495521,7.9614573823176205,0.19452914848616565,20.0,19.664559802565176,10.737592167798532,52.30068502072503
12.947263016921681,77.60941137028749,4715.10257369581,0.24253891029449537,23.65844383747195,0.028489742630419045,20.0,22.79777566465221,5.0,46.95388259868219
13.145592399305576,77.4269745589537,2583.9775766339308,0.8903915755001518,6.24308386578547,0.2416022423366069,20.0,24.883670821036514,5.0,45.89087770686115
12.949297628239377,77.78051128584279,3127.5576914129133,0.9345876740738889,3.2473346709792237,0.1872442308587087,22.19727561846876,29.856351613501968,5.0,59.04913613287128
12.988531814547889,77.48159354906338,3857.321379513225,0.22985686541980824,3.7526112153799187,0.11426786204867746,50.9528324789256,53.968433531322965,16.59797105249367,28.035075796804655
12.98420203221826,77.43481077436088,3397.1460501225183,1.8906621398609078,2.390595884024653,0.1602853949877482,23.774236029473784,11.975846031409418,5.0,47.3886845376125
12.86485327152714,77.42061874480281,2958.815510551568,0.28400018175837816,7.024021678787779,0.2041184489448432,20.0,24.913209230419355,9.66135771553143,53.86577581178813
13.035446076933024,77.66942514924175,4016.3778927460407,0.3960109706823222,14.046852048279774,0.09836221072539594,20.0,19.771816502963283,5.0,55.90977048775768
12.932240496652817,77.5468177266425,4380.942962971291,0.6108178531985125,17.283676699160768,0.06190570370287087,20.0,20.89543537117934,10.007959954983713,60.78237083804093
13.032453429058714,77.53798708075523,4168.846436955312,0.39614131908917083,8.663236722365852,0.08311535630446878,20.0,26.550231249445222,12.999341696896739,52.326360479385755
13.050841328748986,77.53737942304467,4022.585931705214,1.1293969892034914,4.260108947826481,0.09774140682947859,25.111978360221883,51.465634797467295,13.558383398959535,40.08819390610604
13.02253056218184,77.67756533759588,4026.4924547515525,0.1670965749976181,14.093682497213809,0.09735075452484473,20.0,20.169533223024928,5.0,53.561554663352354
13.021257153108046,77.49829112569489,3916.4303379702305,0.18068187532184699,14.301815762954918,0.10835696620297697,20.0,36.13379132599109,17.253707188648423,47.668409714133986
13.01597179031127,77.6059758504272,4541.931691953128,0.5471799105278286,16.186344830401787,0.04580683080468712,20.0,19.084518912547736,5.0,58.43293105182541
13.075673460257597,77.6727912105929,3698.2645989305784,0.9995646884799771,5.764293035184207,0.13017354010694215,20.0,24.208871629990778,5.024775594549466,53.45180312288956
13.0692550787423,77.62681497374012,3971.684924877515,0.5777063202461671,11.240647246343404,0.10283150751224851,20.0,26.43081032671374,5.0,49.56265163485977
13.044615843728325,77.55675843058765,4177.607282926896,0.34473856205954095,5.443527156619789,0.08223927170731037,24.388729800672124,24.958371325076897,5.0,48.64861052943931
12.966605898780275,77.78756456945922,3069.708153838508,0.09919796536733891,10.027314034158723,0.19302918461614918,20.0,30.82708539092871,16.666314155030282,47.69411639816742
12.902064073074332,77.4977167918349,3807.4564512030074,0.40853149651312287,6.050695119925612,0.11925435487969926,23.691104495881582,10.233113614128921,5.0,47.18409532962828
12.977267089969626,77.5280421195605,4332.012922481046,0.8019154973843042,13.461150836875163,0.0667987077518954,20.0,14.198861030891514,5.0,53.49251158222958
12.894639754300742,77.59976635823192,4228.665398450798,2.1351776722136777,10.043693108109258,0.07713346015492019,20.0,27.715639063567995,15.0323649871127,58.40043324669733
12.896075139371307,77.71158955169173,3607.5000977373215,0.5008383028876661,5.54110930538885,0.13924999022626786,28.444587471417755,19.742757413219095,7.074750155192942,42.387295262381826
12.888533661783587,77.60407862398326,4163.946122711008,0.739393616843521,17.85240244459503,0.08360538772889921,20.0,16.999318299806234,5.0,48.370519956139965
13.155900012113408,77.54847922550213,3100.167894121034,0.2308897205397804,1.9352837479184208,0.18998321058789663,64.13704399165375,83.68994953566387,21.834601499180717,25.916313181000238
12.930385206149271,77.61571137407529,4536.928801640082,0.05410506485887458,12.143549160048611,0.046307119835991804,20.0,10.0,12.969333923833926,47.13646002107152
12.913005721308657,77.70508644056939,3749.37843273627,0.0874999723127487,10.348850110472906,0.125062156726373,20.0,18.95336625835192,18.69518081669638,52.56137670788865
12.902952322166367,77.76339346614478,3177.810715509548,0.21927943376911058,0.6167161066358741,0.1822189284490452,78.98838832223647,94.47090371698904,23.883074514334204,23.08383785145915
13.152359407083457,77.55801445391178,3155.753123040843,0.5707918740940572,11.065057625983432,0.18442468769591572,20.0,18.28131161245346,5.0,53.36322556023513
13.071690798829826,77.69394083715362,3589.795407156309,0.6767583642492792,20.709634381591858,0.1410204592843691,20.0,10.622889739348832,11.801363364897709,49.34519008521637
12.829899649007636,77.5037609169359,3316.826554294386,0.14662710613323954,1.886858065716637,0.1683173445705614,54.741508340926686,76.1327279886115,30.85464013119178,31.53655455952558
13.019097523501484,77.65377287878347,4241.22175029213,1.0110987429875151,3.6248506262491884,0.07587782497078692,37.11189822283689,45.51912883759889,5.768693216432803,41.31510835114774
13.066924349251051,77.60943895040559,4035.2758938807483,0.09440277250807318,7.324524706726168,0.09647241061192516,20.0,10.0,5.0,46.16100191628047
12.976361791161796,77.64266052809145,4517.041511566672,0.15378875446643026,1.4058441816211806,0.048295848843332795,72.94386857343252,97.77800500419605,28.375374185896302,25.605310837003373
12.98956735351444,77.63471405443963,4560.458971664964,0.48872422329042914,10.667273773323721,0.04395410283350353,20.0,46.85148572217705,18.858103580715305,44.30229651130155
12.945117543652554,77.6541616399236,4348.163406628388,0.806260186744211,18.621127635071765,0.06518365933716122,20.0,34.14944514367319,13.067624037485325,47.799511414187144
12.934223415515557,77.40703197765387,3087.442234217224,0.39534371567563903,3.0485985880133923,0.1912557765782776,46.8904513352154,61.80730061159075,24.82594267121014,41.724653418875405
12.892310492762244,77.59746071011305,4206.589033327795,0.33544241589020096,11.508771765217592,0.0793410966672205,20.0,26.27543820831695,14.121185279027994,51.883472143921246
12.944846799051595,77.77854520184066,3141.1947105415793,0.09458442491997263,11.995311617606264,0.18588052894584206,20.0,14.542618796277814,6.50664658956105,48.1561622734741
13.012242827833823,77.6583736401358,4243.764809698651,1.6403618104276285,15.653468292401191,0.07562351903013485,20.0,31.675139022007116,15.529266553735539,39.19096068093287
13.043439086175367,77.6046957956989,4274.549836769909,0.23254666261727175,7.982243189276452,0.07254501632300908,20.0,22.445946843572422,5.5337720407527575,52.89782147232107
12.859828452603749,77.69768843219421,3479.4703666283467,1.8135648890943552,13.113257851849612,0.1520529633371653,20.0,10.0,5.0,48.70266980519895
13.132828582359542,77.41480593111285,2585.0349282719662,1.3448930740426401,7.2335718719516136,0.24149650717280335,20.0,31.32162891905402,13.887554560685903,43.159160346545164
13.123592974734702,77.56820325028148,3457.318802720225,0.42206612906368157,2.9663404352797693,0.1542681197279775,35.2777099083978,26.920289357206222,8.473203554309938,41.761896629380125
12.86874514294929,77.53605519080273,3816.5044865793943,0.42158263092576603,8.325721094457696,0.1183495513420606,20.0,10.0,5.0,47.84181782957031
13.113543987024439,77.69586227612183,3256.3789397415608,1.943710891769175,10.898562960300842,0.17436210602584393,20.0,20.608939272899125,8.645842159629606,46.120063137895905
12.968665974659121,77.60848841288914,4858.050531075215,0.14774906782787045,16.815096874562084,0.014194946892478503,20.0,14.629297156406693,5.0,50.79555983080153
13.111674082734105,77.70667207242299,3206.0964889107177,0.2650570474004352,8.913451760894684,0.17939035110892823,20.0,27.119850711831045,7.1067945457242265,50.61378910704679
12.886557517518439,77.49628962155137,3700.1094531715494,0.7244324258694967,8.184097573626154,0.12998905468284505,20.0,10.0,5.0,49.671713863914526
13.048898046592459,77.50575783558887,3822.378745764805,0.0789024155582217,9.710177078907162,0.1177621254235195,20.0,26.571629441701617,9.69070997140449,51.22863142179295
13.163883537191023,77.71516614841208,2730.437160649322,0.4029783150854988,1.133618395237079,0.2269562839350678,65.71834509260913,94.05207997493503,34.25852853769556,25.95476114867995
12.81185088540181,77.44992404101059,2844.752619200962,0.6960170617287456,15.276960073242888,0.2155247380799038,20.0,16.172407323806198,5.0,49.9334800309519
12.983204452051044,77.63550408483235,4574.816808495803,0.23629116292091978,2.3515528715033938,0.04251831915041964,59.67293325201024,53.51720957558547,19.712577978668634,35.10631203655394
12.870267193906274,77.71538469094503,3423.3808590050976,0.9926553275915684,10.997092250771013,0.15766191409949024,20.0,33.24149881161815,5.0,46.335474102685346
13.193088974673989,77.72703336938474,2419.3806319270893,0.8287930734400122,8.390939950691694,0.25806193680729106,20.0,25.048526904411062,9.772083614880286,48.680078515413946
12.935114117790906,77.49604157039816,3949.048828624459,0.23151089609982878,10.477946228208033,0.10509511713755411,20.0,10.707689454696277,5.0,47.26447035617855
13.11638385633,77.63815064528625,3488.0799042729063,0.14947961214784322,3.3596231962778624,0.15119200957270937,38.363829563375894,51.030348181299956,18.486409688999707,43.76796808894277
13.01114292565206,77.43160331953898,3322.7534227062406,0.11551671959747398,8.371957022630363,0.16772465772937592,20.0,11.135089136879216,5.0,57.258286507593695
12.929951784854252,77.53152887202305,4244.186464191603,0.5297661598210581,16.6326040690726,0.0755813535808397,20.0,17.124967148622215,8.559293392622902,52.452349472250525
12.954972723447709,77.50438363082854,4082.641858812648,0.15219659668687774,6.661976611576199,0.09173581411873521,22.361608442180966,34.44531091399481,13.590393519242966,50.0125716852852
12.9650563201258,77.76606981605192,3284.0536848963793,0.19257986628920643,9.401136032602803,0.17159463151036206,20.0,14.742359603493021,5.0,60.19991911084263
13.118574838559205,77.60738456776033,3524.701781254963,0.22473071644912213,14.02441418156676,0.14752982187450372,20.0,23.91616551970137,5.459612562690146,50.36039520046176
12.847230472470443,77.52744884510653,3586.597828590474,0.4244184819521385,5.261495578066591,0.1413402171409526,20.0,19.6387239267994,8.609901448953025,40.35079783135417
13.115954059983324,77.58438939990972,3552.852772249058,1.6782321639544087,12.472433162656966,0.14471472277509417,20.0,10.0,5.0,48.496458110729996
13.174974270587992,77.62568669927013,2942.6357442419385,0.33740111453593674,6.855582843820724,0.20573642557580615,20.0,30.32818165736924,18.024253178927722,42.21950211533025
12.983644134239544,77.708541633656,3854.2357550622514,0.0667215356156402,4.614351716675136,0.11457642449377485,35.20422856052973,32.828214509689644,18.621327340722193,35.2022732726932
12.953417292391824,77.6206198498503,4682.566000214756,0.8345206564816027,3.865929968801903,0.031743399978524434,50.10490536515461,56.18563901576777,14.149892978604946,41.1647726606712
13.180293767959474,77.50059131436626,2711.098041424537,1.079673020297353,0.6151427507660749,0.2288901958575463,70.67042293651443,92.60774342684574,28.471833608602562,24.233106358744024
12.991607526272988,77.46661610288636,3704.616696573623,1.3788601065460746,4.328826793379324,0.12953833034263773,20.27124660494654,22.67851639735613,5.0,56.912343907884825
13.097497496304182,77.46792059336713,3214.0030335826827,0.27075022263123594,9.653504275989418,0.17859969664173173,20.0,25.670465533765636,5.0,50.33320001084212
13.007833519130807,77.78467529556323,3065.019744492134,0.21639976164674052,5.921818127847055,0.19349802555078657,20.0,21.368996151496326,5.795709460815318,52.91439864738854
12.846073672632691,77.50858677293492,3478.3188871358752,0.22483576797824495,9.530520653322206,0.15216811128641244,20.0,29.475460900496962,12.960394699838744,59.382967333943995
12.984067852449229,77.49972726878345,4043.115342730153,0.31932605658366836,18.459354256821467,0.09568846572698471,20.0,30.752148653262328,5.0,48.93333541899459
12.800681413317118,77.44352328289897,2718.830612959663,0.30282650445068426,5.681305960109641,0.22811693870403368,20.0,13.613218334960507,8.287758447173921,52.54075280838233
13.033957068024936,77.70020477046621,3773.5917695201015,0.825129855660964,10.155973368776067,0.12264082304798983,20.0,32.39443217156346,8.142532865480794,49.62981496867702
13.104571334251514,77.7735791336715,2770.3160308593115,0.11274016200263122,4.287046314923567,0.22296839691406886,20.0,29.070833628304307,5.0,47.097342795768476
12.906519106651288,77.54195087876009,4162.894711138369,0.25925844341594856,14.08226799532129,0.08371052888616314,20.0,10.12826708059239,5.0,55.016522707377405
12.97601550361136,77.5332047167649,4384.461416671536,2.965471854610408,7.092477983326078,0.06155385833284633,20.0,36.48711718807028,13.172472398692896,46.82679477886756
12.851510198226467,77.58268685582529,3793.207412430208,0.8407879677915165,3.3997609554417103,0.12067925875697923,28.825551502124796,38.20103600099737,19.349551466486645,51.1983732186391
12.896103751581771,77.44559859305069,3329.6376800795324,0.33183031288998904,20.675340705135866,0.16703623199204679,20.0,29.090683899290028,6.771920885122361,48.964494471683764
12.993335890150966,77.4727680746377,3762.4432555175463,1.6763638835267758,5.506542097011096,0.12375567444824537,20.0,31.17022895077083,5.0,50.3951668850976
12.91357842487068,77.42038166682181,3163.7393759089164,0.8041197606940268,14.47566135225111,0.18362606240910836,20.0,23.36195442272556,6.022017559887341,52.196500183694624
13.082648177927307,77.46190830445462,3269.717251785668,0.770424942347383,12.065790544002569,0.1730282748214332,20.0,37.22283941335467,9.54986899956361,51.35296867880529
12.844018578774124,77.55886181390693,3675.075964923368,1.0602665830955855,7.1991951905548595,0.13249240350766325,20.0,14.016346936507253,5.0,45.38663611703266
13.071215824926487,77.62046155115733,3970.819141061798,0.7232166720434265,3.4717826000788192,0.10291808589382022,24.20493160018394,41.040704699462324,7.543004353972585,44.38338030647751
12.815276043992526,77.61169611583878,3427.439781801667,0.6357028890205462,13.478801436699214,0.15725602181983334,20.0,18.897593782286716,5.0,49.43584005844261
13.026408772869457,77.41350020047402,3107.8811091317157,0.5430103795918628,9.578207392803273,0.1892118890868284,20.0,19.20375715487544,10.581188903368707,45.18823834993672
12.860233271043125,77.60639189389498,3880.1072783438294,0.4106822593321323,6.908644029187442,0.11198927216561709,20.0,29.896034016824476,13.304913686504793,53.4861294561633
12.996513580889996,77.46953594804015,3724.7861510562534,0.299495198192455,9.26550970971959,0.12752138489437467,20.0,14.158272182874558,5.0,46.86743334207566
13.021885036005962,77.50611660809507,3982.262534387072,0.5010721777270292,3.944376566821985,0.10177374656129282,42.3432203659275,52.95468573955878,19.058365617418097,35.405667989792676
12.940453324255477,77.57349579449267,4623.768302766767,0.47347321824218647,21.93057951982888,0.0376231697233233,20.0,23.880990302071066,18.571485316505957,53.29492366737103
13.063886789348055,77.53664785592592,3910.2613849663257,0.06682188466356817,0.8636292940788104,0.10897386150336741,63.78353407921136,73.20269626714067,24.15263456678665,28.092245368159976
13.021881236304882,77.76498114155224,3223.5446495621654,0.18111997404204533,14.762053004899487,0.17764553504378344,20.0,10.0,5.0,49.255795656155776
12.907422450180881,77.48403619477563,3721.5981489970113,1.934086135803073,14.067743037188214,0.12784018510029888,20.0,17.978158712202816,5.0,56.76140541461193
12.972273444685014,77.79102783597008,3035.710095947289,0.920973773897515,16.469171894186886,0.19642899040527106,20.0,16.383305184776056,6.332657634976671,47.38346216687972
12.97312893729595,77.51078639053294,4161.724461698222,0.3772980519486205,12.740166672463209,0.08382755383017781,20.0,20.62711513783533,6.95328350288641,58.42612059601809
13.008078255640402,77.69506109384935,3931.2112223655304,0.17250240253189686,12.019950623113532,0.10687887776344698,20.0,14.645992555548073,5.0,49.09138752743814
12.918464553064027,77.44729873798714,3434.080541289977,0.6925211224542007,9.734598814687484,0.15659194587100228,20.0,35.565368631926155,5.0,59.63595006108222
13.015117136419544,77.74064474447576,3476.0968353879257,0.25123770792752176,15.166536741129898,0.15239031646120743,20.0,21.958784151863924,5.0,53.42853013240742
12.874469842203945,77.68295455330309,3686.9579350654685,0.5063502855299565,27.68429015366821,0.13130420649345312,20.0,25.384057248073084,6.771386751320881,57.58886391968926
13.137874387576568,77.54553269853626,3266.3687809428475,0.6973130025241154,10.954714089844261,0.17336312190571523,20.0,34.944732128436506,6.64823200478686,46.65927410116173
13.097534096833089,77.55147517407144,3668.867123216691,1.4387675911461775,11.858146894257978,0.1331132876783309,20.0,25.400895454261583,10.059782325155389,48.02510428721668
13.027631015357155,77.5953098728449,4439.644880329482,0.0905336271633973,3.774905721768479,0.05603551196705186,48.02851651122482,65.58273816835266,15.749686449495671,25.47179718341265
13.024819992162108,77.48498242489327,3781.4606966530264,1.7215546191062507,2.5755014597618757,0.12185393033469735,49.135769936242795,63.99902331017061,21.090723952870228,34.9601055318618
13.116387817356935,77.76394317737208,2771.9824108086923,0.24341901931166837,0.760700613968845,0.2228017589191308,81.13071069145721,89.39217738083646,30.727173474304106,25.718270663488198
12.816895577353812,77.76587952654256,2691.9676215673435,0.45756373890343593,3.409444091321472,0.23080323784326567,38.928083307507,57.64754548677702,19.584329351757138,49.239858930321056
13.031826535990586,77.64902927816213,4188.225280100689,0.17308637557114845,5.121198041378128,0.08117747198993107,28.044102654551857,46.53788580043417,11.19336325549641,43.937407485193205
13.060026163373589,77.4124644710603,2975.3386142093914,0.25533395645619217,11.350340844249445,0.20246613857906087,20.0,19.443301950486205,5.0,53.37013377634417
12.94446380719414,77.49244407924266,3943.0134766338388,0.7152718947879887,4.970928075384388,0.10569865233661614,20.0,14.59090989390278,5.0,59.721651579073864
12.83527197501809,77.68005118688279,3391.0489213420315,1.3246781381152422,4.284479205331472,0.16089510786579683,20.0,19.64681298434363,8.24463730925093,49.442760920609075
12.960603532682878,77.65426174481703,4393.333197869742,0.32857296524800556,5.1569364352329305,0.06066668021302575,27.644863148134725,34.81119197857029,8.666498785920089,47.148334800830625
12.96957690239279,77.74901472410868,3455.7202343653244,1.1887354392836873,2.2811941994003906,0.15442797656346754,52.17193252186393,55.08690281475016,13.867981162117319,32.89642175047761
13.013400268429649,77.54892720777354,4380.866218774037,0.47961326454269443,9.758402222419278,0.061913378122596306,20.0,33.45326391661032,21.654924598192594,47.71348084228576
13.105426920291164,77.58169991655637,3655.527733738257,1.807056716570997,16.429440559382932,0.13444722662617428,20.0,31.76963359991937,21.61013901539398,54.38247725076026
12.960671764038644,77.70927919008918,3848.0128915332125,0.6672515495950297,10.911006200489444,0.11519871084667874,20.0,20.882466609656582,5.0,46.94556103964567
12.985171827103178,77.52597640932571,4300.472181543053,0.34522231634413436,7.522450240666382,0.06995278184569473,20.0,32.9881902183678,5.0,54.178114222760755
12.85958150284941,77.46404937809231,3279.7788344413175,0.5790980070269792,9.993020821855142,0.17202211655586824,20.0,40.740882465549134,15.277181484908372,51.9493272726747
13.113248366468017,77.73065747283583,3035.9252652322457,2.214526510534088,17.364503624011437,0.19640747347677545,20.0,21.32186257276265,5.0,52.962782024518276
12.96823594026268,77.74384926828087,3507.1282379155596,1.1161908987635945,11.824033092345035,0.14928717620844403,20.0,22.794553321493186,5.0,49.356820390852306
13.127854483628147,77.41674743131341,2632.5752421182115,0.4678284544893518,8.48878050981861,0.23674247578817886,20.0,40.79422130223758,17.778504265220803,49.4864893504755
12.853844858493122,77.46760376154857,3268.1132273697485,0.2745776344256302,11.399297451885431,0.17318867726302514,20.0,32.47815919455776,16.168070149743837,39.00330862126712
12.846599225170324,77.42692676677875,2908.6007830429085,0.4015822471704884,8.065230069177858,0.20913992169570916,20.0,17.16714736782415,8.427570833917766,46.038506582150085
13.019753174381817,77.62482586193771,4431.464079153915,0.25310546420938385,11.356534618454631,0.056853592084608495,20.0,27.13085613940098,5.0,48.410246955068025
13.09613140820596,77.51200476272682,3505.6759103202403,0.14784255947900204,4.349923372406368,0.14943240896797594,33.75628018227904,32.30444961232639,13.351870312768266,38.43296317068813
13.086183583120773,77.52956347747072,3682.4588513637623,0.1717222916434451,10.725928678338526,0.13175411486362376,20.0,21.919297006345857,5.0,50.39860955470251
12.892166555603337,77.64153320551942,4077.3734304147642,0.05009309570999031,6.460584809346001,0.09226265695852356,20.0,26.164853564878456,5.0,41.390797295171595
12.844386787488556,77.69282603785912,3392.7801659081206,0.26508132327910605,15.259447328472355,0.16072198340918792,20.0,10.0,5.0,51.323198495369084
12.957565754571913,77.49430266889722,3987.255477868357,0.4354561736898762,7.730074805738268,0.10127445221316432,20.0,16.956848512561105,5.0,55.654159115811304
13.038275254029566,77.5842715562743,4325.295157146328,1.098836736949771,16.16729880059511,0.06747048428536717,20.0,28.260882085859517,8.110620536443392,51.027931107843095
13.182963345584213,77.55108209272521,2842.0316936959343,0.6545560450396272,4.798178667810222,0.21579683063040658,20.0,21.084799462935692,5.0,40.65010238396343
13.07511097399715,77.48812379518185,3515.018386298492,0.10545896370962007,2.8836134900810135,0.14849816137015082,31.47188175426038,34.65402106013704,14.63930462617111,50.6128105939399
13.106408786467796,77.71325691137511,3204.091552277767,0.534560832372605,4.055754277586447,0.17959084477222334,39.39944005795074,44.26544890314631,16.709136461365365,34.724762710090886
13.047019879521667,77.50654086223936,3840.5790251073745,1.3401423787001294,12.188354962002277,0.11594209748926254,20.0,23.70118694531844,10.194471506458314,48.634532912303136
12.941428878128798,77.63623412682439,4485.831048059451,0.7386979060911955,14.767236149990088,0.05141689519405487,20.0,11.5857717249229,5.0,50.924783099555825
12.986859266681336,77.65460761359158,4380.826445283032,0.17919465268643808,14.10092403617567,0.061917355471696876,20.0,15.256404928194183,5.0,52.21918023020318
12.961696183368293,77.72370535331017,3705.153374440923,0.22714735487450405,2.6843727015773724,0.1294846625559077,52.446097251159884,53.6978630533742,20.163599200826557,36.0695797044013
12.936235289446197,77.40776038406955,3098.4294692651215,0.23990733448927926,6.952644481541157,0.19015705307348785,20.0,20.34406875987133,6.503116887496026,52.25795772622814
12.930673698925299,77.64410473308999,4357.685379430903,0.8625226501561897,5.09232489696101,0.0642314620569097,23.298982605834425,19.35134108051573,5.0,47.66737568344998
12.87019291328314,77.57744704172228,3971.5243700467076,0.36087158209120507,16.943878476124794,0.10284756299532923,20.0,27.295683489900064,8.908689536802886,55.75255785277853
13.057168709014892,77.44633408843286,3288.1359722422694,0.33191138553097516,14.44309207073278,0.17118640277577304,20.0,10.0,5.0,54.09892967660706
12.844554184919684,77.61791399487777,3708.327383328785,0.6352310820869684,10.0562974592278,0.12916726166712153,20.0,14.635688032586565,5.0,50.427848703781066
12.913663257275225,77.69730240314095,3820.828690627033,0.5348502406782893,3.4927860258460326,0.11791713093729668,42.04156084064091,57.00566733727833,17.201854188790993,39.291015543754945
13.071840682760715,77.43012696492208,3073.875036554573,0.5055940960666258,2.3187865630677766,0.19261249634454272,51.625192169645224,73.21824984647102,23.935159023917645,39.27361067112378
12.966068291105788,77.59139855739906,4936.086747839421,0.6000692042819561,8.392183052711523,0.006391325216057896,20.0,23.708208159349095,10.576881458058935,51.58188009096435
12.881309159322937,77.45720303399159,3355.90869540384,0.13740233569024007,15.998018410007239,0.16440913045961603,20.0,24.398075031478847,5.0,46.723245491923805
12.973619144746472,77.76724243711494,3273.4575580515,0.2029285464179025,1.785890584544578,0.17265424419485,54.19704036233367,56.23674903949777,17.59901224597764,33.58172598979037
13.102394507265087,77.40783976190242,2719.9432098085717,0.2449151834868174,9.968689129699854,0.22800567901914284,20.0,30.571327865774748,14.409992829915563,53.709098947091654
13.085125386798778,77.55858823082316,3808.997860326951,0.12249424417621152,10.942442690059853,0.11910021396730493,20.0,17.52543618477022,9.152559155346406,45.69757423055969
13.082724346374489,77.68207440687242,3585.7725708062926,1.1220518302979616,7.276611970924071,0.1414227429193707,20.0,49.6204454883237,23.010055369208406,45.94010918941885
12.98773472515547,77.50477686575545,4087.392482972131,1.509336600767116,4.89836108145985,0.09126075170278689,20.0,10.0,5.0,39.31275646800103
12.813637588268639,77.64239946382635,3349.639061839054,0.10519629865365501,15.147197890015361,0.1650360938160946,20.0,36.72222959559049,9.670432210964421,47.3075351277528
12.866307005102362,77.51697330893815,3691.851769113061,0.4076876339227453,0.6645047478416877,0.1308148230886939,68.19868901768267,72.10629983780012,18.95896861306277,34.71586395104909
13.087869278940644,77.52676208439367,3653.874893659984,0.37216140086565347,1.3673736533053986,0.13461251063400162,69.55621037329466,81.87060760695061,24.222821747761156,25.28803843096629
13.067236163199828,77.4954217253807,3622.2262207442614,0.08822138357640831,11.477276557981245,0.13777737792557387,20.0,45.86800997443227,6.996728566779694,58.48982759675688
12.844886127857608,77.71310488513105,3265.070226399901,1.0268789477193443,8.074324593182787,0.1734929773600099,20.0,19.47672367024133,5.0,63.628783676845394
12.84623341783112,77.47302731088806,3253.6695999148483,0.6506507604160269,9.617335363514925,0.17463304000851518,20.0,26.17897389897053,13.763674440807268,44.92694586598317
12.97335832236288,77.68702596475553,4075.5731149234616,0.40038755038910356,12.78707623687269,0.09244268850765386,20.0,30.03996649116633,15.615487200433044,38.775069591175935
12.910003616993448,77.51839868415203,4020.165578454624,0.21771397458540373,16.06289624636128,0.09798344215453757,20.0,16.79404088183667,5.0,59.42369777393588
13.061752028974194,77.62869161190194,4036.172923692404,0.4641452302251896,5.682883452876679,0.09638270763075964,23.358394112343646,21.17244795961394,5.0,43.46864912604362
12.889628597850438,77.50520655208275,3787.1315281161487,0.3991881928273093,15.095452515403961,0.12128684718838512,20.0,28.041157109865193,8.895616716396756,54.95806830270439
13.104437485132015,77.62525720131055,3636.707608456878,1.4972884405304434,3.211423159591726,0.13632923915431222,23.805379318770065,38.69545086986171,6.011465234777153,38.92638113675955
12.995535232672347,77.47126245805,3743.614525022443,1.089323788185223,18.967814140448713,0.1256385474977557,20.0,16.221971001674778,11.454702947050523,38.674453905503015
12.806571192299877,77.6392949207734,3290.258987043233,0.3509852352787695,19.413466705343296,0.17097410129567667,20.0,21.92217209614161,5.0,48.307086632325706
13.061697855783018,77.48426443310291,3575.5154988838894,0.2661728469863813,7.24398336110662,0.14244845011161109,20.0,38.818088081950876,11.493840062115748,56.72682165077424
13.196289761663207,77.66822858476948,2635.5411297418336,0.6480125940645632,7.198879577670361,0.23644588702581662,20.0,20.99994604272794,5.0,56.21701719921566
13.066370641579498,77.79152381757785,2814.5832334580755,0.11116729715654786,3.1916798591452897,0.21854167665419247,47.21763379372207,63.64337683432423,17.033751929002072,38.89666252700422
13.11710785806884,77.59301832567387,3544.835457638709,0.1053096221364079,6.4566877779460246,0.14551645423612908,22.97618374766804,23.068754577886864,5.0,45.94121384716901
13.198615012509709,77.5898914496259,2729.3616238729555,0.6531285347258868,3.7148077171336666,0.22706383761270446,26.540802779194905,18.54039603821347,5.0,45.54448267480016
12.929763581267796,77.60192060125536,4575.279252322623,0.13046881685717646,1.15896705655667,0.042472074767737705,66.92307809942695,82.152548203763,16.178262988056908,24.506482481754944
13.025431899566987,77.47652806167434,3702.3538220698356,0.9866437621805363,11.26654748107179,0.12976461779301646,20.0,46.0812054073328,13.429651927405327,48.15168269758942
12.86175915355721,77.42643769130999,2991.4290251219827,0.7195868788579581,6.211096553266719,0.2008570974878017,20.0,16.201039742278013,12.899879087498217,54.88800824323934
13.087386213096632,77.75556196159589,3017.193901964827,0.619548306157335,18.86479259242168,0.19828060980351728,20.0,14.876837526813617,5.0,52.797734671511876
12.994148582989284,77.4602127686645,3637.3420627008227,1.8407483954256254,13.799845894591927,0.1362657937299177,20.0,25.923469667298093,5.66950391267288,46.71540689359625
12.939335727484881,77.61547262585785,4615.727988121487,0.7194467712271164,13.948394087610062,0.038427201187851236,20.0,28.25915242562074,8.80248764712148,49.06595728553491
13.147770800185206,77.76290482303253,2563.5545502944974,0.13413710031772763,7.57337971196915,0.24364454497055024,20.0,10.0,5.0,46.51357784609356
13.162513953901536,77.60901802676447,3085.4238774574987,0.5036188554177324,2.0179960692628303,0.1914576122542501,56.71084296494334,64.18150192187517,18.249811566817282,28.282017202478112
13.00094187779577,77.62197697065122,4598.696584288208,0.46756864948896903,20.352824136081097,0.040130341571179215,20.0,15.05642653948158,9.413756013858547,56.9577182520645
12.82480437670855,77.63050713361143,3488.7661576805904,0.16083438260917093,4.201899778648298,0.15112338423194097,36.72540026471388,20.641538176034164,10.910807544937073,40.95157407585524
13.162382245760835,77.67266310424316,2938.648173124604,0.5620684127463299,2.7713863185387573,0.20613518268753958,34.511400936310736,67.90970251055204,14.967073289106285,39.04714780811056
13.000079182635258,77.53897111084729,4375.049029768148,0.20198258524457285,17.302611068600136,0.06249509702318521,20.0,31.878039927838365,12.343490549641738,64.67983296246717
12.904832819202362,77.54908615572731,4191.95504752871,0.1590625377655992,11.168867464016145,0.08080449524712902,20.0,35.01224743531519,5.832652238472214,52.264247432260255
12.985426125235882,77.59376896416919,4861.489220783944,0.226990179809582,6.9173792129997995,0.013851077921605573,20.0,13.695434682242148,15.958155066552,47.35933283430954
13.087321370122933,77.42033751101675,2908.1383752799416,0.9043841813590312,13.403686907186088,0.20918616247200583,20.0,20.277003301964804,5.001973141834195,45.07157578997926
12.934571124249107,77.54953940622218,4416.7680777782525,0.12884180455002406,3.144251153024785,0.05832319222217474,45.81766374507427,45.56464918486528,10.09391489604039,37.905143030189585
13.074004026630597,77.6646628421375,3759.2185317895605,0.9468558689946017,12.072773092318116,0.12407814682104394,20.0,27.266608041364986,5.977564999605276,50.933498621733456
12.948333477069195,77.51080133701633,4130.313446859154,0.26784051823476196,12.077667523412993,0.08696865531408453,20.0,10.0,5.0,51.67746826074695
12.83668805201334,77.62236892354066,3622.5985761528136,0.4947607960165314,15.023831123658983,0.13774014238471863,20.0,21.568449322207965,7.381381601933875,49.05558121254485
12.912277454151997,77.53336023350066,4147.387928376437,0.33889282495403567,13.135584147103723,0.08526120716235626,20.0,17.294965249975668,13.679100240508188,50.86113566230712
12.912367375048566,77.55605544925993,4293.304432560162,0.13189830141708556,11.220812018853767,0.07066955674398374,20.0,21.02392889718078,10.953267785490315,49.37441695014352
13.0185744631819,77.64608418934205,4303.062273697613,0.21708078093121153,1.498025212822124,0.06969377263023875,64.36168143138676,71.26386177390383,17.804872380733038,25.602898992375874
13.077486040924676,77.6413379404322,3842.5766229013107,0.14733263851927125,18.971925712921305,0.11574233770986893,20.0,24.75630370677487,5.0,43.449068803270634
12.954526605876588,77.46563590464574,3699.1065117605967,0.8804246143851843,9.851608884196867,0.13008934882394035,20.0,30.768739827196097,10.699740960723048,55.88190763340232
12.814661420101322,77.7401250579792,2859.7369236361787,1.0029387251965907,1.0488072910437247,0.2140263076363821,58.904679287514504,91.66378612910205,25.007652606895952,31.05055058294603
13.10994445829765,77.5282643212076,3465.73759015877,0.15554524270757772,18.4626653018351,0.15342624098412297,20.0,31.152615337004047,14.150913643974889,44.2899773234349
12.922909317638844,77.5984409232692,4511.580585935112,0.5792491893215982,6.8671774157715735,0.048841941406488815,20.0,10.039010300119745,6.774560566968567,50.8549887420577
12.841528489123101,77.75361041847398,2945.665287128935,0.16557373125145702,8.00143813424917,0.20543347128710654,20.0,33.62082932741296,12.6890826992793,45.00426910900356
12.82738770182273,77.46141627945731,3036.9643313693136,0.29431611907696603,14.080188986292413,0.19630356686306863,20.0,30.386155226382453,5.246947781443106,46.839618090685555
12.996075205268063,77.75037835311646,3423.106504148413,0.10239643123194854,5.670295034876306,0.1576893495851587,33.41387277128526,53.57720920202963,16.902257473928664,37.634810430413154
13.119087740999097,77.64585276498333,3438.6070429436013,0.4093204308219972,6.268199343189818,0.15613929570563986,20.0,26.231340239930574,10.389880445196303,55.68374436383009
13.041539857596637,77.62843257166674,4223.068433758631,0.8747511173623352,16.29908339475682,0.07769315662413688,20.0,10.0,5.0,52.12930674604216
12.964437068176222,77.56106147898016,4657.051026461657,0.21158738781546557,18.00556894518719,0.03429489735383432,20.0,12.433917501316163,5.0,60.66322765851656
13.195811827093284,77.58711894522972,2756.6340113796805,0.9491328837334765,19.648683779994315,0.22433659886203197,20.0,13.8326890853118,5.0,45.86753963785718
13.059753780027924,77.4608600937197,3398.205647872543,1.1079868103180668,21.487933230043353,0.1601794352127457,20.0,16.387040970219715,5.0,50.20164523865749
13.072631624346323,77.40037927688265,2810.7289248180246,0.32376275616173755,13.130149247425718,0.21892710751819755,20.0,23.83351303488742,18.743678047861756,58.56845709321628
12.851965470597419,77.55755528474117,3747.6130169158982,0.1357568473343561,15.106787675381593,0.12523869830841017,20.0,17.53990891827341,7.9893590986793495,45.95522286086053
12.844102762737108,77.65406396326765,3593.1770389574194,0.6261816721195275,5.7193888901816035,0.14068229610425806,20.0,24.59969479316003,5.0,49.0208206819733
12.870866445991574,77.60893485977806,3982.5159899032687,0.17263417312689933,1.9007898942718617,0.10174840100967315,62.246706451366364,76.19751435502066,25.669768506671154,27.63270344287096
13.001792043465187,77.46099270263446,3630.2383638775527,1.6874303441035965,9.433609182523886,0.13697616361224474,20.0,25.330814470890555,5.0,46.00050154241366
13.151099965742636,77.62387929711662,3181.277510414231,0.7791239263814272,9.808695172864457,0.1818722489585769,20.0,25.111085614479578,7.8882978742013075,55.73693042444237
12.87511188182175,77.61501498091893,4013.7582245970207,0.6244664872754478,8.203122306667753,0.09862417754029794,20.0,24.71411853915313,7.001293246205327,49.32671520109629
13.018444904630542,77.79909844761747,2902.0471843294795,0.12927467265392173,6.671190611288074,0.20979528156705204,20.0,22.03989681006981,5.0,55.48848935179683
12.936932351538559,77.50789814072564,4066.2410240604713,0.8560952503705642,14.610893916896078,0.09337589759395287,20.0,10.0,5.0,52.588420969440165
12.845390549100138,77.48573204447833,3333.2349524928813,0.35068799477449974,10.245425160545834,0.16667650475071186,20.0,32.942490069679785,11.256774341680432,50.09231668151589
12.88028686308225,77.54203235456791,3946.365987639251,0.20811296431263962,11.458429735258125,0.10536340123607486,20.0,21.985081000866273,14.575198217365763,42.89458311450217
13.129678695297763,77.57371877535111,3405.4812810794565,0.13852757358611664,2.455219642747863,0.15945187189205434,61.3313234558626,76.41674270785289,25.10464464778437,39.37845984383041
13.170249441859115,77.45036170289366,2545.080712058445,0.19274276677415914,6.52311842021261,0.2454919287941555,20.0,12.24980863071357,5.0,56.158813547096074
12.915849172233656,77.6800910618536,3979.368996478696,0.5861297670929043,6.801548043068468,0.10206310035213041,20.0,39.30225979825708,16.423699966439614,43.53815573454246
13.137776129088259,77.64354435640212,3267.658927855862,0.4435025945655941,8.944393914384403,0.17323410721441376,20.0,16.194811466868263,5.0,50.67185143791055
13.032634363594445,77.57325662524107,4353.414105823604,0.3556081288411261,14.206834757371059,0.06465858941763962,20.0,24.985793889727184,5.0,46.51091328402094
12.972602417546039,77.56223579021719,4676.202699856451,0.08821814164508021,4.142115658656056,0.03237973001435492,34.44321421998066,31.81707025493857,7.998819966373767,40.356563221836964
13.103835571420714,77.6200320438018,3653.410411413367,2.5737829632814155,7.111236688883289,0.1346589588586633,20.0,16.42365127909688,5.0,45.48101609957827
12.935773031496502,77.59497560920495,4641.710626109916,1.5566294818103594,8.347310595133086,0.03582893738900835,20.0,33.41575623260055,12.165716771407874,55.45937332532806
12.842666633907164,77.57155336946744,3690.230551931612,0.9300557430396488,13.89216130301412,0.1309769448068388,20.0,38.002953331564996,9.41953250667027,53.4617180566339
12.843518049827034,77.69932551105225,3345.5387999331815,1.0306603249207666,14.515713684939634,0.16544612000668182,20.0,32.53745957565162,19.638525508484864,46.890522625205705
12.861540521245624,77.78754785194607,2778.6949233775044,0.5815063257862169,5.256528631948337,0.22213050766224954,20.0,25.78261791756626,6.187419352676868,45.73588745535498
12.984368943569839,77.5844703329899,4837.010407195634,0.8184594086649857,7.850467834089606,0.01629895928043664,20.0,17.466091652466734,5.0,44.70086154968182
13.073451789618025,77.49762603253437,3593.6665610738237,2.5500940428171286,7.406996569050497,0.14063334389261764,20.0,16.17524073902764,5.0,51.09358208897051
13.143842684467993,77.5523365501692,3226.47972821451,0.09934989328030885,17.821793501393493,0.177352027178549,20.0,17.57035378054257,5.100831137345433,50.77882037349506
13.12100759160397,77.7482219704382,2857.050205202834,0.9225714725123171,3.5160581513237714,0.21429497947971657,33.074531219557905,29.787397726432438,10.974482859048056,49.11923011623323
13.049873108742535,77.6689819743397,3920.2149445888517,0.26269686089871164,1.8183575877516895,0.10797850554111485,66.34993185396172,85.87379827981175,26.054974322353104,26.278153224252616
12.936623705323946,77.69975875227594,3891.771487034428,0.42636282021969996,5.7830598743917925,0.11082285129655718,33.15076725004712,29.531032087677087,6.83265752723904,33.584825807424515
12.967037929360712,77.40770910163118,3130.534290723125,0.678242745405152,12.485198071609359,0.1869465709276875,20.0,30.831006975660188,19.784909384272595,42.6005079604075
13.051516491376708,77.47183346507067,3535.135921236487,0.6586456036662752,7.455594361040539,0.1464864078763513,20.0,15.93442816907716,9.593426552863164,52.306162389443735
13.069196844255071,77.78376594184168,2871.4113229325376,0.19413745183951858,5.224881673426121,0.21285886770674625,20.652899009281413,31.13336476610495,5.621020654453552,61.76738729458016
13.009681909582731,77.68936172106294,3978.725520916279,0.12243965152610736,21.8519626044376,0.10212744790837211,20.0,29.84650600405776,15.818352776445831,51.93046478476735
13.170411835311553,77.62913511706063,2982.1095131217076,0.5877262063501094,6.968453303482887,0.20178904868782924,20.0,39.67819281195702,20.625228432249745,56.876175244205136
13.017453208013665,77.48672932056344,3827.882251339518,0.38410010506921116,10.236071241587933,0.11721177486604821,20.0,10.0,5.0,57.561875687478526
12.822707743856913,77.59207822297651,3510.86389813641,0.6292048909949435,5.270599870986866,0.148913610186359,28.30935436786538,29.854826514519306,14.61851342369902,35.678506699542226
13.137703256625123,77.44332653833371,2753.359128254482,0.5768724573462208,9.682345705718472,0.22466408717455177,20.0,31.093395811390454,9.198587055149371,45.59263350792993
12.955944275049356,77.73519446011561,3585.365632436088,0.10679879815976878,12.843897274404549,0.1414634367563912,20.0,12.590555121335301,8.544423027529898,57.4458253167975
13.049713263021271,77.48737125964954,3673.3619703559843,0.08670368519838335,24.67812102021318,0.13266380296440156,20.0,10.0,10.490216676949508,50.12018039143153
13.109174849597913,77.55976969649463,3580.8456995744004,1.0373987262973134,14.124232664611212,0.14191543004255996,20.0,15.251090542203949,7.514324649621834,43.46473468219884
12.880934945149773,77.42464244435334,3073.715418418591,0.338803626017974,14.962793371268878,0.1926284581581409,20.0,20.646981461947085,17.72566101346656,55.95964049961774
13.08124957590945,77.6426101843374,3803.0034545900653,1.2904871309169403,13.585549340183702,0.1196996545409935,20.0,16.93857963081365,5.0,39.598721029616925
12.891381087292919,77.49670999272229,3734.3962910635505,0.22402127403415734,4.307740814328692,0.12656037089364494,38.15389975236656,41.69695985441839,21.540260648058073,39.43258492566692
13.01547312193775,77.46072334621579,3591.1774683437657,0.2244458802154073,0.6795021547935264,0.14088225316562344,78.75549051345959,112.99879721814126,36.39689495997504,16.726931338582933
13.069426143978333,77.60144716125582,4019.345215535421,0.09753689525602482,23.95913603046941,0.09806547844645788,20.0,26.93765287584083,10.145221447597393,50.94956518284735
12.97639842534929,77.43921276823087,3445.386971535851,0.7293081125928964,4.596295083928437,0.1554613028464149,20.105799373668006,36.46782669762395,16.048245675884345,52.599953515550865
12.867872881783974,77.63382225301066,3891.050037890165,0.6784767429374495,15.439221631808316,0.11089499621098345,20.0,28.1075179474645,5.0,41.40754032443162
12.813610036358428,77.71756972213093,2997.9415300140686,0.8330664280613189,4.062043901835865,0.20020584699859315,45.26312080339291,52.467741974981635,18.45418467335505,36.99649367582591
12.98733896069063,77.52300727163808,4266.976559861489,0.40300099175614507,13.897026472807818,0.07330234401385119,20.0,34.34011254367828,11.524097559153471,52.36596423044114
12.942882392305663,77.75242718939096,3395.8141409819436,0.7203592478986873,2.7829202282898517,0.16041858590180563,60.32369332195214,74.9967926649163,18.539766315144,32.91844100056625
13.046906842319952,77.68240360021935,3843.2548806378854,1.0258868873855655,6.536903092747387,0.11567451193621146,20.0,18.59177815783418,13.373317460864033,47.97674602549038
12.881424359058016,77.419123137449,3027.0890666317932,0.5619780014453644,11.48778206103387,0.19729109333682068,20.0,22.221888913688854,5.0,47.4169307100761
13.037873784039398,77.53937754995162,4137.345176780069,0.11602121576676991,11.971549429150548,0.08626548232199309,20.0,16.83993798616241,5.0,54.754050457013065
12.803428440080385,77.49755383240813,3058.3606872009887,0.13212995307969097,2.7987799467589514,0.19416393127990114,46.4812494200748,54.139561013833145,13.634635662187334,38.466751619736826
12.990939656605759,77.5195766786814,4225.2406141709525,0.20244088618587291,6.649220402854781,0.07747593858290479,26.18520116378862,30.442624216305735,14.733015689549262,54.32309833873533
13.14807686934629,77.57455477112602,3223.8835450658676,0.09925063434372944,10.047591353413562,0.17761164549341324,20.0,47.488759704142296,5.0,59.10119375174886
13.11158928563509,77.48276160627091,3208.2180265298784,0.6053459857973483,25.299943653657156,0.17917819734701212,20.0,22.481737278927543,6.2737269190813425,65.87515265172149
13.047090186013147,77.7401382672993,3360.4831372388307,0.5040600852448555,16.28008873149719,0.16395168627611695,20.0,37.76039395398193,18.106461477331024,52.868710713904164
12.83823381307103,77.44915513470563,3026.6589586067685,0.4288869384913078,7.7269068106172245,0.19733410413932315,20.0,10.0,5.0,54.148805607716
13.19183235087032,77.66345163862202,2692.559068777607,0.15214307875050007,12.170755375796498,0.2307440931222393,20.0,36.12853738784206,14.490615191767647,53.16848573731639
12.953263410261727,77.65766762774577,4343.208085257715,1.3892461974287738,0.8336614588154463,0.06567919147422852,81.99960773827354,80.05510496018724,15.028918712429524,18.734694576702665
13.187454228158977,77.6634085313616,2734.439102512419,0.400360936294546,12.546265530752185,0.22655608974875807,20.0,15.298585872918512,5.0,45.29036800262399
12.816776247354706,77.4994915465417,3182.969116872259,0.8424616301703731,16.588116041212366,0.18170308831277412,20.0,17.01410458461138,5.0,53.658449436482066
13.179798980406515,77.72202359075693,2559.025052899914,0.965944440604472,10.621564141700922,0.24409749471000858,20.0,30.867999129893406,18.487810194292152,44.88347154178534
12.939326885355648,77.68081660101066,4079.41017718643,0.04845671240377772,8.514314593333577,0.09205898228135705,20.0,14.361118106825595,10.562804375506632,48.95814553323806
12.894667464565732,77.675345253867,3884.7237548306593,0.6915305288758878,3.6756540445406376,0.11152762451693408,38.89902371561918,57.559858398336345,7.602114554004139,38.866299833939664
13.162157904219347,77.64931517792922,3017.424262321955,0.6679890338168206,5.7363584953307285,0.19825757376780445,23.66998592736917,37.773741462984034,8.6795484624157,40.729198450366056
13.131379177236564,77.42343629596994,2658.496229862427,1.3875509288079293,5.088430012128978,0.2341503770137573,20.0,10.0,5.0,43.530015603749376
13.103257125712105,77.57762750196122,3672.5338256494315,0.32323655883918656,8.627581704588216,0.13274661743505686,20.0,38.575152119440624,13.879844156026863,51.51004692795106
12.98825015356873,77.57872855339687,4769.971647152305,0.029689555789663306,19.815865798748362,0.02300283528476947,20.0,24.62236771560379,5.0,47.33279968544602
13.168945078202375,77.62384322765736,3005.000093871641,0.2996754949055471,13.236785361786877,0.19949999061283588,20.0,23.74711287128399,5.0,49.541846078178885
13.10458708471096,77.66600522131947,3490.554064181098,0.3300530335797617,7.136725082462621,0.1509445935818902,20.0,29.147058334775885,15.142338225953942,48.02547511612763
13.069597331559336,77.68506000912093,3666.3399892435305,0.17115486328149038,4.547060292579577,0.13336600107564694,36.657487352606765,37.04976263390254,9.144927225028345,41.78371251463086
13.060002836003482,77.54235868433858,3973.1496469546037,0.1163442644846643,22.212028048174506,0.10268503530453965,20.0,28.3503945451193,5.0,47.4951752093273
12.981075929165392,77.69589512448003,3982.6261514579464,0.39738637180631303,6.089630168703627,0.10173738485420537,20.0,25.83247886378584,13.63171745625413,55.844840972076575
13.030412396285756,77.68849745618535,3892.0455679518363,0.7784584760882907,12.224973035670525,0.11079544320481637,20.0,44.60971385155722,7.362757299074266,46.72253643608181
12.957542198456135,77.58553860578711,4832.748497965446,0.960518817345142,18.010152187320276,0.016725150203455365,20.0,30.615907629148822,10.490873565864666,46.475253109719546
12.923108623781111,77.53569718466848,4237.048152136641,0.17047800505536495,18.87443571505567,0.07629518478633592,20.0,20.139947774188496,5.0,56.63596551823071
12.88797154081351,77.74239741104572,3301.830576835082,0.6448813468614789,6.132289609382766,0.16981694231649178,20.0,29.46606308546871,5.0,51.3232225664292
12.942784441021693,77.64542242602415,4415.769272785745,0.4104674959190972,5.655942441255803,0.05842307272142551,21.81084041152183,23.535570131540066,12.214906441930744,49.351460222639986
12.868323768907198,77.56767849560548,3932.7255597739495,0.21571977315559743,25.39207883325334,0.10672744402260506,20.0,22.5722835105359,5.0,51.85087726409914
12.881543069874427,77.62069594152952,4062.3834030930066,1.9347486051061187,11.802333138097781,0.09376165969069937,20.0,12.703876381912641,5.0,41.90866405474851
13.11726144549126,77.63849598298847,3478.6810319618116,0.9380107360639982,11.97353544204998,0.15213189680381886,20.0,24.782891544863514,5.0,54.46897873614116
13.007700583033188,77.50132651485055,3999.8402563959453,0.0632864055401495,15.223588256734415,0.10001597436040545,20.0,17.448517312529145,5.487609429619815,45.34698484169378
13.073547657191712,77.49775364491455,3593.851312975218,0.3952483512854949,12.777370709598827,0.1406148687024782,20.0,25.244683820865554,5.0,54.11523730781147
12.94464726227258,77.43747613713906,3405.8118570461247,0.4529839586279652,1.7971914725232379,0.1594188142953875,57.39533152742544,69.79806344736237,27.086328003224434,31.872503678509332
13.185213364517072,77.4475957134182,2406.9143906587187,0.806205052625579,6.481232511336616,0.25930856093412813,20.0,11.58471531871173,7.861522893244416,47.77068621701477
13.13304655359991,77.61364553860764,3374.3394508648676,0.3900865296252331,20.283673463419483,0.16256605491351325,20.0,35.504365197361395,11.867346096229733,49.412719713311205
12.904683705378217,77.7104644676605,3662.0027895335284,0.40043554930642095,7.926035189228856,0.13379972104664717,20.0,21.49541396004072,5.0,51.36869688753744
12.979152207544223,77.51660117095099,4216.364040398387,0.1799845898735735,14.17774668242983,0.07836359596016125,20.0,21.194765859009475,8.082024495287445,49.816207924776485
12.916839580119847,77.45784848721549,3526.91888090629,0.79536681468243,20.38290200192418,0.14730811190937101,20.0,24.815936800707476,7.1253884424900615,46.491682790863955
12.86655092554593,77.63280539054692,3882.191433630087,1.2308751616444322,17.19976667125753,0.11178085663699133,20.0,19.9735764110374,5.0,51.86247213014563
13.040819452836375,77.48874305344685,3735.2065075862065,1.6119078208352222,7.553488736298286,0.12647934924137935,20.0,21.56106460370608,6.865149448069489,51.4753537213463
12.892614781892364,77.56558416793162,4158.537987183534,0.18480373795062374,4.244947476193,0.08414620128164663,39.6413227780461,52.221025937306415,20.49934239398171,45.388334014645295
12.936032089469116,77.50596347695986,4044.93406111527,0.12149524241153073,5.164171083441999,0.095506593888473,21.438016174973065,25.758652978850357,11.761718970422429,46.69086101491921
12.939755208883163,77.47575932134933,3769.6668084040443,0.06223830509407308,7.770865136626123,0.12303331915959557,20.0,20.022001465927517,8.954789983658936,51.679122559845084
12.936809387316307,77.61416801378138,4600.839143420216,0.8321660592120632,13.168689491785441,0.03991608565797841,20.0,17.449580747469145,5.0,52.400134997019684
12.87839859419536,77.61073515609603,4054.1223490215884,0.2596119947870236,2.5423290140302224,0.09458776509784116,64.24758984566631,70.75383221184882,27.756584014796218,30.307799888815754
12.821556945188439,77.5542550217983,3446.274298234044,0.24524131927400317,17.18619199795466,0.15537257017659556,20.0,10.0,5.0,52.7675299342702
13.145676469421515,77.49164897214696,2977.587298738052,0.10894913334004418,7.281179005072967,0.20224127012619478,20.0,29.67524250303832,6.26480426021344,52.75954925173314
12.967996051067315,77.46763177750167,3729.806393800697,0.20977948620066117,3.670622060151723,0.12701936061993027,50.578049192247626,64.40187808247656,25.391702096883638,32.79433214906045
12.913044204013952,77.68988476686182,3881.609726460759,1.2302010239729975,8.072514156836952,0.1118390273539241,20.0,20.97420095325971,5.0,60.10893745399825
13.10483821972886,77.70332383408781,3280.311211431852,0.11294659837920794,3.092437278505985,0.17196887885681478,42.41185395625303,68.08946588880926,21.16576248370205,34.379536086161984
12.970723159938924,77.46953786491508,3749.3479108684623,0.11393542382382363,13.18642735661612,0.12506520891315379,20.0,16.45664089675936,11.316479191781278,53.805706563263755
13.06660078064175,77.65938678224602,3850.1097671371153,1.0503971125864757,8.670581305996329,0.11498902328628845,20.0,21.433826649371888,8.511574613675867,46.549928837906805
13.11482231271417,77.59085352162124,3567.2869457062343,0.09981032974717716,11.942620938914889,0.14327130542937658,20.0,19.459204766400276,10.641265323425417,52.51934406141384
13.084763667235439,77.51013790320727,3587.91425979871,0.18108778333562836,0.5898441120309085,0.141208574020129,90.39463704870792,108.76974033179012,27.029701120026452,19.6101479266381
13.030700324319753,77.61310685245058,4380.697818320681,0.6836947466879969,24.242425053814554,0.06193021816793186,20.0,41.4826765245916,9.594167400291138,54.437400259648626
12.98899489896304,77.69641972291888,3967.0508974198674,0.26958640258972416,3.1344167512082417,0.10329491025801327,51.168735287336425,41.866326884710915,7.056784951394734,35.63973281025194
12.91960232126967,77.55497706894123,4346.26188278249,0.40012245715452704,11.425581378103411,0.06537381172175097,20.0,17.2106945533245,6.84752862699799,52.05952701054097
12.973578001179039,77.62831873102019,4662.23302259161,0.44518879117332744,9.302917770224209,0.03377669774083897,20.0,24.897330370443537,5.0,46.89340812378319
12.944430186503087,77.60612491625099,4704.869103608347,0.3258580426504144,18.881169905864752,0.029513089639165282,20.0,22.048246017347587,9.88120096746799,57.80805390258985
13.077057395702905,77.64938604125275,3811.6072776818482,0.7428323310876909,8.009207414839452,0.11883927223181515,20.0,15.132486622165382,11.525779432271658,44.460322586089944
12.889490500236228,77.78371489215866,2938.291669812697,0.4200012687298312,15.918793381375654,0.2061708330187303,20.0,28.526576388032424,16.653695685503987,51.98384429418488
13.088415542453909,77.4905615479065,3435.7151642743133,0.6694832528157374,12.620749816461075,0.15642848357256867,20.0,20.29064247016809,5.0,62.81887686165413
12.867528563120572,77.69484861145244,3554.9862259379097,0.4147108587869921,7.862020927802905,0.14450137740620903,20.0,33.41972132592274,11.038005334228915,52.589847137746204
13.02719574479681,77.56956098095188,4390.259127628448,0.22237207966779965,5.324979474679868,0.06097408723715517,29.398684767423738,28.05288059661197,5.0,42.7988246944312
12.892713358948072,77.48577292371264,3655.8856198332824,0.07867185804214084,18.049989714308186,0.13441143801667177,20.0,29.405807704929593,9.055119009758178,46.76589112341515
12.833870052103913,77.62613443977563,3587.0612384317046,0.11514594771190352,17.434742401781932,0.14129387615682956,20.0,35.10387276308779,8.696661832494732,47.70617354852207
12.847542316862484,77.4617924553714,3182.6350763886894,0.3144991245983847,4.101286737649723,0.18173649236113104,30.509798667349216,23.19118034037067,6.26964176478702,41.22776670402332
12.832252691176956,77.65118132245597,3496.0346238330076,0.8601782184895699,8.650964709248463,0.15039653761669927,20.0,35.66401898109795,5.0,50.569652524508264
12.920823268461985,77.68812967227318,3935.759610745219,0.10743385144057727,10.629034262567691,0.10642403892547812,20.0,10.0,5.0,51.549698633128
13.140981408927802,77.67753912209511,3114.026520221585,0.23248628846979394,7.976701492284485,0.1885973479778415,20.0,26.8451388588647,6.602524772256821,46.23751983734692
12.808321490257379,77.74079931471083,2808.3314263856664,0.2569902323718911,18.500622407906675,0.21916685736143338,20.0,29.851504007343557,8.805621416492503,52.61956660527554
12.99856394909035,77.67871540390396,4116.684896287052,0.9526465528345494,2.0471607174597746,0.08833151037129479,61.39984663541251,89.6700092834971,25.52652089103853,23.753395021187863
12.868324215039385,77.54407263540294,3850.2651465509343,0.9256346358589338,1.1401740108378098,0.11497348534490659,57.13524865997477,64.96868569116215,24.374702515706975,31.173313560960167
12.806700961906463,77.62004872899972,3331.4877713401356,0.32949560389009214,6.144735948607739,0.16685122286598644,20.0,43.18467766529764,9.87413932845617,44.725821948748695
13.092920413955348,77.73440037557674,3148.9789884041156,0.11504765722771232,17.08375448251178,0.18510210115958844,20.0,40.139728961165495,6.695997380040761,52.93681168867342
13.042718061970293,77.77682512582969,3043.887139706499,0.531044525584915,5.440706384738466,0.1956112860293501,20.0,31.778371640058555,5.0,48.12750330412341
13.033976877951039,77.54363505365346,4194.500114275341,0.3462866601488017,8.289982500681838,0.08054998857246592,20.0,23.283258420859212,9.657414958830618,53.31303593337602
12.891417722735612,77.44324915122122,3287.2163880583416,0.32442474438729463,6.298242066580278,0.17127836119416584,20.0,24.252881614246906,12.788970548978632,46.33575577444583
13.193793832268,77.59543186168864,2778.046105523141,0.7113544130083466,14.662460151116349,0.22219538944768594,20.0,22.734461566406665,5.0,48.32950912029096
12.985940427448108,77.50238073704175,4066.724032241386,0.10842639634554227,22.308227701805166,0.0933275967758614,20.0,17.422215933084757,5.0,52.587103415051445
12.822991068102837,77.6594770657547,3378.468369085714,0.4889790038079356,9.00938520732375,0.16215316309142858,20.0,31.2620842170596,5.0,50.787254685395865
12.970658715073382,77.64071046400129,4538.799294479385,0.3238667765026334,1.9877972763507987,0.046120070552061486,63.14379975000125,84.37196416133692,29.350681448011827,32.3225555391699
12.87555083637443,77.58029148729713,4028.9090995720435,0.10763047747164228,2.109878632292958,0.09710909004279568,57.17968632124287,84.22515384171909,26.969767036431584,30.09743578917237
12.990031784019001,77.58132745218631,4772.867618427132,1.0942527912250697,5.277562308730953,0.022713238157286837,20.0,40.16989402205317,13.515663891866845,45.34541234276887
13.019143871152815,77.4572535540147,3546.5741880306136,0.5640829966957188,14.251810475469672,0.14534258119693863,20.0,32.45808152448667,10.660314967598996,44.9904315607489
13.130367207899246,77.52747438767787,3276.2577300030293,0.7694134761190902,16.837598666321544,0.17237422699969707,20.0,29.00048241445721,16.99268930810056,57.46669709478171
13.064921752776593,77.59006577608112,4065.6815998899506,0.10395197035130987,17.66057120673209,0.09343184001100494,20.0,36.35054569544077,10.714342237985809,47.945027975905866
13.02342759069243,77.55633185599851,4355.752376620531,0.34091936008446405,10.997312121141354,0.06442476233794683,20.0,35.88272926495567,14.564400271078483,51.66046785878137
12.861988987965304,77.53229879942008,3739.206061524319,0.36803565448105136,9.21387032422851,0.1260793938475681,20.0,18.526648353357544,5.0,47.38133246311038
13.047524183855593,77.75084976839234,3262.804794595653,2.7968422982155565,10.598100031903936,0.17371952054043469,20.0,12.484899862630842,5.0,49.7432171296022
13.139700260611658,77.5742254221368,3306.6949170096213,1.1791395496916721,14.181578812098119,0.16933050829903787,20.0,30.880177206646643,5.0,44.253521974785286
12.827946593102167,77.68595079289251,3297.611422869467,0.14940228196824584,17.65388458588635,0.1702388577130533,20.0,30.583319793234644,14.72654657765972,53.150422624507506
12.952589265787402,77.56918650307051,4682.627373346858,0.035290761796223924,23.800491782859186,0.03173726266531422,20.0,52.697286254063044,19.781917307288733,49.23690577252596
13.014574443621342,77.59610230100552,4569.993056698495,0.19481093055797216,17.955969366061687,0.04300069433015046,20.0,19.613156911752764,10.034630791013905,52.73204373520595
12.920620656710511,77.75239454322735,3341.7475670285658,0.1819688586241452,12.197322314897114,0.1658252432971434,20.0,41.41850304387279,6.142222720075045,49.88719941862037
13.057188139057864,77.55586246685299,4060.5360027279294,0.07132325063703471,0.6717461506518536,0.09394639972720706,81.98709450781129,112.29021498513133,38.831131115729725,15.533111807291345
13.090630645160378,77.77683092793562,2823.3878254596457,0.6998523667052539,7.0801841820119735,0.21766121745403544,20.0,32.50723834467428,11.845601260898706,47.63321530891187
12.806535861759253,77.51955790022855,3186.7849969937606,0.2386866904864176,12.468359907070791,0.18132150030062397,20.0,35.219677374278255,5.0,56.59846178962944
12.870355331954366,77.69769580986006,3555.035335436422,0.8148112322465177,5.494899465665541,0.1444964664563578,24.674351586200814,33.572885550115814,14.458358264383524,50.42780740686178
12.877908049214144,77.61868326476745,4032.6228613452363,0.8719080453150093,18.665444643781733,0.09673771386547637,20.0,29.282544466566584,5.0,52.877732369471005
12.899349706274526,77.5054097230085,3852.1755163249827,0.12720850390618735,15.272131407392472,0.11478244836750176,20.0,14.560632086313607,12.565444886127583,60.04287471430547
13.119051547566226,77.53544773693572,3411.2599613121,0.10675597307468879,10.836243146165138,0.15887400386879,20.0,26.394765410182497,9.177324732248934,57.964655763986784
12.990375094991562,77.65697620335118,4348.594217369107,0.11482635654270344,7.256319010049271,0.0651405782630893,20.0,23.10794272176962,10.553701510935657,45.57922095904036
12.986742794208423,77.68976446477232,4036.382878325547,0.16868210972308242,11.066199098385582,0.09636171216744528,20.0,12.183002169354172,13.997638570417571,48.94604341207596
12.9581115813031,77.46709404732003,3717.8258539586313,0.417124349555753,6.1004644428790495,0.12821741460413685,20.0,16.922876267919456,5.0,55.918830531447774
13.12799727889058,77.5047276353596,3196.1942795734685,1.099256243424297,11.14801163548322,0.18038057204265318,20.0,41.25894218569705,21.150120086278807,44.27590452213581
12.99795870695525,77.69163223317813,3994.513266726657,0.3368765903355845,1.2681998931855651,0.1005486733273343,63.532133141519836,67.46172950670466,26.882944014181454,31.313638450647773
12.95726149396944,77.70375022629533,3899.1201402737215,0.2720353978320183,15.968550329310125,0.11008798597262782,20.0,10.0,5.0,43.20897126483043
13.058917725101573,77.63241151435524,4048.469877788921,0.12472742955594046,10.472720145068246,0.09515301222110788,20.0,22.711555105821567,5.0,50.59529144329655
12.806438381356566,77.46869247441212,2923.1980048020655,1.0198649231227233,4.633963312232902,0.20768019951979347,23.516841088758014,21.586794351360176,5.874393350367975,40.322985357300134
12.897218041439103,77.64854358820159,4081.164515954144,0.1754540816883732,3.982329352699535,0.09188354840458562,43.31557107232546,55.156299545935184,5.0,41.79233185088012
12.882799268555356,77.44381128623077,3250.0626838288504,0.30551674322323197,13.983868519864462,0.17499373161711496,20.0,14.516104450121693,11.718564122592548,50.87185931529031
13.031569511115308,77.44399630798334,3378.95668434006,0.8239256214880354,9.560888227592871,0.16210433156599405,20.0,18.582531754262796,5.833100771781887,42.19450166876465
12.822677105551216,77.652702782807,3401.439339251686,1.8581010004718033,12.340990227138013,0.1598560660748314,20.0,16.650477272282394,9.737107246625737,59.536471288409885
12.971765166728774,77.79134226832143,3032.57662349179,0.2556250038473665,9.730260626811766,0.196742337650821,20.0,31.457797579722506,5.0,50.94592845538142
13.145720946479052,77.65062688695777,3170.8713532137976,1.243321717441844,6.684202078113454,0.18291286467862022,20.0,10.0,5.0,50.60294005792172
12.982203005113481,77.60788401966552,4830.03268081469,0.422682426216629,7.793879260972026,0.016996731918531013,20.0,10.917223158595743,5.0,50.57899633260328
13.06120165078928,77.66691872752324,3848.5463893519363,0.5953948116260102,6.312104990283713,0.11514536106480638,20.0,42.62419121909268,13.264467755044418,58.818131001003685
13.059882419812478,77.45014832696803,3307.07142827346,0.6786629330714691,10.522372458996777,0.16929285717265402,20.0,32.746341114616556,16.48263261916582,45.551306248131894
13.110705929586985,77.54805176191499,3533.125836512291,0.46597391412428024,17.47540172608869,0.14668741634877092,20.0,24.902751438037228,12.27243652673965,57.62378331909231
13.053684774769247,77.58058102163872,4167.26702940187,0.3350578694208217,20.47099375407947,0.08327329705981298,20.0,27.33347005966299,10.389608714500064,55.649312033848375
13.052080295198959,77.65674391501048,3983.1940161396915,2.435149747966003,11.536671947977823,0.10168059838603083,20.0,57.37381912482306,9.111046775922299,55.101159006853585
12.945916757188062,77.64217335686445,4459.36581270798,0.5515079858280004,2.525420440542855,0.054063418729202034,33.95946523162554,52.83456662334859,11.808137838352375,45.600704434052695
12.876201578325416,77.65856250311664,3851.433037957811,0.9507955059668134,2.778996404078289,0.1148566962042189,53.33027879933438,62.31671299158797,20.86288620974244,28.801332732358865
13.03066442375495,77.4755360718982,3670.909140482353,1.40402810952926,3.0865832342619073,0.13290908595176473,29.319119393261424,50.78331985082196,11.506918166422224,49.78882850380315
12.892076397042175,77.75758750150177,3186.4694909325376,0.2779733215167637,5.729251643036313,0.18135305090674625,22.3382489146912,33.68228426600589,18.873695481490934,49.270453716679434
12.870384761829104,77.47514584067973,3434.310994580862,0.29991614358587104,12.704057881391432,0.1565689005419138,20.0,22.475409431243843,7.6225637770004555,45.957518003998025
13.082949940028787,77.72920275534825,3253.096714418447,1.224479360907611,8.041412701015302,0.1746903285581553,20.0,23.271867221574166,5.0,51.664250888914545
12.847668790900151,77.53201303852585,3611.617043625294,0.8600099668038792,2.174952008393154,0.1388382956374706,60.255175382625595,68.11963987558724,22.837415070383727,39.25473536521086
12.905138509557117,77.76342079428564,3185.679457892772,0.1254535235892939,5.579002524657591,0.1814320542107228,27.74351240145191,41.304615241985445,14.589910242867651,37.75826386246379
13.138313893526608,77.40108828618354,2445.781808870169,0.31922122424410626,6.646766935765193,0.2554218191129831,20.0,21.18470946297225,9.682583724429314,51.103111914533265
12.984494124969395,77.71203162727576,3818.6259888011664,0.4399847319545186,12.4286850781494,0.11813740111988338,20.0,21.109351580923637,8.270464319544859,46.818246363025594
13.04176129759389,77.4980507302106,3806.5022338971085,0.19281026550835964,20.33145298795422,0.11934977661028916,20.0,27.139732739263046,11.794348335901038,43.3972088030064
12.994398223848666,77.78541742846122,3078.2546991027893,0.10130518390892611,10.965803888442379,0.19217453008972105,20.0,24.231537783599855,5.830188078717655,49.74931703075526
12.947272496144869,77.61717935691074,4668.08814388094,0.49993060682851054,16.25017587645439,0.03319118561190596,20.0,21.114029455198803,5.0,49.358668422857356
13.109785368626332,77.69514561789396,3291.0641504119412,0.21111949969384336,1.3884835619456377,0.17089358495880588,53.786695081341804,68.43940925913893,19.566317316406064,38.188606566726506
13.192589705872441,77.4446428321255,2329.3520954919923,0.8914133876270934,5.181720185805079,0.2670647904508008,20.0,42.837240553452006,11.892816731174317,51.41294649444793
13.075682613408652,77.68555785530509,3617.7365715726637,0.6538992457976905,10.44919140376993,0.13822634284273363,20.0,19.582531412963466,7.706848372343164,40.36902137170739
13.095947991875153,77.43559502081396,2981.4607635883067,1.9487572021968775,6.922205877668199,0.20185392364116936,20.0,12.617857158539774,6.814317632829155,49.36223937613433
12.842207872874475,77.53643369246728,3581.3512804764323,0.5797542345500566,22.961640146476334,0.14186487195235675,20.0,31.179296280835363,12.798502069747922,48.2795363598134
12.989196400238153,77.41869626147606,3232.1833090492455,0.11235005142635301,2.1553648691043663,0.17678166909507545,60.320304836954634,77.01234675696405,25.64427836297734,30.62506373212596
12.801594387860057,77.54479403744449,3228.4881579521443,0.12399205730533501,8.222185220572072,0.1771511842047856,20.0,31.798845278331697,16.524036005277157,40.70829676322839
12.923668585191539,77.49576066105105,3901.517617373588,0.5628085591932471,22.43847454106884,0.10984823826264122,20.0,10.0,5.0,54.85837410758946
13.003088235832802,77.61562933605904,4621.352146322424,0.12392246141283057,27.91500441047328,0.03786478536775759,20.0,40.917502254747816,8.798763988667494,48.91320734864762
12.872382281634966,77.76325711057692,3043.232855301444,0.6462926413346728,15.390573546290529,0.19567671446985563,20.0,23.68083700193488,5.0,40.51553202751471
12.983004452997344,77.67473986555721,4190.52735687381,0.5524759629434226,8.4770354253697,0.08094726431261898,20.0,21.96619350468776,5.1850665106074105,55.56625379185889
12.902998141568307,77.64820058554491,4129.41182232702,0.43091523610851956,6.062414250869377,0.08705881776729807,20.0,16.487143170767627,5.0,53.44095443576692
12.909311603278052,77.6208305528392,4324.138603821714,0.05797256453855749,6.128941544597125,0.06758613961782854,20.0,36.951133058467754,11.113667839617875,48.86151711819563
13.04911196484314,77.75408019800773,3226.8097042215622,0.21790395654373057,5.965974399412817,0.1773190295778438,20.0,30.519559223049292,5.0,57.563164508422
13.130763593661701,77.65708907642218,3290.0896450572554,0.9156175232332523,11.083970327796424,0.17099103549427444,20.0,24.200722851102345,6.070898520901908,59.288486364067346
13.045054093129062,77.54881058797531,4134.426545521432,0.10326079368909882,17.746207085392534,0.08655734544785679,20.0,20.99173897192516,20.429051580808736,48.3063614296325
12.819903001419803,77.4882240309175,3147.2229984025917,0.13465189252061321,2.9821609358624657,0.18527770015974082,68.78692745153609,94.76749143812262,29.897881594663296,23.365562680145146
12.914377624786582,77.48341872556756,3749.573032541014,0.3015261404604427,4.6907920239581795,0.12504269674589857,22.942455038389596,33.06575122473046,6.0349591921655525,47.57962008667201
12.817977961292744,77.61610786011275,3448.7966341190668,0.0861715620097494,4.112123964947466,0.15512033658809332,44.016077482081386,51.5701183017582,11.658814580832857,34.90814436434306
12.864342830330477,77.5826984378752,3920.8453481299566,0.11552230180341247,4.795751805648887,0.10791546518700436,23.027730856298312,26.449780031721364,11.495367463632551,43.026035164300446
13.011259675369239,77.54753239977107,4384.512482522712,0.5637787818147991,13.80717701708033,0.061548751747728815,20.0,32.344534120127186,5.0,54.00326440556419
12.830031336346769,77.54222860743032,3490.548136300811,1.369749188447616,1.0162284689293015,0.1509451863699189,59.54988311698219,75.92186673332014,13.925289967741765,32.748225383706945
13.030294927150802,77.42967051541042,3249.376415095987,0.5964731334811935,12.772691007803742,0.1750623584904013,20.0,24.180084233707564,14.68738317019367,54.072647680817575
13.007962979875852,77.52575348296273,4221.404520073804,0.19265577683806312,3.4610952267085406,0.07785954799261965,47.93321127328571,46.33987465463386,15.07510932979025,33.36621764525973
13.182240033243817,77.47277147665365,2566.6604695252936,0.3808053582852169,7.062753694970922,0.24333395304747063,20.0,28.13588290402003,9.792949230950532,46.666981871054205
13.060397562291767,77.61824267106844,4081.0885263415853,0.964351685216297,22.632421440255417,0.09189114736584147,20.0,15.008516504341307,6.214289357430229,45.733194764351445
13.07182838645167,77.42934353601035,3067.244755767877,0.2109820798342561,1.852857104833423,0.19327552442321227,60.37648967552043,71.14825126836277,24.37660440799983,26.467526474120305
12.866650082349993,77.57405244307898,3930.575514112115,0.3183157716415793,24.398844904764374,0.10694244858878851,20.0,18.820694376790108,10.705423813250361,47.70558452835318
13.037249533516597,77.64455701942391,4175.041513731261,0.3801863456669519,20.840628383462416,0.08249584862687387,20.0,34.977386191163845,8.079242822925611,51.20078125473176
12.836322256633622,77.56077450893272,3605.5742509462134,1.2858435664936292,19.944856210518132,0.13944257490537867,20.0,28.67528674018133,6.7754279090563765,43.32011097243179
13.157849381272602,77.6696696086039,2991.909410400789,0.5950995729555608,11.251808134464424,0.20080905895992107,20.0,14.327742652983606,5.0,51.92686984640737
12.962522820190149,77.62400139098074,4692.292836465808,0.23088433084195606,11.26887207905998,0.030770716353419197,20.0,18.762024031650085,5.466022997535132,41.06800456248279
13.04596452685073,77.50297640665936,3819.959080777946,0.5286902679416865,20.038803420354714,0.1180040919222054,20.0,19.351260508262143,11.248639041257773,49.54013077541507
13.07563388871952,77.63894854152106,3869.078113345117,0.6727780127473661,14.479747171150173,0.11309218866548831,20.0,10.898320667566418,5.0,50.00639590184755
13.183668278116764,77.45164035061865,2442.4539899613033,0.14821796916050617,3.5483473286392013,0.25575460100386965,39.478434059434115,43.38098716602008,18.210602579642853,44.53563181228574
12.918573143434015,77.68237570042169,3974.503968716241,0.9058043436748227,14.887598769115504,0.10254960312837588,20.0,15.013733244153734,5.0,48.32869417612733
12.988795635223156,77.46297610595876,3672.5762035692032,0.1877429500965508,7.808136542711893,0.1327423796430797,20.0,36.931665819382914,5.0,59.02365306698027
13.181097770473004,77.49996790023006,2701.205747788052,1.4558784605221893,2.0449097744295592,0.22987942522119478,49.072330279752215,71.04923224986327,18.57987080750072,41.44578622718329
12.962001410740639,77.54809556154014,4525.153107598134,0.4222152803688024,17.802135402103687,0.047484689240186624,20.0,23.189611296292995,7.9129006015835746,48.23573264298591
13.073123386978379,77.53989401224668,3846.754874294788,0.3821365618420421,13.022977371111146,0.11532451257052122,20.0,18.55962460150562,6.8145944556548015,52.0128842144633
13.00143368035884,77.49027029057798,3914.8854091923704,0.10002901888999595,19.244785300805873,0.10851145908076297,20.0,27.12067049088575,20.229464889005158,52.82485234501879
12.867673549584229,77.67591497894644,3680.423064119357,0.19716248293167116,19.098434544261405,0.13195769358806425,20.0,16.85091081008206,8.048482561994822,44.81347724943202
12.956324296420972,77.4419774412697,3466.1488809790467,0.4283631644966171,10.32748516208821,0.15338511190209533,20.0,18.276507623502575,6.893584916823814,47.731422112480374
12.847496465276798,77.67241520669467,3535.182819471088,0.14177829240912782,1.8581781271139153,0.1464817180528912,67.16291281700799,83.74351965912344,17.672329036529057,30.317917187134356
13.10838705203387,77.4853212194486,3249.2130488572075,1.1031782124678426,5.569706092278518,0.17507869511427926,20.0,12.209481072241783,5.0,46.72242680426226
12.916428356244555,77.55163458708235,4300.719156428397,0.33928456452084993,11.200284142654764,0.06992808435716033,20.0,22.744446644495273,5.0,56.24526407084463
13.018836537070674,77.70254860070732,3821.688036677173,0.4440956391358513,5.377862888352946,0.1178311963322827,20.0,17.398412386178624,10.034670646674783,48.88869418650795
12.956078313862175,77.61603999245433,4735.312256233309,0.11627781885937027,11.54556731575906,0.02646877437666905,20.0,17.57491718120794,5.0,49.7516237334756
12.89865913487555,77.66724970232467,3970.517166099102,1.0212179738323415,15.141340397669895,0.10294828339008981,20.0,19.317258263725506,5.0,47.19957422119622
12.814435557461158,77.45652509865262,2907.9832605680704,0.342284784881965,16.87255927092337,0.20920167394319295,20.0,23.54964130973563,5.0,50.98253940064834
13.017876057574156,77.59414987201198,4537.217532763806,0.02850289038660691,8.512961563755518,0.046278246723619354,20.0,22.460727216760937,5.0,47.141424773391236
13.050687196701691,77.7660494607229,3111.8871256118136,0.33264864742360317,13.772944901926257,0.18881128743881861,20.0,26.286577742041942,16.310549220952904,44.19581413324501
13.124311272278842,77.52388416891402,3317.1018614543896,0.09329809583069468,10.683412128416505,0.16828981385456104,20.0,21.277907028120826,7.193629782339022,50.99758304091818
13.146237649034747,77.50150589910969,3020.989639214618,0.1326069885280074,5.192794643300914,0.1979010360785382,27.548447099209895,38.873631837197514,13.982168175200652,48.03249882422802
12.96815172124166,77.58376430586196,4886.288569682584,2.5306801703808346,13.163288371309866,0.011371143031741556,20.0,26.06681787369603,12.414319111323891,53.827932423019355
12.964930834068564,77.43359088171194,3388.528189941855,0.759463253710895,7.18917666462266,0.16114718100581446,20.0,22.605271839478977,5.107010093956135,51.15444961335234
13.110605672424006,77.63453163595834,3553.7250428649727,0.8461385445690209,7.895628173766769,0.14462749571350272,20.0,35.48874208375645,12.054429274799151,48.01885838577266
12.915309604382026,77.53529101883294,4182.3103347905635,0.09536286804042263,9.50510787466055,0.08176896652094369,20.0,10.0,7.021933911762549,46.2879224625575
12.849871196559159,77.45933727118819,3180.2772905534102,0.2538230052163243,13.180766390518425,0.18197227094465898,20.0,22.721583285354473,8.187742589167645,44.009296942222456
13.132740579684691,77.72532797563272,2925.0038546024202,0.8770329004960388,6.21385003125585,0.207499614539758,20.0,26.954327912532857,5.0,55.47987162470085
13.088601800231434,77.70010666849053,3424.529328950625,0.5891795833104817,18.088828934970547,0.15754706710493752,20.0,31.37308297057481,11.836117917518663,41.35436225433014
12.801010213560586,77.50640238002545,3079.591308949567,0.2699784962578826,20.55828375825344,0.1920408691050433,20.0,31.861152043053156,9.934799300183817,53.35753536528851
13.00119625665305,77.78604343606162,3062.823507809572,0.8312745099789094,13.169903062195853,0.19371764921904278,20.0,21.757058761371944,5.0,54.86600178064278
12.828375277344993,77.58912294321455,3566.7059153601804,0.11044224000193581,7.7037412778881365,0.14332940846398196,20.0,29.414510939081783,11.423121918969862,48.82180623587794
12.935219139695276,77.44898019012922,3499.0437706810353,1.9277536533180735,4.392721836420349,0.1500956229318965,20.0,17.1016183975799,6.736229120770354,52.04557426627764
12.958069058341461,77.5363432438473,4401.925086665383,0.8114708543701291,3.3714388461676617,0.059807491333461735,34.950222915988064,46.074637133793495,15.287685278763199,42.71811426942887
12.924034094575036,77.52899228542579,4189.636651214529,0.31094423753839656,9.408237755975785,0.08103633487854711,20.0,21.331049286618438,5.0,53.056492215883246
13.188335966130238,77.61686238073074,2821.236758842128,0.1874392200050891,18.246698789869846,0.2178763241157872,20.0,20.335651729652216,5.0,43.69313757606435
12.859541098559179,77.60780170732399,3871.661288956547,0.7356963059392942,1.5450072990008765,0.11283387110434528,62.455262495219245,71.8262632805273,10.78361175314895,29.249514029897675
13.07084806500736,77.46150284518413,3339.7280033745983,0.7105727178859078,19.526778813729152,0.1660271996625402,20.0,24.519889932524645,6.732206986215074,52.33490831120437
13.128808295749801,77.50276564314666,3179.340851471002,0.4527385264467912,4.826145768410556,0.18206591485289977,25.436180542226325,46.106146548018216,12.103786884820508,54.68799820900877
12.961450782484702,77.74194890949481,3523.0197108464063,0.8175940724442314,5.77775186787887,0.14769802891535938,20.0,10.0,5.0,42.411140532804744
13.143313414364036,77.4732340610831,2897.259221831317,0.5536646704855556,5.701473540366522,0.21027407781686827,20.0,16.370519273502982,5.0,53.55513273291007
13.108608803545557,77.69993935578704,3271.7699190613193,0.1635029064319703,4.82590268250731,0.17282300809386808,46.52361391289238,78.51149400401215,15.044608695100319,29.166617229822002
12.894755284609419,77.760669457191,3170.1318382142144,0.41749207167573643,13.964293688165553,0.18298681617857854,20.0,13.188908333128861,5.0,54.68032195793484
12.986468754990394,77.54087075005354,4442.513482246144,0.28540921402856134,24.32744346791295,0.05574865177538561,20.0,15.689441110580157,12.177978132571212,52.703951203760525
12.821424333211759,77.41565949054694,2663.925582978737,0.13111339113907586,6.259866886181523,0.2336074417021263,20.500727005342156,10.0,7.186532967206058,59.00468459173104
12.918922135237198,77.56407711987144,4391.181172489676,0.8944663713686187,11.148414937365844,0.060881882751032415,20.0,37.47090893139979,5.0,52.12817379067962
12.873122250992958,77.75068633029774,3154.4429145835393,0.33266757092886945,16.080343871305462,0.1845557085416461,20.0,32.2229038471241,16.367544509452188,41.34720672240835
12.87116446860423,77.76642580893649,3009.738595474708,0.7526282121027643,3.240555318037479,0.1990261404525292,31.004178356445273,39.60498074492035,10.055117275556642,44.9710103107012
13.130696872722392,77.65337759044367,3303.927476538559,0.7475007888666804,1.1839771322194206,0.16960725234614413,57.62158545212972,55.406623212900605,16.85662897511916,25.17976677634922
12.88950087305645,77.7262277221968,3448.6739899166832,0.8980884160099211,21.8993889700879,0.15513260100833165,20.0,27.441858355951283,5.0,66.40149794844558
12.912269161911084,77.47349318408574,3651.407800362776,0.11661810045885135,19.5383481340942,0.1348592199637224,20.0,29.86784639238732,7.519189357167646,47.40020362636213
12.825328930002735,77.70331206419246,3177.5418024237038,0.44826033051833025,14.08693138614589,0.18224581975762963,20.0,33.75123005874712,9.758011890037022,46.94573095802715
12.83850510807945,77.53194584900616,3528.9529955809967,1.714106214231607,18.09663184796674,0.14710470044190035,20.0,22.883996926705024,10.58776156502402,45.33141604707442
12.93893242080526,77.58402690103586,4656.63996269947,2.1873975352222357,20.111457591054712,0.03433600373005297,20.0,23.30832794260274,5.098639827576493,52.07698846051752
12.8216181589153,77.61281695132176,3489.1588445301104,0.669063367808274,7.181554243722109,0.15108411554698895,20.0,28.08925462421801,12.906913115571307,50.106586542068136
12.918874852407797,77.42397931299891,3214.1847793978322,0.15759626437970897,11.966184098263582,0.17858152206021677,20.0,19.443954974611867,5.0,52.42737597546345
13.098773299815994,77.55775443532997,3675.9666234591373,0.44387748606941846,21.393430118140355,0.13240333765408627,20.0,23.11732921344901,8.174529244758519,47.295640331022106
13.018195624840969,77.64597522508453,4306.41756028529,0.7089248478831216,28.89921115706452,0.06935824397147096,20.0,10.0,5.0,45.08950624868973
12.994292318832512,77.60693649788527,4741.711302208229,1.299801755721142,19.474640096327654,0.02582886977917703,20.0,20.139509177148835,6.186946426774001,49.76877099554821
13.08327948859752,77.61847727317749,3857.9653092923945,0.9226740253730821,3.3851714239697457,0.11420346907076052,43.69743562388252,47.54472237656651,21.082099056054446,32.916889904252116
13.009068565018017,77.64893501202228,4339.985841366226,1.3958057665906853,10.853943594997215,0.0660014158633774,20.0,22.88276495128742,9.241229842877399,54.533958263417716
12.966071913987353,77.60371319835717,4893.411952236494,0.14540905574646934,14.722835596604545,0.01065880477635066,20.0,10.0,7.254990985303303,52.24706443070651
12.806816926162885,77.6312537626958,3311.8957454301326,0.1342268707365592,10.325306998961773,0.1688104254569867,20.0,21.43466035559547,5.0,48.85431474742454
12.924790931541319,77.52036093191504,4122.359520071375,1.0492855966599748,8.478918635639998,0.08776404799286247,20.0,41.24493867354238,16.947978287081654,53.79935910308508
12.93851666060538,77.5761716507621,4621.303366646412,0.15662968891566204,17.259213727003374,0.03786966333535886,20.0,30.482279713073183,7.925060315398252,48.49704715414337
13.016602406238073,77.72406077716944,3629.4048959472993,0.10122183737686882,15.617530561884392,0.1370595104052701,20.0,16.142248476935855,5.0,43.828672152866275
12.971389394278349,77.48548749464503,3908.872913927588,0.48088672576781777,18.613900171709293,0.1091127086072412,20.0,28.711939870727377,5.050692329793046,47.11669529541504
13.074394603719874,77.56429725377012,3928.319684654129,0.13501643724853202,7.14512098946029,0.10716803153458708,20.0,28.519876411931158,16.270560753500355,51.929894489216
13.118370001527646,77.5157191501553,3333.7580661666725,0.20055187431718263,16.000842824626947,0.16662419338333273,20.0,10.751109334445417,5.0,55.46783049986958
12.853255530479942,77.65727344903338,3660.8444944770526,0.15820385684354918,1.6248799650096801,0.13391555055229473,58.157007210188716,60.46791306579984,10.977498057973104,32.01547687559263
12.868924549988893,77.6743697117052,3699.790211523019,0.1703564758259944,8.378411207741076,0.13002097884769812,20.0,37.88277302745497,18.453465079651703,51.4517265760489
12.935719068073398,77.43615607799379,3375.441053804677,0.2239945108605625,17.205941397903526,0.16245589461953233,20.0,16.984968308326927,5.0,53.989611994034604
13.078535082139075,77.60679572899251,3923.717156238692,0.22188708435689236,9.33363963507894,0.10762828437613078,20.0,15.84690274560135,9.70612919322766,52.48474042127646
12.897629651177569,77.73093675862499,3448.893161085234,0.09987184735473256,5.631384804837529,0.15511068389147656,32.039391364993236,29.698529153332714,7.95204251669353,47.44955265264712
12.923130519103255,77.48159851809915,3770.421800364507,1.59669302010456,13.186640634212315,0.1229578199635493,20.0,18.88526930719901,10.911884117004416,51.00583196282917
13.007869325152877,77.41968891112306,3213.6810766505987,1.8481182280084132,12.925843156164062,0.17863189233494012,20.0,20.604823866607926,5.0,43.81102293181705
13.139063725323897,77.47103383321131,2918.8297312759764,2.944426822385989,8.681603273251534,0.20811702687240236,20.0,10.0,9.912922416630352,51.274089378622406
13.11513526466356,77.76256428178323,2790.602522021134,0.4665748842902563,8.517592538463996,0.2209397477978866,20.0,31.71618258765491,5.0,56.74769674969132
12.931427153434669,77.70298623390013,3844.0833377697036,0.4226837482389842,4.54978793887842,0.11559166622302965,23.12891910366607,34.44234453374145,9.56194506970733,46.389721024843
12.926734662423534,77.6370150452573,4382.591336307217,0.1983602288929399,10.260425623229036,0.061740866369278315,20.0,40.17269803012948,7.211645758644953,51.453301946734086
13.014056811563698,77.47854838886663,3764.2590362536844,0.513605160496991,3.1376307183094765,0.12357409637463156,32.54624578932334,50.916225700727026,14.218283044832287,43.71294985889348
13.01894979771177,77.56788957090427,4456.359460137175,0.9888622540876767,4.5076663953335165,0.05436405398628249,25.061640487858455,21.460111213220927,6.168753423280897,44.161358323596176
13.106821738900084,77.48046715513796,3230.5021913699575,1.0740489784232259,6.028736249351267,0.17694978086300428,20.0,19.079832689195555,7.774659590184495,50.250690125785326
12.929115225608436,77.65287828098772,4278.798634916299,0.3050524090898236,12.288647732182817,0.0721201365083701,20.0,25.43863377128565,9.043526468143193,54.061853195357116
13.129074560021987,77.65469701567154,3314.476688184225,0.18884705754006959,11.443093236716596,0.1685523311815775,20.0,23.051743911856978,7.160002427039832,49.90693322958452
12.906406463569903,77.62120304866323,4295.875054380204,1.015146436090805,12.446890867480377,0.07041249456197957,20.0,20.042254502081953,5.0,55.78384943721692
12.856165852216357,77.57985456096553,3836.2787942614714,0.6051674270307349,8.173256845262243,0.11637212057385289,20.0,26.31648193722564,8.262704967838758,59.43606715082416
12.856341057834086,77.63002346104818,3794.2037758461165,0.11147886559845208,19.532557309487203,0.12057962241538833,20.0,10.0,5.0,53.46552757770553
13.100634046354863,77.40271967146113,2687.688481218542,0.24401119787060238,12.079973470364594,0.23123115187814577,20.0,32.91488843665811,12.439124733737598,50.53108631961001
12.939613427820245,77.50006853207948,4002.0351094843713,0.6473527633338239,15.45317898641041,0.09979648905156285,20.0,16.655873762340384,5.0,46.86010839883496
12.928047494752073,77.50342590044521,3989.577457545717,0.8653433265984367,12.717471830015125,0.10104225424542829,20.0,13.728854023915762,5.0,43.84282344284374
12.88179024664969,77.51187097635788,3778.9396759528418,0.5195499836493978,5.709359831137706,0.12210603240471582,20.0,21.91166473488704,5.0,42.69531434689847
13.074406570817194,77.71507878720544,3416.196692461941,0.5236375419541367,12.913433954928516,0.1583803307538059,20.0,26.642512699082058,13.128177295842447,44.37186921210799
12.895678836234243,77.7296805099471,3450.4591881748956,1.676398507615129,3.7686093399276763,0.15495408118251042,20.0,10.4824267597173,5.0,46.89946333442111
12.84775390518843,77.66327037687502,3583.897042576576,0.11018954216139902,2.94726390781579,0.1416102957423424,56.19310204316361,51.350045189188066,12.204320615284754,39.043388579910385
13.074885840169758,77.46641815660323,3353.836285293354,0.5935421942216251,3.2014810643618596,0.1646163714706646,50.031672944600516,40.62130788286459,10.170403772892833,34.303346945947226
13.011042613909101,77.56376087988502,4499.32334571619,0.23398177627717376,11.641327811110232,0.05006766542838101,20.0,30.485770987676425,8.269483864253468,47.695495077658656
12.916586635152498,77.66816501258718,4081.3988140222905,0.9072940575686791,14.121280063543798,0.09186011859777096,20.0,38.65305962010001,13.880201949474037,44.81521509626873
12.914328932675245,77.63241189344396,4313.726407448607,0.25706258143623345,18.29874116083709,0.06862735925513931,20.0,31.218103756566215,5.0,52.977187293375515
13.047367458460887,77.61520474890021,4214.808084678474,0.08295133458397735,7.271741841715808,0.07851919153215263,20.0,16.394451741873183,5.0,42.17766997778462
12.937096943277982,77.57305111855274,4593.205799599989,0.4451851266564325,25.035329740205178,0.04067942004000103,20.0,17.25602641330774,5.0,50.38231996696326
12.900058359806016,77.71861934977998,3568.2526269800296,0.12689589505931173,0.33981118867901444,0.14317473730199703,71.0910078865088,98.17792867890859,30.537712410132574,24.995163268182928
13.11147840747191,77.50098089787737,3316.8331883284645,0.6352017809805522,6.314626386486808,0.16831668116715356,20.0,38.79997118024479,13.455060998230683,50.140123232671094
13.045773251173097,77.66812943899183,3955.574340221381,0.1371374355933038,16.439349327434734,0.10444256597786186,20.0,13.239071539864126,8.595662507725839,52.78924910631997
13.01764591050618,77.45992055629941,3576.6666437603644,0.5825929178350214,16.265506980377893,0.14233333562396355,20.0,11.772567739511961,5.0,40.65551014555688
12.960525057650283,77.6826678031892,4112.385652063801,0.0832795529068292,2.8249032317602416,0.08876143479361988,72.24180242331397,78.68467549558667,24.27849950617453,17.20930451253723
12.857860610897266,77.5906428932187,3861.9179586891855,0.19817036690618936,18.42028873731613,0.11380820413108145,20.0,35.213019891473635,5.997742161283643,46.145933922698646
12.875926171673466,77.49937454726754,3650.1345150438924,0.20936566354170275,14.733099960477999,0.13498654849561076,20.0,12.665065124649622,9.409990191398743,53.35532537946621
12.890236469026275,77.66754909281134,3907.2239792844043,1.3938639893519031,7.872375466014646,0.10927760207155957,20.0,23.3870837835632,5.0,41.73584889607635
12.939135691652645,77.77581887174884,3158.9619560043147,0.5867057867169494,5.471412905580438,0.18410380439956853,20.0,10.0,5.0,47.27039033848493
13.181068587400581,77.67070349895259,2771.349474223879,1.160199529341989,9.150111933051608,0.22286505257761208,20.0,14.85518907516237,5.0,44.79255306622822
13.182068122265644,77.55028502922535,2849.1711568610594,1.2983247421447954,8.48949124210716,0.21508288431389405,20.0,19.160073308085828,9.826862967221107,46.151517276517325
12.956751471885438,77.41879902568746,3235.7307077317737,0.5459007034045537,8.96036368496791,0.1764269292268226,20.0,39.95256904654583,12.700030626885656,52.47254278621897
13.178227359998688,77.46569459674247,2564.6053935960454,1.0341835874925145,3.263222325229789,0.24353946064039544,44.48284067604409,44.15952844798876,9.473674113943964,35.58436181774751
12.913035014807054,77.49712425765634,3862.8378375931647,0.7749221342490673,8.66528199974451,0.11371621624068352,20.0,10.0,5.0,66.46084698945836
13.101547655226183,77.65369754647612,3572.4526943641977,1.0751744018503848,17.62093640584752,0.14275473056358026,20.0,27.72540448187661,5.93371117288569,52.10748329091504
12.873312374774429,77.66213929716952,3807.439144754665,0.2977027292995818,9.82076633936897,0.11925608552453347,20.0,15.055042427722118,6.440689206356087,45.26558840323209
12.978634405501419,77.63808731029316,4559.474289366458,1.6502801459981278,15.197343599402405,0.04405257106335424,20.0,39.528584983416685,13.240556482187195,49.54239839051005
12.87024363465903,77.6793853749197,3678.57377824537,0.5252932462415609,3.384099565823919,0.13214262217546302,42.156269535605134,56.35790740771099,15.869869135991886,38.03193682074383
12.94484456114504,77.57094866230541,4642.895073813734,1.3306945132938794,5.353632336344251,0.03571049261862664,20.0,15.280212353921462,5.0,58.33345807638943
13.00470791496668,77.79038595184008,3014.3446177302867,0.5716326619532003,7.521766683101994,0.19856553822697134,20.0,31.026080845470972,8.404404792689052,42.63150331186164
13.007868251926974,77.7006190258896,3879.4902968551824,0.3675566392401227,11.365855665545213,0.11205097031448176,20.0,23.21148771284633,10.308069673971605,51.05651131049537
13.089499301311708,77.59361226471069,3820.965612427247,0.2775075725478509,10.304684358464213,0.1179034387572753,20.0,21.05171917026707,5.0,52.37197802723553
12.951739383083485,77.52738331611299,4299.105807052807,0.8079574705925312,7.457676372730508,0.07008941929471935,20.0,11.936078365492708,7.691032614220507,41.67608260197015
12.80695316616697,77.59553247940308,3353.5052563376125,2.375328021295749,23.001443988589873,0.16464947436623875,20.0,18.18769732170455,5.0,47.616337646748356
13.000689163381143,77.65247535715818,4352.254958150828,1.1729731007128528,11.385069295395649,0.06477450418491713,20.0,21.599571808280835,13.366160329083886,57.32555309161537
12.907697146083338,77.44590797095883,3381.5781069487794,0.11521105902706139,10.823063090071674,0.16184218930512204,20.0,32.69938949956337,17.492401171277514,45.774523424033035
12.966924934405046,77.73221915169967,3623.014627788186,1.698770749920964,4.2785724144044615,0.1376985372211814,20.0,26.52249896211842,17.795207368097905,60.24499921074974
12.836961325231256,77.49759406168394,3340.550548764355,0.24647423302008892,16.527196884952815,0.16594494512356447,20.0,37.54865939883669,20.786749390221683,54.57556722511116
13.03339846108571,77.56211368592878,4301.8302216154025,1.4050517787367403,16.284470183702176,0.06981697783845978,20.0,25.291739837893104,13.475563048753092,43.918529091885944
13.01538430954703,77.75641546356896,3323.6554646330483,0.41068801089415224,8.583134236170132,0.16763445353669518,20.0,38.145693720798036,14.836784343991292,53.64709273387146
12.898435225194822,77.43993676426518,3289.0411822531873,0.17766399249225118,6.669186528005558,0.17109588177468127,20.325841152847246,25.723031769583642,5.995430815005656,49.322161022008636
12.837126732167105,77.62607363416194,3618.9261638486787,0.0728469651084818,18.981913057883524,0.13810738361513214,20.0,33.05089609370751,7.134030072536236,55.9836025788509
12.944192757070672,77.72767990303409,3641.2720082169053,0.5971880776184226,9.030382927191752,0.1358727991783095,20.0,17.99109284374913,5.0,52.826666663764975
12.883548617103795,77.79958322950014,2769.05467556368,0.6649724274754951,8.112412819616937,0.223094532443632,20.0,20.974012629552647,5.0,47.3106300786493
12.80795547349007,77.59637664591479,3363.458294837377,0.2430763012471721,15.938504730506947,0.16365417051626233,20.0,10.0,7.2461457244969845,46.35146060662403
12.812941553537662,77.59853621315503,3412.927336009959,0.5949241008440774,5.153251639880705,0.1587072663990041,20.0,21.75946832036913,5.0,43.704102898990804
12.980100994719804,77.58349018106193,4860.108975247605,0.38427438561046545,11.936122185013541,0.013989102475239504,20.0,30.704399078019392,9.773553543775982,48.743776969477395
12.847208270227123,77.42152101478295,2868.577058403211,0.21605245748280894,13.279651489059127,0.2131422941596789,20.0,35.64088467247823,13.743080912650358,54.97098459918578
13.049057653030392,77.62890638261864,4152.850904423967,0.29102516207497797,20.19146107306381,0.08471490955760325,20.0,28.416625115544072,13.637601612660257,49.280569918910764
12.892789171441551,77.48264768789646,3630.8956619965847,1.1942864665078443,7.326156729229496,0.1369104338003415,20.0,22.982340390062355,5.0,60.17094462895306
12.873725835039313,77.6238742554648,3978.4162197954483,0.7187758474353075,5.43264459026826,0.10215837802045519,30.4725367994497,63.9990808614634,24.70194787973922,43.87636115821357
12.880103003743832,77.47152839365235,3466.431592236838,0.41846522202668485,19.762977932675998,0.1533568407763162,20.0,40.22017623064413,9.02953177845743,45.67284834740079
12.97107778284388,77.51661653375639,4220.147852594723,0.6524726241522516,16.31854809971789,0.07798521474052765,20.0,26.72231747407927,10.17726606884915,49.1594311289114
13.020738604501343,77.63421190002602,4368.834009470525,0.0780520378788758,11.768406751499164,0.06311659905294745,20.0,23.447611054823348,5.0,53.84812142860646
13.014730308816587,77.58748573090395,4562.868856819248,1.0611665032277664,24.91406064443073,0.043713114318075126,20.0,32.67798499435239,10.84687701872408,52.563358830309426
12.99834297342704,77.53935055551295,4386.18506503617,0.6185452897347198,18.374831007854898,0.06138149349638301,20.0,26.974246798441065,5.0,54.42378512555839
12.882034129009059,77.79026679126605,2848.0813572368093,1.5907009797491742,2.196708217785985,0.2151918642763191,39.00224625147586,40.18123398257653,5.0,42.65144427190616
12.955063035866132,77.7284756561737,3651.0684784354844,0.10994240701661212,1.9903827056046555,0.13489315215645153,71.61450241677795,100.96696877270769,28.415160580445974,20.423878514565082
13.086665454622572,77.74520972154146,3104.6544623659147,0.4516975228823515,3.8656732846662227,0.18953455376340855,23.870863710518236,29.810370509604986,12.571170010498562,53.55773931106951
12.963931714439589,77.62571930440731,4679.498251138785,0.0759955968719741,8.429687599470855,0.032050174886121496,20.0,23.049340641363656,14.676192480446804,49.320579269666545
13.103003650702865,77.6237584757895,3654.000886760791,0.3450748442949172,12.060168995704135,0.1345999113239209,20.0,20.372578584253585,5.0,49.635934457872715
12.806459322941707,77.7225680792999,2910.8070328718295,0.40692662018072323,9.255488712562821,0.20891929671281703,20.0,13.166747390869599,5.0,52.90940031669813
13.069377109837752,77.5222982122811,3783.9444208601067,0.18490730079919865,18.26720803702072,0.12160555791398933,20.0,17.425429341193148,5.0,47.84957075624926
12.884333425698724,77.68997195456097,3707.279430539579,0.6250956343805597,2.9568180142753544,0.1292720569460421,39.12255532831623,47.96464051684485,8.593525748858532,38.726974052249375
13.006205474903853,77.51699188142678,4150.261277697861,0.557913188647976,21.868324615768984,0.08497387223021388,20.0,23.75037984947658,10.926145917570626,50.40772664821407
12.901238015755268,77.75954319028028,3206.760895845353,0.40703361512489333,5.842914996497692,0.17932391041546472,20.0,28.009481381080697,5.0,47.745030664766404
12.991542340041601,77.54921535999202,4504.272002506529,0.45336958906732644,3.6421790792803193,0.049572799749347106,43.38934021627896,53.74096529791528,12.858847441106317,39.01521487988372
12.844668377231855,77.72220309870345,3200.1614612061408,0.27463135147466755,1.795880014575421,0.17998385387938592,56.249025317598,74.53149599630868,21.211453601672883,32.34276276141313
13.145267472789191,77.77259977895191,2513.1483274647294,0.6366867680687939,9.384044642172432,0.24868516725352707,20.0,19.997421774973997,12.41723187042882,47.62438419510609
12.96945394083481,77.42074839549852,3261.351503101355,0.24851335020150728,7.073037161309088,0.17386484968986454,20.0,11.31123955137425,15.326818061185172,54.920418263769776
13.017483978933715,77.59389371122282,4541.1058546215345,0.4675588219711391,6.063783747139442,0.04588941453784654,21.975109022563274,37.239725879397405,7.390290825989035,45.1077287489826
12.898906635204556,77.74940705020556,3289.7500744443496,1.0025342240317148,1.3968579805335097,0.17102499255556503,36.40888442958167,51.25266942210887,25.472658881898884,39.827810206472265
13.01212724273157,77.7617606324602,3279.967022179051,0.2772699671817785,16.404951603570105,0.17200329778209492,20.0,23.779580696118632,7.101431995521224,57.47576213112485
13.095742834146133,77.41246272920101,2795.7897404299515,0.292863407744449,3.1933127205205407,0.22042102595700483,44.58973781257443,51.04436932592046,16.537347038410996,42.31603551852068
13.171346876814182,77.69460527293897,2766.172132580084,0.5386536610620982,11.374560826547324,0.2233827867419916,20.0,37.98591599679747,9.288117730635582,55.33901248952852
12.88963624286884,77.64310763573818,4047.579493712806,0.3715952774260205,11.05899961670581,0.09524205062871938,20.0,26.96121413329449,7.422226575999855,46.97948097336564
12.882393276986841,77.66620848959813,3856.0762607029865,0.5259970848677805,2.8291326317658836,0.11439237392970132,49.115810778299796,59.927507447187786,9.931160970956265,40.01685840539136
13.071459475776818,77.5715853484986,3975.22738687299,0.7865637632294648,10.158486954752684,0.102477261312701,20.0,26.377542184980648,7.35695817018544,51.67259692747561
13.061647759400312,77.41524129262909,2993.058424298808,0.4227842063845932,3.016280090028572,0.20069415757011919,32.55133794369111,60.72549103487147,21.770355999980268,42.56046909757673
12.934281911800058,77.49077165093857,3896.6883588160176,1.5274341050556337,8.48752058230937,0.11033116411839824,20.0,39.71768120749972,10.15924900437124,44.51870362868823
12.870461617750477,77.47868712033426,3461.6642747288342,0.2182432992976419,12.644985004317178,0.1538335725271166,20.0,15.92418676466924,11.823796041276424,51.48408739616523
12.85780082716581,77.41428748617496,2867.7979837817347,0.12454230984240074,10.101523116201028,0.21322020162182653,20.0,43.141018075137325,13.979417237749342,53.75847916489475
12.850610684171588,77.62954522385866,3740.6516282156526,0.21277654198318696,18.73818791995656,0.12593483717843473,20.0,22.485512011877987,10.982156006434558,49.82460964639996
12.977252352302434,77.53586131744294,4409.899846204877,0.03836552784173679,13.710460726554908,0.0590100153795123,20.0,22.801893561399968,13.478211738590154,57.88261331847947
13.173697411071712,77.54541427065945,2920.0336653529607,0.28303854031675557,7.493583887974479,0.20799663346470393,20.0,21.497162636543667,5.0,52.45882890655847
12.888080903222393,77.53313244837616,3962.999545362871,0.11764564761609453,12.214248473067137,0.10370004546371293,20.0,31.42795005530021,5.0,44.57965869765567
12.866999157366715,77.70514642002024,3478.0983192438125,0.8049381139280427,5.158794806690329,0.15219016807561875,25.786032486053507,32.83609016453907,8.068716210327661,42.377815975699065
13.167307261941856,77.4577969731748,2612.1892762340663,0.3876491611822276,9.500055966901927,0.23878107237659338,20.0,19.00858608391474,15.309078513279502,45.46943910119605
12.925532063273707,77.5971017065198,4538.641860402466,0.21526627011738414,1.777777060673182,0.046135813959753476,69.71632020411317,65.92010742178812,18.972624477551452,30.869725019128147
13.194952648956889,77.62251671847885,2749.09464955351,0.13058521108416052,17.2378903488343,0.225090535044649,20.0,54.17753947748737,16.25177591108588,55.88999223406252
12.96919298780733,77.47224856150186,3776.248872921439,0.644475620954701,20.38964535335535,0.12237511270785607,20.0,25.511188793209307,8.068662925015731,52.86205368215904
13.0511276490878,77.50832076199768,3826.5966644118907,0.4459897254055178,6.263598171289302,0.1173403335588109,20.0,31.621160172985043,5.0,57.21216731288212
12.888757775422025,77.62450324766374,4119.259493728907,1.0565397885672543,21.97146926969201,0.08807405062710927,20.0,28.520184248228876,5.0,49.59554926405903
13.118177071787164,77.47251239917269,3092.377913488398,2.09442219606034,10.184495782442381,0.1907622086511602,20.0,44.745860467834845,19.87503005658477,47.08040038816065
12.978971871713522,77.43181952171008,3370.5268150455818,1.453367755680795,15.735601066787627,0.16294731849544183,20.0,10.0,5.0,51.46221795597513
13.069236774247264,77.462519896188,3357.499056061154,0.6558755301199326,11.07546928703217,0.1642500943938846,20.0,26.25463154455705,17.506038538919945,49.420796915345264
13.027773845467138,77.71117646086485,3705.9531638174976,0.21096107194186406,16.992566650981857,0.12940468361825025,20.0,16.427651771805735,7.869781169840728,49.97956450749028
12.87301311212718,77.79222149823077,2791.5247109504785,0.16721212790475465,2.739950826064706,0.22084752890495213,70.6506175264253,93.40932944596312,28.940371137559396,26.99466689282261
13.024059014622285,77.75343977467992,3327.217221648057,0.13871599285643302,12.506504646765723,0.16727827783519428,20.0,13.191111506417363,5.0,51.8268407978481
13.092303725779123,77.55285499866147,3722.8142439834664,0.0811473200919143,18.256589753062855,0.12771857560165334,20.0,23.62157912332665,14.9485641783222,41.02793701635108
12.995047612493444,77.73574375597875,3569.218731481627,0.13087383629310118,7.062387467940185,0.1430781268518373,20.0,26.871388997373806,12.288242842708799,52.53645689588722
13.070192751304113,77.66091914634175,3811.776124578638,0.13959860072041952,7.941223397021455,0.11882238754213624,20.0,23.599568527150822,5.0,46.33603305494202
12.99521772902566,77.52733248635454,4287.068340135479,0.5912271786026495,12.7463113647571,0.07129316598645208,20.0,10.0,5.0,61.1196536209507
13.16720848682256,77.62187957614655,3024.9846736861264,0.5374046274979833,7.83476668424849,0.19750153263138734,20.0,29.63326619325328,9.932944678270175,49.31482120252585
12.965719505690736,77.5584042053541,4633.296337164479,1.5027051306385728,9.700824070288,0.0366703662835521,20.0,36.945702327898516,15.956511103435687,52.53582441858575
13.119034088395342,77.7427869516328,2909.6368005730305,0.1372780974541312,5.972294691448166,0.20903631994269695,20.0,10.797645840773662,5.0,51.18495880365732
12.948680381896626,77.73974666865576,3530.5489352867808,0.8469266485515666,3.303537957356354,0.1469451064713219,37.8179125088858,40.34430705731989,10.801487920117824,37.75412201278422
12.803211562540564,77.65312406420759,3217.3129281501933,0.23693787101785108,3.8148583751404423,0.17826870718498064,38.012996598287025,49.95612968715894,13.290745939582088,38.64868558537805
13.045197206561049,77.62472953318414,4204.74296083067,1.6633323398611364,10.94948381886414,0.079525703916933,20.0,16.9770374408122,5.0,46.171071683082566
13.041542897244465,77.57340285843235,4269.156125729378,0.07932121845513405,18.020704844641557,0.07308438742706219,20.0,22.752154176088677,5.0,52.79738418402181
13.151930123142057,77.58390575054554,3193.530507209619,0.4193189100910482,3.1370412525457647,0.1806469492790381,41.78497859877235,52.062503415455765,12.500264721575427,31.154113146491504
12.955458067188275,77.72289128954796,3706.971888597285,0.3461663812230425,19.930589536832493,0.1293028111402715,20.0,23.790989341329237,11.074119861416946,49.95584345632675
12.974671275549275,77.59872481305993,4948.573531835298,0.09546132707710554,10.693316503590715,0.00514264681647019,20.0,15.184900353254806,10.067633314062538,45.19422482368691
12.881033030604028,77.49262814703852,3636.1585597302965,0.8885897006925262,5.908895083799354,0.13638414402697036,20.0,14.166829469131342,5.0,51.55987029610134
12.97402004732537,77.66614597538789,4284.131071825167,0.7451712969277889,25.295371236154743,0.07158689281748329,20.0,52.51961879558402,22.484156320100816,47.79904908043901
13.022048025559672,77.43120930023305,3289.9846768755906,0.9340032604468307,8.258274584152375,0.17100153231244095,20.0,15.67849702339768,5.742847613398896,53.42285446236967
12.984727414416614,77.53098006530999,4350.398191256625,1.1993389872481917,7.623698956274299,0.06496018087433753,20.0,14.721319854490918,5.0,58.43966870029555
12.894909745057578,77.63710970637311,4123.160770775981,0.7360468372856285,15.411892430659996,0.08768392292240192,20.0,10.0,5.0,42.768837150479
13.03354727913579,77.42776186040882,3220.3250236469335,0.32670185320957823,12.545328970951427,0.17796749763530664,20.0,39.94371188164453,18.421377951489333,45.407355546824874
12.909127360454022,77.48773543933486,3762.1443938004695,0.5690842934835214,14.14893697245188,0.12378556061995308,20.0,21.602622323846628,13.14694482187704,52.15637175743407
13.052958206510095,77.60497558918186,4179.828638794922,0.3510267065361705,10.20822740609013,0.0820171361205078,20.0,27.25664720910789,14.966681469360667,59.93910455733503
12.87989091042262,77.564321221822,4034.217337126799,1.0752744412721007,7.540652924815183,0.0965782662873201,20.0,20.364058560071815,7.865855093373216,46.829676214789345
12.801139600733544,77.67572478865424,3112.197598998394,0.24823805344710875,14.073914343840386,0.1887802401001606,20.0,22.682977031068518,12.795187275205674,54.16495335381735
13.057023849151939,77.58571412609757,4141.152355831197,0.41252479421433247,8.540704205662315,0.08588476441688027,20.0,25.89766259799169,5.0,46.632343035333434
13.058036195134287,77.68004664682896,3784.5846272321237,2.211768691138081,12.263900306557804,0.12154153727678764,20.0,26.596330504822568,11.344927390628895,53.708864857152896
12.934333588114125,77.54568392112071,4385.0554311344495,0.08579553781093796,19.525674272626453,0.06149445688655501,20.0,28.294220603191373,5.0,45.75208054735751
12.892177166425206,77.5900240000639,4204.454509882396,0.4780049937481686,1.8659059008036374,0.07955454901176039,55.17913146134656,75.45529754593508,29.269173752940887,35.70756666321567
12.805854459664092,77.66004009523542,3218.035067526223,0.6416897176361765,2.647839884646461,0.1781964932473777,43.85995289429559,48.792343881037546,14.064897469245517,35.24288018421176
13.140677761301529,77.6160054613793,3295.7264555360443,2.368254768636268,9.600130515903396,0.17042735444639556,20.0,30.58183840778505,10.889976728144942,46.553785434419765
13.077470099205806,77.49463794340079,3543.947436890039,0.41027705795668995,8.271292013329099,0.1456052563109961,20.0,23.886219222669684,5.0,52.02537630151215
13.114179388723906,77.56911608936035,3551.610833015782,0.47904616454516735,4.881457763326863,0.14483891669842178,20.0,37.38502927479472,12.297539706502505,43.22296324073451
12.871015923456646,77.53185992377114,3814.5265241565753,0.9531787341445964,11.43808469726682,0.11854734758434246,20.0,20.106487474496483,8.547354901434176,49.60279332047059
12.922844858744842,77.5966295987675,4512.026325508483,0.4021429540832539,22.347318442332735,0.0487973674491517,20.0,37.06434045918939,17.94501697076312,50.76753152528958
12.890463649447467,77.70491709870926,3630.585174294796,0.2667647838656313,12.604860205424218,0.1369414825705204,20.0,12.85780059527692,5.0,51.48542385495523
12.974819700290011,77.4915346577539,3968.8437925191624,0.19083902746301137,16.970120414364143,0.10311562074808377,20.0,15.705825106861012,5.0,48.106957582258836
12.836781917081085,77.58917780274417,3650.729244924777,0.1727822721325164,12.206190032089395,0.1349270755075223,20.0,24.454084679819974,8.495953355396505,53.36570999580772
13.05465940322226,77.77976833073967,2970.562265735798,0.6016933203671909,14.072796829383465,0.20294377342642017,20.0,32.822572617297794,9.291496897166496,43.20060124467091
13.116354329551761,77.59437452376373,3552.4549484208483,0.08237155526653586,14.669285981925588,0.1447545051579152,20.0,37.685010800281916,17.88260274712973,47.96434250439472
12.954982842239694,77.72851441151496,3650.585328987775,0.4451150508346172,9.604004693396151,0.1349414671012225,20.0,31.028033684922747,10.684416288168029,49.34811735777168
12.885467682214054,77.5166620606255,3838.402024746884,0.878708489033569,10.264589262506936,0.11615979752531161,20.0,10.0,5.0,57.20081642172647
12.88453570174256,77.66838923936817,3858.726856638027,0.14967122711201922,9.026855425467717,0.11412731433619731,20.0,51.10492444283034,19.195434287354026,59.146264165087864
13.120623091927117,77.61837742365304,3490.9192267113704,0.7065173928127052,5.611515934496569,0.15090807732886297,20.0,37.03505141246493,6.205290558994649,49.74323049727462
12.875391114305764,77.57783552206062,4023.4142430330785,0.07446056110243787,17.94902032489671,0.09765857569669215,20.0,13.567087943384621,14.18952447044294,51.16017339251956
12.972132690990556,77.53064248894256,4360.402706357057,1.105147705006526,5.4281375643924346,0.06395972936429434,20.0,23.29322378222097,5.0,53.779204239374195
13.034050847209288,77.4211045712088,3156.07017138396,1.1770729366963735,10.463449545301778,0.184392982861604,20.0,34.683465380037894,9.699355227962508,58.997935086584945
12.931942496022542,77.72554352988901,3631.8287518911948,0.09115784767369385,10.943051735971288,0.1368171248108805,20.0,24.230652210820523,16.97467722535891,46.115346407342685
12.957494550942505,77.68091930518385,4125.358008066379,0.42950754080904485,24.58154086816681,0.08746419919336214,20.0,26.88741186597393,8.236796828178985,49.974545512092426
12.98703959727182,77.43619472236028,3408.4406028039216,0.17297823853756425,13.331396723548211,0.15915593971960784,20.0,22.11521843347547,5.0,49.423077554735755
12.924236891440835,77.66567837754502,4145.868873836114,0.17001182037914314,15.31634798277694,0.08541311261638859,20.0,23.155988956219083,5.0,50.79499738245879
13.149387087014217,77.44753226705413,2692.68193820534,1.150256233879368,4.0538647518336255,0.23073180617946598,49.597343595025634,82.60214480443528,27.469332913275494,40.81807412445958
12.86322248881293,77.45451937331134,3228.8911127604088,0.6364223003595,1.3294510551228618,0.1771108887239591,59.43693467036862,81.4222050549217,19.971901345560866,33.05713399808803
13.141897282286608,77.74757619189894,2710.8324735374417,1.2217871140945786,2.846423312653157,0.22891675264625583,27.403362803135387,29.510633350548588,5.0,52.60908971673908
12.836991300975324,77.4682461874559,3153.793408159735,0.2273047725553473,4.559653375270529,0.18462065918402648,30.81613581481072,43.196807856029295,24.86067302436073,45.27138916416408
13.124770760421992,77.73922751518568,2893.38185716932,0.5193240850177212,8.09731065201308,0.210661814283068,20.0,31.699210002370666,12.621920133994086,48.83370076844214
13.093733151061873,77.6059131456984,3773.44001965272,0.35615121246280457,4.197969388147927,0.12265599803472801,36.028854926435606,35.954436856616994,5.0,45.62358430807157
12.802591457001636,77.47850968716624,2949.6134915516354,0.6480611237974241,10.222205327290732,0.20503865084483644,20.0,29.652765679538522,5.0,50.5454089365158
12.964265614097394,77.50178221872984,4068.9289105292273,0.10201015135984201,8.483086198395002,0.09310710894707729,20.0,23.67439973045736,10.0133145418613,47.182529389276304
12.853424740148357,77.48804850327416,3408.817625301217,0.16947221077422048,12.289925780256388,0.1591182374698783,20.0,27.72954335598658,14.300597447614578,53.28347981525498
13.013683549016083,77.65801138325129,4238.946215853881,0.45155860014609717,20.107942187007524,0.07610537841461192,20.0,23.717237919006593,9.61365129825927,48.37152159466533
12.91784682425222,77.70257932618789,3793.810181316304,0.19129485270356916,4.357313907934049,0.12061898186836964,50.82623602710783,70.87394066532764,12.699634244341556,35.06425084114198
13.170494478200428,77.76632843642078,2372.269623151077,0.27427435567645386,1.606976183693469,0.2627730376848923,62.143570080824716,72.97760613988598,16.725157347149526,27.17777159213135
12.865561851402084,77.63989152706402,3846.9426995216204,0.26664763240545863,14.330438850003457,0.11530573004783795,20.0,16.542668785354905,6.449006341826885,38.48461779220541
13.035457867172404,77.76895330531647,3143.204311869843,1.8941409036406271,8.360391875888206,0.18567956881301573,20.0,14.984766599802747,6.633412283001169,54.101145538563344
12.82085305012436,77.40008770146848,2539.1124126278232,0.8623462225083369,6.4956438381901025,0.2460887587372177,20.0,32.513861003160955,12.754740417588346,54.10744429331157
12.959222299679295,77.46925183970042,3740.4219454230506,0.08076408181632871,15.950500369552634,0.12595780545769492,20.0,20.354873630858272,5.0,57.862870735558076
13.131844101785004,77.78195654784274,2534.626840082186,0.5701628275743523,2.012078589029679,0.24653731599178139,38.213446076089795,42.37898742042787,15.222850330067683,37.24229707524508
13.054366994235467,77.70485517821201,3621.3564761934704,0.07381116113035487,9.720165539286647,0.13786435238065298,20.0,25.82018470880098,10.061432444320609,41.03955503137762
12.94846430798637,77.67694977464983,4144.620222951995,0.5305821310237859,17.448168743538158,0.08553797770480051,20.0,13.35026093693059,5.0,55.593683655159
13.132578786620757,77.56513285604808,3363.4645645579785,0.4921487316667898,11.412763738112336,0.16365354354420214,20.0,28.759377820015793,6.69124282277855,46.827953445013925
13.013873836773964,77.76949310558041,3200.7035915349607,0.1246049240667567,8.037809302529121,0.17992964084650395,20.0,24.69284557299423,5.0,46.64061386860734
12.98043384954906,77.74138359433066,3529.508229792419,0.07970602365312837,1.040849219425522,0.14704917702075807,81.15698981719409,99.32688127212595,31.38434341002058,26.62557830137877
13.027466776278397,77.54917881504224,4279.987449088042,0.8022941190809166,12.465083339545506,0.0720012550911958,20.0,29.73052339422273,13.248110945144372,47.851428563155416
13.068895003569525,77.76898008536745,3003.134158428479,0.9165118629065802,13.160467503400369,0.1996865841571521,20.0,10.0,5.0,56.12393242020516
12.982131597512417,77.70287374882598,3912.1526195741044,0.10262749068318339,13.378174687708086,0.10878473804258959,20.0,37.854446193549705,10.617815243427234,52.48911672627749
12.998012448526564,77.50655141472313,4080.751893859667,0.23675862689130048,9.956899392665083,0.09192481061403333,20.0,17.867427735229878,5.0,56.93145712276662
13.02324799262886,77.59663003410306,4483.121273309652,0.05977974634665892,2.845530855849542,0.05168787266903479,58.48115682523,63.77314772252762,18.270981238715848,29.096007981588887
13.130159242132988,77.79384420611646,2453.6440363380802,0.531592555642408,3.616995342548469,0.254635596366192,24.298863438732404,43.219662925968024,11.509086273317031,53.262044512580275
13.100579591924841,77.77547372447074,2778.490618137823,0.8492171005521235,4.477924270816826,0.22215093818621773,24.262966019328516,13.867282906338264,5.0,46.67665632938811
12.88571474155049,77.46625038973659,3455.6587140884567,0.38839228611067533,6.541283608022597,0.15443412859115432,20.0,32.4435905771058,9.488594336418121,45.55158900478817
13.052982562920011,77.70857623865376,3599.5106382021695,1.248603969343937,9.092635483733357,0.14004893617978303,20.0,26.957121181436992,9.008038992613367,53.625057231104314
13.000840236552783,77.59668739082777,4706.853512023336,0.44772440735338953,21.26932106945601,0.02931464879766636,20.0,29.584137625391673,12.465032039338428,51.31045498949409
13.000120114158998,77.75228152245275,3397.599942752788,0.41474274130993494,3.128132556975826,0.1602400057247212,45.34207565252625,58.66749699783816,9.70148321685657,38.26026446072783
12.98286520764312,77.62188404896655,4704.817983059316,0.27679833813416926,10.688659551248689,0.029518201694068415,20.0,35.44786542633394,10.470220627113024,45.500480824572755
12.959759130949552,77.49447682531385,3991.7908803674477,0.6805532825490033,7.535918584464076,0.10082091196325524,20.0,16.030252229681523,5.0,57.03802282889085
12.996171894348693,77.61777550693512,4662.230535189602,1.087286481702016,9.23819004306428,0.03377694648103977,20.0,21.977262686095827,10.417583055720776,43.00039578797205
12.868348926300802,77.72350900957288,3348.385124519097,0.2379807642942942,11.818425147140067,0.16516148754809026,20.0,33.205668320673084,10.80541773241826,48.95909931567372
12.94759881472697,77.69020787550613,4014.2554715695082,0.2374797267198039,14.115602538685726,0.09857445284304917,20.0,29.850968934130137,12.912781244018936,50.62834600130922
12.91333822393542,77.51104753857206,3981.400551695271,0.23426108594943504,17.019252698325893,0.10185994483047289,20.0,19.971621943713455,5.0,48.15684609410619
12.932131088675131,77.54025446882433,4328.342965499793,0.46618486544426513,10.923896489471655,0.06716570345002075,20.0,14.908048582201506,11.058130461189416,47.08328262999619
12.951050750906285,77.66270934671734,4288.582067376863,0.11746916319029449,8.304845551570702,0.07114179326231368,20.0,32.46219015037842,8.736602132507665,50.824449802869935
12.975856259309948,77.5289066546679,4341.689179472556,0.6551606421462042,3.6290682829012995,0.06583108205274435,49.908533229182716,74.77847394054436,27.441408398615764,36.61591170987279
13.046371747190001,77.55749177269398,4165.264430394828,0.8802427699823157,7.594430466619134,0.08347355696051714,20.0,10.0,5.0,53.11993884933199
12.933458238748162,77.52792996063135,4231.905728389481,0.0627911965765403,10.495246976544975,0.07680942716105195,20.0,10.0,5.0,58.15039716046758
12.980170514087515,77.61102631442823,4814.72250071329,0.2150714957298911,10.722349832158299,0.018527749928670983,20.0,20.02675537250928,6.672548742839358,58.686529533676236
13.168646456880497,77.43638986583034,2472.9908444340676,1.4770421450841196,6.599723154756044,0.25270091555659324,20.0,30.28088027832284,7.10948047745347,53.863297308677396
13.139015122869779,77.77712288786162,2523.2596430217077,1.152372295166275,5.852140271599237,0.24767403569782925,20.0,12.996207165717047,5.0,39.62264748155333
12.900243940740191,77.65075042650687,4092.0045380073,0.247205881026868,13.166404535388837,0.09079954619926998,20.0,16.709901372081145,10.46731735899601,46.94272317319503
12.97994719145773,77.40572222774753,3109.3787143828317,0.3280924347425704,10.271844602197541,0.18906212856171684,20.0,16.291263112419298,5.0,49.091645361424014
12.972557290337832,77.69158485647289,4030.1041916856598,0.16829519010823352,6.394765466082029,0.09698958083143401,20.856039954374864,10.0,5.0,54.63156723659365
12.908615729911409,77.47656070841238,3662.080247656829,0.13217643695469733,14.329209829824443,0.13379197523431707,20.0,14.904860074475366,5.0,46.484680987435055
12.986954241693859,77.5955110351821,4846.1875417606125,0.13837903059071407,18.508895845640094,0.015381245823938778,20.0,10.0,5.0,52.54385183332384
12.87662263126501,77.76687339050726,3032.7983924191085,1.1699427663588646,3.738100024931204,0.19672016075808915,31.864334600785945,28.231404160200256,17.047302733831792,50.1955423473053
12.974466838895253,77.67657284735961,4179.770369378609,0.43626284981875735,8.874990987961514,0.08202296306213908,20.0,10.0,13.977445438216938,57.401482518892436
12.877129412685578,77.78110642084289,2909.3221940443163,1.2164238267836054,0.8914370457005893,0.20906778059556838,29.579018963025334,51.34844680984472,14.76347339790508,52.3188580384652
12.98541527117772,77.6079365535295,4807.977767495765,0.34718188255334714,18.891477175809896,0.01920222325042353,20.0,33.22413320805741,8.774732795197439,43.01978092292799
13.047597198303688,77.6325228357413,4150.664046406166,1.8591989476464998,7.882193839191558,0.08493359535938343,20.0,18.9501336557369,19.37287989654621,46.20745665127715
12.860347855895572,77.71005716726846,3396.6473550248047,0.9462348575298296,3.7513960090987295,0.16033526449751956,20.0,30.534818781035305,8.755783341917303,43.2983786880541
12.996095418671942,77.74596442015886,3466.6633368388907,1.1219748065745596,17.61897498107442,0.15333366631611092,20.0,28.27643082854472,5.0,48.81686405671062
12.915681018751934,77.43313410699085,3291.2528838630305,0.4933432504006406,2.168946135447691,0.17087471161369697,63.391885912654296,63.4068670675098,14.286209248403487,33.175604848216786
13.053785584062496,77.75471242820846,3200.2650224406925,0.3260910739151876,7.011993792719068,0.17997349775593077,20.0,10.0,9.263914372670785,51.884441021891604
13.01405055887625,77.50924575485536,4046.7215982139487,0.2487764815997627,15.8622722047461,0.09532784017860514,20.0,33.03328703895345,6.833583448521639,52.0317111568676
12.89679886988934,77.62066325076646,4207.882451504378,0.2423790279521057,6.524287568769879,0.0792117548495622,23.1895054098553,15.156520936004926,5.0,46.542735524987414
13.02493358093841,77.60732486384853,4451.6941532613855,0.4916189411570374,21.40491179568763,0.05483058467386149,20.0,12.44694538036597,5.0,51.81221227313314
12.904377527115416,77.69133176988187,3822.040061581135,0.07282094812859627,5.950118543971713,0.1177959938418865,20.0,32.34349144265548,10.664600288547401,47.990168075679364
12.862402176490601,77.56840282260184,3877.0370993296087,0.9399811570897241,27.665254169963088,0.11229629006703912,20.0,20.62669309905003,5.0,60.332446099698366
12.931406356274483,77.56717800713442,4513.430920767258,0.3107616849420647,13.816001844275366,0.048656907923274186,20.0,10.0,5.0,51.70521121884368
12.948458562446021,77.4548044708262,3583.020250354779,0.5832940782909155,6.852902258909908,0.14169797496452208,20.0,13.127577883460805,5.0,41.79709480333307
13.16184919288708,77.67283831457028,2942.9149443694764,0.7532156819598782,3.7232986971066167,0.20570850556305237,40.1083827277881,50.8249889889381,15.610369746114241,42.656360136499046
13.044445770126474,77.60473298885285,4264.5284717671975,0.698375547911968,7.001580667102101,0.07354715282328028,20.0,13.407223921285714,5.0,51.625255419172234
12.914525493094219,77.62180399589134,4367.737654846172,0.03560404390400391,13.525411322133273,0.06322623451538285,20.0,22.882077432778082,5.0,53.758332813089595
12.999262568186287,77.57188715977031,4642.07671353204,0.21623530138879854,9.870051839186521,0.03579232864679599,20.0,22.921998514095883,9.528181778849202,56.211495698999656
12.800722176733215,77.46845729965044,2876.0599976488525,0.7680043112720168,4.4020908586740015,0.21239400023511476,31.566842727854798,39.60241581143307,12.992150873436895,37.05717131097984
12.913659710762985,77.51014066687188,3975.7707254078196,1.2376671429339812,3.0714455057374233,0.10242292745921808,47.85742275191807,69.44045136158465,17.408084633993393,42.79471050127685
13.096440103436782,77.654943167174,3613.408883242963,0.09634192552890082,7.103611393106297,0.13865911167570372,20.0,25.078839071566755,13.501760817521475,49.19073180049636
12.840421832970256,77.4495675997501,3044.441035725802,0.13813705155031986,0.6837353839346043,0.1955558964274198,83.4139668165861,101.18821702802454,26.919892636492317,14.230001544892431
13.09152982416011,77.70370544198796,3378.6684424688497,0.43426729934587593,9.793173143973318,0.16213315575311504,20.0,24.31787805819209,5.0,42.42780497062228
13.194958847186317,77.55439756151303,2730.519648097847,1.201764304424835,5.588830111189585,0.22694803519021528,20.0,32.218813397067336,7.316387305343815,39.5397596069276
12.862867420621784,77.61764093609784,3888.5298674950827,0.6767528316976857,20.838195058125947,0.11114701325049176,20.0,22.13616659300204,14.235511551160643,53.88944188097453
12.844715073759508,77.48596829541741,3329.651780389045,0.9581326374689972,23.531266123527697,0.16703482196109548,20.0,19.7701476015322,5.759004845830092,46.24061949124792
12.937658961128133,77.71774723811329,3722.6106163493814,0.826532188543897,15.916009189381269,0.12773893836506187,20.0,43.21497821301494,10.66655573422318,49.15405785550259
13.045050463819226,77.50468680204898,3838.993807034659,1.3255088463745655,17.18927638440589,0.11610061929653412,20.0,20.378760293787053,9.311631896148059,46.335964655718925
12.821964212506547,77.67263436787867,3312.39129330849,0.31623897249594873,8.68092695495973,0.16876087066915102,20.0,44.98511191533376,17.89333813983637,54.55211870566387
12.984731807445693,77.54787069876404,4514.6061433442455,0.5211440871114567,13.946214749672915,0.04853938566557545,20.0,28.151241640959906,5.0,47.731345671718806
13.151184550592195,77.69462509481681,2944.3825646654705,1.1788546005827139,4.740088533370917,0.20556174353345297,27.701431345240835,39.08840871685683,20.19250656310234,39.34085835905854
12.894371169295558,77.53892334578629,4047.9400167842005,0.6983097067290139,6.592502653655085,0.09520599832157993,20.0,28.93869390315614,18.772067212462712,48.75808319083715
12.978009946190065,77.51518484625508,4203.265787449258,0.2586526323777971,3.344156028395192,0.0796734212550742,44.58892780218156,61.698201291083905,18.72323116953724,34.75726714755727
13.13146323977085,77.41002740436119,2558.2117517917172,0.14245234588944156,1.8917974745703483,0.24417882482082828,55.88468742974424,84.32008104318794,24.971658470967686,30.345074935993644
12.872752878014362,77.49946141933415,3628.0633011703676,0.3350426758099808,3.98191016893267,0.13719366988296325,23.481665323520453,11.455219256518202,15.02567399440384,54.15054074101361
12.922731049868869,77.65328491802768,4236.318529042732,0.6137382297426142,14.774991896947174,0.07636814709572678,20.0,10.0,5.0,44.7507115975248
13.122897008693485,77.62009398064033,3465.701206137276,1.0628167129227624,0.870500766462869,0.1534298793862724,57.06959429236092,77.83937387615971,21.223313621067543,37.95607454708954
12.829918527899906,77.67034838016781,3393.4055697066315,0.7472438066580559,13.11090453767424,0.16065944302933688,20.0,33.61673961545163,23.81420161166921,51.05765397410884
13.02291374016055,77.40554325595322,3041.0320983019055,0.15588376391624187,13.229782954500672,0.19589679016980943,20.0,26.614330322252677,5.0,45.16863647424607
13.180383871810523,77.45882170913123,2509.48902031255,0.37350300965350114,1.07669132758404,0.24905109796874497,75.13412417173913,85.57285770677481,29.102851942359717,22.98439880335013
12.80682611690055,77.76072833351304,2660.148386168641,1.7653279171142984,8.943113823880585,0.2339851613831359,20.0,39.19654833974771,10.977660863091407,47.55092822363312
13.17513650411343,77.79266345344658,2159.995772927415,0.2505771193733479,9.707502175830912,0.2840004227072585,20.0,25.93760466553231,18.38145505780191,54.91805756814122
12.936832920814647,77.40610123712926,3083.2179727762787,0.19295776499023154,5.315248808964352,0.19167820272237213,25.150350576564435,24.524157695409528,14.690721476293412,53.32064869387957
13.092312841648074,77.71234331913425,3313.7295786410077,1.6404800776123325,10.41216015292705,0.1686270421358992,20.0,22.25800914745841,5.0,42.99998579448409
12.908188438937911,77.48921560685685,3770.0855153921457,1.7233018452208653,14.451948460020803,0.12299144846078544,20.0,44.025833055299366,17.128533668974608,51.38650946720573
13.188442531805084,77.70539368304048,2564.9245637698664,1.2785121163970554,12.791093093998004,0.24350754362301336,20.0,32.27393687205958,13.727272185222954,53.065365796205455
13.101923246361386,77.46625353712557,3170.875535275184,0.834639243694237,5.403837463114746,0.18291244647248156,20.0,35.71372942426202,5.881742693018589,51.205475714542175
12.897750043391216,77.61101790020983,4243.470850633019,1.321158854623751,8.254300387969193,0.07565291493669808,20.0,31.307095087946305,10.386365193749507,44.92043768150337
12.854196210631036,77.73929029430643,3136.698332940339,0.2278939033486614,9.019621564240179,0.1863301667059661,20.0,20.881090515363052,5.0,57.933072798653086
13.044919421634608,77.47688136323852,3613.1541170766354,0.5264228191352488,13.08768703979451,0.13868458829233646,20.0,23.980255041490594,7.00271967181162,39.20819013897679
13.018389859225005,77.53454948039784,4238.727655120403,0.5713110371479161,12.332805735297656,0.07612723448795972,20.0,34.14949738640746,8.93234656227428,58.7810604161196
13.099290584612492,77.50403732588016,3434.5453266729296,0.4184923113496348,19.051157344323578,0.15654546733270705,20.0,33.79887594568557,5.7837976116017495,58.92064350097556
13.177213609007824,77.67494682032343,2792.4545815474785,0.2197306703175079,2.867749942469428,0.22075454184525214,35.99716539673287,34.32559359947732,5.7827219230847255,39.33516124003714
12.855972404072855,77.66754195277949,3632.8763985953474,0.5362143673367182,11.044841688592147,0.13671236014046526,20.0,23.522926566810252,14.261791206932575,56.0136406207302
13.117717906430721,77.76108145279001,2784.9036882616374,0.36941924644499774,12.56166381903916,0.22150963117383626,20.0,32.81059516085903,5.0,56.61062212056
12.837206868223907,77.67678349130614,3424.701929416128,0.152245704107961,9.6824295771599,0.15752980705838718,20.0,25.411736261534706,11.028940514379629,44.81073657192897
13.007783184246597,77.7097164173534,3793.309800880666,0.48426251236040563,16.4281202753544,0.1206690199119334,20.0,33.18895315147075,11.78117215577688,55.85177970632489
13.00152515248265,77.66880814808268,4199.852264080558,0.04501262152616188,4.4920899532346,0.08001477359194425,43.372460461585945,51.481668117099254,9.798312120425507,34.993386196618054
13.022355736961643,77.57378886284249,4451.433844982387,0.30602628892508615,27.281945839531218,0.054856615501761276,20.0,26.929454889806706,5.0,47.98151083272221
12.805148431092533,77.55167478848507,3281.026510519766,0.7337739610759841,10.20738347489904,0.17189734894802342,20.0,27.623418658846816,6.933952975527893,40.8950137687454
13.001248443877559,77.51398343511228,4141.043612361101,0.10986477783058414,14.250757925810037,0.08589563876388992,20.0,39.27589195953661,7.57477776184186,52.330753586991754
13.140305806229893,77.59324540403094,3312.8875560319784,0.5537408140327889,11.516899697228709,0.16871124439680218,20.0,21.767550698789698,11.751141286249688,56.73590290244909
12.961635711566828,77.54633532175062,4507.174857531011,0.05180544662648576,3.698738038818308,0.04928251424689885,35.89631476587575,47.44699830356119,13.686671103656707,39.06282157058794
12.969504290950168,77.70666078549223,3879.1961972959884,0.22072263880057763,7.711909037992957,0.11208038027040115,20.0,21.793957314566082,5.0,43.32901504540148
13.133993977652086,77.69000316094174,3116.5572189380946,0.3206160515654494,4.116384018230959,0.18834427810619053,37.460411646648005,45.055517894379435,14.342705648039692,40.1347618759306
12.896245602827735,77.57632020264671,4224.600995327386,0.9118545707681762,11.392406141998787,0.07753990046726138,20.0,21.81185890432196,12.899801451853417,57.35446726598188
12.929838805349576,77.79605243552349,2942.6453597646905,0.25252218822874634,6.9939740688166046,0.20573546402353096,27.675730497764306,33.098746389088184,6.612912443420375,50.795798361358734
12.872479485497601,77.6421330321745,3900.715435252443,0.11505370479006266,6.016133000862263,0.1099284564747557,20.0,10.0,5.0,50.97953747502361
13.122744809930099,77.47469738123642,3070.715377266256,0.30282494860843684,7.279401714380202,0.19292846227337443,20.0,37.66710685908648,18.031636845124314,61.955791765904955
13.050271069967355,77.5150768376975,3881.381629312433,2.4386718895794486,14.583816023402067,0.1118618370687567,20.0,22.80624688749098,6.267134449316514,45.856259947155365
12.976109562754587,77.69664492418093,3978.5548126634812,1.1393105524390301,20.044286433824368,0.10214451873365188,20.0,29.284629945592652,5.0,47.13719038983403
13.054963816828577,77.59142471732446,4165.757326894742,0.05937864247488572,4.510877978809338,0.08342426731052587,30.74052982903777,41.770171092211314,13.72148479657169,41.45667064294499
12.955043999528236,77.48123116627629,3854.2865274644073,2.016880923334338,4.375145987239133,0.11457134725355929,20.0,21.835381257996477,5.0,43.86174960469323
12.891786620976836,77.47257758653954,3541.9312479238197,0.24634119547030792,21.762474973611333,0.145806875207618,20.0,28.25358535196087,8.394805740310607,53.68321031182648
13.174865691500544,77.57171486503199,2954.500776248052,0.8871740895858757,6.506361927923847,0.2045499223751948,20.0,12.320233693062715,5.5895412946034115,50.967256913663185
13.15189774140125,77.599155928381,3196.4470609986383,0.11336614267201602,6.189604917129859,0.18035529390013616,20.0,10.0,5.0,47.840910774811
13.165804596392794,77.69280995526447,2823.7504606976645,1.1292494474586194,6.97193632091978,0.21762495393023357,20.0,37.93923413916288,9.546125014327643,45.554506084847276
13.070153094373241,77.4475962319288,3230.1745781667514,1.555438007736973,8.452998501896731,0.17698254218332485,20.0,20.37291274580696,8.641986858227323,58.08999552852296
13.141822374349504,77.63986229399492,3238.627467374794,0.34093496552180047,9.346260181945002,0.1761372532625206,20.0,39.811379913823316,15.58663936607352,46.14345832458809
12.814980718919436,77.67988160856954,3216.6729978379763,2.1231636648476604,13.402884288167723,0.17833270021620234,20.0,26.8124575529205,5.0,45.20810149429924
13.09897525725895,77.64165198434058,3642.12130909385,0.548242762518276,12.733902559680695,0.13578786909061502,20.0,43.305186675464185,13.0385347260208,49.051366029911414
13.076641797230396,77.58597067538366,3946.0434350161477,0.2622058190830557,13.206021166696893,0.10539565649838525,20.0,34.94890509744328,5.0,46.681830597417466
13.167594214063921,77.42515172881782,2409.1227633644535,1.4074779320102506,5.73552436195439,0.25908772366355465,20.0,13.577309136773767,5.0,53.552559402565144
12.91295544433096,77.4418347209955,3363.649964740386,1.3959513753677888,4.219519520228855,0.1636350035259614,20.0,21.9474236210109,5.0,50.886921397648166
13.030231122220654,77.57849358504932,4391.968331793746,0.18933585769130595,15.72659117256933,0.060803166820625414,20.0,24.95214864181104,13.560525449118344,56.662510164216414
13.150809700507558,77.49233289466093,2936.636784508351,0.11828763087398772,5.549839961596583,0.2063363215491649,21.76780800144443,33.47305674229903,14.548072453661595,51.27865242841637
12.882230733396836,77.65001696714324,3948.4342122081534,0.5331417135944517,9.789895194685592,0.10515657877918468,20.0,21.43080712924876,5.0,45.42504562811603
12.94649131638112,77.64205941691863,4463.078939942832,0.41203046734042503,9.01919134937954,0.05369210600571677,20.0,34.82761614995326,16.603331397889185,47.84027982549139
13.025397028705967,77.6294321654631,4359.109990057619,0.10340824226545087,12.771980552188072,0.06408900099423805,20.0,33.70824149238065,14.897057277377169,57.681065546917345
13.199808214442873,77.78362174324529,2036.7550125125822,0.668214026438686,4.844922734103342,0.2963244987487418,34.326436276855716,46.38821924151789,11.498694124363364,43.91041830055028
13.07328838954399,77.73015099946555,3305.4616550765277,0.20509103909343304,15.79758273936429,0.16945383449234724,20.0,25.538508604046974,18.06597282133155,48.59215985973887
12.934536201510968,77.61710107143283,4566.407636822227,1.2437430497343247,14.387098354834864,0.04335923631777732,20.0,19.791841336306188,19.133521489592408,52.815815460153736
12.840434371480875,77.5505370372807,3616.310483221786,0.21069960332113447,4.507330097877736,0.1383689516778214,34.00712175399309,37.65446727532477,5.0,42.14236068898687
12.87535980490226,77.73882658568435,3266.1175596189787,0.21057647394357604,6.127262416943234,0.17338824403810216,27.971742653358575,12.272084872780457,5.0,58.31957433250125
13.167929394848437,77.50238614585675,2830.9304718956873,1.4063509326860022,5.987603826131841,0.21690695281043126,20.0,17.626586267851465,16.978829259392718,49.75620337767208
12.93798081466385,77.67885871308734,4092.818631485382,0.06931770372889243,12.612585749206955,0.0907181368514618,20.0,33.84225150342517,13.257368310489463,42.8668611602784
13.046145501804888,77.74461230950676,3324.8664279259524,0.2969683452571298,3.796208538010315,0.16751335720740476,30.601512702352885,56.1557395140496,23.02356130164241,51.215890566078194
13.148548989987841,77.62844873932669,3198.42618214732,0.3808341989472375,9.349999021886891,0.180157381785268,20.0,27.49083602063772,5.370035439140989,49.516325800224955
12.839315981363933,77.46358835027867,3138.196735709923,0.21385110343390829,15.603193674207441,0.1861803264290077,20.0,26.355194438935598,5.0,47.40809830331101
12.855316505712223,77.62933510365605,3786.3946906109877,0.06880483258710332,8.823936815570748,0.12136053093890124,20.0,16.361507949207557,5.0,51.5560155080367
13.006148870476755,77.53312249374518,4294.797318033268,0.17004145376216598,13.565167265725961,0.07052026819667316,20.0,23.214635478983002,5.0,45.180472575296704
12.90655104596658,77.71133334754062,3663.6601910860986,0.3894577260556871,8.020593689107187,0.13363398089139014,20.0,27.48794883126348,13.58426683109791,62.569459862775794
12.816425091629275,77.4701404413129,3010.7932752866327,0.7173321493779844,19.324630486235886,0.19892067247133674,20.0,20.975224576161644,7.553996549339635,55.9817159962538
13.191886674270195,77.58890244989345,2796.3965661163165,0.5749614055177188,12.106970878351728,0.22036034338836832,20.0,27.62812916128278,5.0,44.99697246059369
13.002776690164772,77.61934920976346,4601.94103532947,1.852877257475645,29.88668567804801,0.03980589646705301,20.0,11.37635088293127,5.0,47.37794944068899
12.996275671985392,77.49736782901154,3996.8557500010147,0.2884775042767134,7.743518961912643,0.10031442499989852,20.0,31.295631652931405,11.470200556262771,53.08661633395325
13.114042493540724,77.6213763304248,3550.6264857837045,0.12180542886062143,17.730776346492153,0.14493735142162956,20.0,14.69928918464009,13.27773999306401,46.477834091675874
13.106763625900431,77.62316114512271,3618.517290109213,1.1980521573041731,12.767253211429228,0.13814827098907875,20.0,22.843034433170708,8.900221891735004,45.61458778229773
13.165321536709166,77.69630675537562,2812.0260999272355,0.7044002020320097,6.741895107716697,0.21879739000727644,20.0,24.20020257261286,17.2560051783721,40.39177758535624
13.064537120930593,77.68505761777234,3703.0848501187465,0.19627518586741446,7.624931678509844,0.1296915149881253,20.0,20.871540453703293,15.39687478997445,39.03788580880377
13.026324586976415,77.59715389399622,4452.158527100852,0.7496196647761934,12.019376780920831,0.054784147289914785,20.0,36.08767940847635,26.79134024962444,46.3858701793744
12.836291990405261,77.41940101851313,2786.339218070495,0.8677413800344682,10.403224208226835,0.2213660781929505,20.0,18.798173100045062,5.0,53.48154036857533
13.156227226777958,77.6418477928559,3094.230685589855,0.17665377247559547,4.510687085952267,0.1905769314410145,29.032028351549542,31.53545042584447,13.801835177057626,45.282448505065425
12.915045190405003,77.53254598467852,4160.407997546143,0.8950026288984455,27.505041968197364,0.0839592002453857,20.0,16.77708235247333,5.0,46.21202484642605
13.048739098652472,77.73646004869894,3385.233330856041,0.8856483019036152,13.284054012856053,0.16147666691439588,20.0,20.092612998623366,7.259145038023494,62.07379938033179
13.079253033321109,77.49530778641326,3535.482357149983,0.07734526107941288,15.843901164076295,0.14645176428500173,20.0,20.32260296417745,5.0,50.67427464512954
12.979740735054332,77.68256093847542,4116.631545463544,0.6784378846801526,7.700151648657943,0.08833684545364555,20.0,31.293538201370755,14.519041180650436,56.745600635925115
13.100572464892503,77.56211776571388,3670.0002915539335,0.35178961384468366,3.4805319536576524,0.13299997084460663,24.055313323413174,30.891763826106374,5.172854893945651,49.732086970346415
13.137970355355929,77.47076593634053,2926.0190342320825,0.6291350276270877,8.121418240447529,0.20739809657679176,20.0,26.143638972447118,7.5105817617386466,50.07297262514784
13.157969661534464,77.72447704863691,2728.399275772572,0.45740481592104065,5.809193578613912,0.22716007242274283,20.0,38.977576787314085,17.83121668489169,44.403663484422836
13.056621080618903,77.66580330445416,3891.014214933412,0.4351833653447757,17.17738014217112,0.11089857850665881,20.0,31.733121741531246,8.944015903730028,47.38607245563425
13.054646867635471,77.44639136471737,3301.1008918595962,0.2992122911212406,14.821850297494578,0.16988991081404037,20.0,25.07228615401381,13.523399133828228,47.32950822503636
12.86765158276345,77.58506646267506,3956.1531826982487,1.0975341649926853,11.117429409672987,0.10438468173017514,20.0,55.32434694857845,25.879515662492558,45.00647157072235
12.981491650400601,77.54750215948414,4518.74629051766,0.31718919961288716,16.29927641987363,0.04812537094823399,20.0,15.249097732090831,11.838151783219057,44.49009373974172
12.856453246734667,77.54594315130886,3749.949452538019,0.2629034422124905,19.96217853687705,0.12500505474619808,20.0,29.500867140754316,5.0,47.06031259061697
12.991611175814539,77.54318151484658,4448.247539837583,0.06404938146514036,11.914624635322236,0.0551752460162417,20.0,30.670266461718033,5.0,50.844204964437616
12.900839727005469,77.66344212998482,4012.768765936422,0.16180427694010352,19.807666775449423,0.0987231234063578,20.0,25.880557122123577,10.726207106933195,47.39626847412977
13.06985626521801,77.62526226297624,3970.7056773975755,0.46224683824897256,17.495308849647856,0.10292943226024243,20.0,16.56701847798997,8.2045383224668,43.28126689048036
13.187785082966599,77.7492038448646,2342.2125942018797,1.0150226591422749,1.4640728535479384,0.26577874057981205,49.91394174502595,59.52738398369877,18.160451706785008,50.74975999951873
12.867468955652129,77.67721701377627,3670.7579090968006,0.3909519544235732,6.959789364805029,0.13292420909031993,20.0,12.95281626836389,5.0,54.89064728899911
12.927933158349271,77.65180189072446,4280.357772069857,0.40449827041662345,4.361928321039717,0.07196422279301429,32.659999711740966,38.63352552596339,9.198968313093507,43.501512523106
13.14039832586685,77.75440451627584,2675.556878785664,0.3558590184693714,0.3417738595959539,0.23244431212143357,75.82751932880022,92.69151443646675,25.335133300047033,21.860020532426248
12.919038822429204,77.7106110819063,3726.3733469851722,1.276153971431403,10.956265491108255,0.1273626653014828,20.0,41.76593109783681,6.292783957491171,60.86781725445081
13.14405635357252,77.73944514005736,2747.8608283286567,0.7315739827531629,7.810291768611633,0.22521391716713435,20.0,21.045551140179334,16.646409314476106,43.63442899887387
13.094433194042782,77.48153185175434,3330.4970887580303,0.09844588608897313,4.819303573754407,0.16695029112419696,26.580271757211342,21.638501890943292,10.215371009995604,50.24089230198262
12.927078365751665,77.63743069289613,4382.21005429796,0.12358669937442673,31.699487239758977,0.06177899457020406,20.0,32.5520085291956,5.242369019161067,53.665355724825325
13.005012769875803,77.57465745313844,4610.883260948756,1.6056342843679174,18.69814797982276,0.03891167390512439,20.0,28.401391655124982,5.855665205351124,47.87155517797416
13.19483490762467,77.4837533735582,2507.595567013197,1.9308156442809263,6.19469964834978,0.24924044329868028,20.0,30.565085657411217,8.884914528035289,49.02292371566103
12.896373615225059,77.4589445889383,3448.826266447635,0.15335374231622662,7.341492915706238,0.15511737335523645,20.0,39.03883345208916,6.834272636113267,51.07738379709715
13.02639801128325,77.66022627692546,4145.036242657275,0.1472299650992322,7.689413246791766,0.08549637573427254,20.0,27.24593444201219,5.0,53.85056199442032
13.055519783010936,77.76850173674664,3069.0845688093605,0.14283251707554656,14.215703253228789,0.19309154311906396,20.0,10.0,16.514165595813903,53.72966834343304
13.098212244603696,77.75065715812795,2990.4105621655435,0.46269107718199975,14.083267294737423,0.20095894378344564,20.0,26.600793518150578,12.281082570455448,59.6004471021323
13.064728488444933,77.63801901802118,3972.4725557941656,0.11671638322595479,15.075474992190301,0.10275274442058346,20.0,10.0,5.167401402737892,49.821338455524646
13.191142949268702,77.53395095241265,2722.3386215933688,0.17407145092395948,10.706328970037044,0.22776613784066313,20.0,34.21669023997086,8.923314801350639,51.2236336707563
13.15997685098363,77.67375057084121,2956.7023992820386,0.10882563254397917,5.504764100573322,0.20432976007179615,20.0,22.147420317168777,6.711012407274406,61.954145376429885
13.109772718700224,77.55177315278779,3553.4233848444374,0.9442299778718408,15.706053052987043,0.14465766151555626,20.0,31.624536971191908,8.625399617716358,55.14356843315515
13.007873119128147,77.69853015707841,3899.217699923027,0.9557728672701584,8.120001561953993,0.1100782300076973,20.0,13.859897538346525,5.0,44.62984867293163
12.82318223036643,77.75007803498376,2850.5523103500586,0.22171643512774086,16.50676843704158,0.21494476896499412,20.0,33.80375682193057,5.0,52.362456907327896
12.990334504147741,77.44469687131912,3489.307124727963,0.4093578329896689,5.207134619658568,0.15106928752720367,20.0,24.231627014696073,16.243146148816685,45.45394443036765
12.858761788840864,77.58711377486898,3869.1372557066825,0.16559392737199585,16.257434901767503,0.11308627442933178,20.0,20.48406823649315,5.0,53.4857472901
12.853218335093478,77.57215867752639,3795.100355199459,0.18943431209239825,4.075072212781601,0.12048996448005408,41.883654241437526,67.59067132451213,14.504837193082741,36.57519255958923
12.90374478730423,77.63944409200805,4186.653672903447,0.0723468929895433,10.873194419238919,0.08133463270965531,20.0,16.832710096731557,9.381039651519902,50.7212904348378
13.12271710990146,77.68724875678602,3227.42636150244,0.44336530755325043,12.218521810291584,0.177257363849756,20.0,21.278274442840903,5.0,51.98901694882922
13.172977341971976,77.77220739197556,2314.9074588748967,0.7437276766278627,1.9049892854118118,0.2685092541125103,65.90120740035994,61.948372754932514,23.262337580685784,23.592732437139624
13.106252793094587,77.65354574196452,3530.102888501326,0.15767983357371573,9.35963771645097,0.1469897111498674,20.0,25.860677928751567,5.596382303613488,49.26763494383407
12.895608591193744,77.61371575769192,4216.4116894378885,0.4902875068968574,9.474057639984196,0.07835883105621114,20.0,20.16179448717579,6.081696995378132,56.48978420117522
12.945827024586121,77.79096612812795,3019.4974744361893,0.20967751892028075,2.450273726263786,0.19805025255638106,52.21182930735139,61.443717664590395,17.055388204295625,31.974632227780475
13.141634917258429,77.63689998671258,3247.8252951556187,0.459113313012338,11.445826377546027,0.17521747048443811,20.0,15.066973903529085,9.217925990520271,41.58234998513362
13.05532716135809,77.54742863042793,4038.9913810798434,1.9565793443362642,18.803150547667286,0.09610086189201568,20.0,10.0,5.0,51.45675552052092
13.17987201128025,77.72050430977417,2566.2965278729935,0.2748455478855514,6.013620252978768,0.24337034721270065,20.0,24.63436533482068,11.155590483562172,50.222756023188666
12.993386623339834,77.42527112341067,3292.75293517437,0.09810075178829722,8.039518660458812,0.170724706482563,20.0,10.564893843649699,5.0,50.8033356627506
13.158635680085313,77.4623253594171,2709.172067432554,0.25463179720925494,4.118087398843192,0.22908279325674463,35.059390797868595,44.14187479773966,23.29299100332225,42.75049870944341
13.00924020413023,77.71327444863145,3754.9935853601182,0.41924987961211435,15.227666396259165,0.12450064146398815,20.0,41.0811336990008,14.716835349775476,43.65572925074338
12.952799211394256,77.78517327015412,3085.015902169617,0.17509316081100945,3.9510645297655556,0.1914984097830383,49.31716140575871,75.82683468821008,22.48669880021634,34.77513137062027
13.021650959783182,77.65557452315427,4211.140630460126,0.5544692495213291,2.7503692042356613,0.07888593695398742,36.244919208375684,46.218436062975925,12.956598208347973,39.100940968101796
13.16490857442259,77.4011097273947,2264.918821347928,0.14320977180811537,3.71401135855084,0.27350811786520723,35.40100551198024,47.61350722280905,19.18029538834258,35.36602442152916
12.962212570773538,77.59713077173336,4902.774163388414,0.5743709688035616,17.468744803498215,0.009722583661158584,20.0,10.0,5.0,49.12717106270328
13.150946099584266,77.44209032451865,2645.7649957678987,0.5551495318903776,5.608988249302256,0.2354235004232101,20.0,10.80668284083012,5.0,53.37110073508579
12.985016738647523,77.62270473007835,4688.570276191709,1.1312425939881419,11.808451394953167,0.031142972380829047,20.0,23.097696936855197,5.1659632943627125,46.3147213403923
13.034980313728255,77.51777929525467,4004.0840976336826,0.700535696042487,3.4280542827239215,0.09959159023663174,39.2627896557833,34.66346092116743,5.952093073577586,42.132487899100234
13.065733883640606,77.75175838041112,3168.0626489230353,1.0604609488999717,12.55611178850098,0.1831937351076965,20.0,23.838907080342693,10.476307760404326,43.88711315178996
13.017138481573994,77.63179794831451,4411.999943633148,0.21227155313455645,10.192883848369776,0.05880000563668519,20.0,24.586754127247406,5.0,45.47436634984429
13.026147744302971,77.66642922963845,4098.063492312462,0.3257808678548397,7.589943071335188,0.09019365076875384,20.0,40.82895509191819,7.561942077712416,42.76062897852394
12.931581409432695,77.50203290139709,3991.528119640658,1.7536729529343158,4.154890811650572,0.10084718803593419,20.0,26.33682452914617,8.588455035468384,51.2992587199946
13.09029829311948,77.5821963073495,3806.5538813651574,0.3291881311067051,14.636083655812909,0.11934461186348425,20.0,36.06741352443282,10.982067311844197,46.81813673046788
12.976367123013791,77.51212407642859,4173.864210266533,0.180981040265438,6.8433033309828435,0.08261357897334673,21.54447198325721,37.770945014383365,27.80512744532787,51.07235543409734
13.140931888531039,77.6271401471222,3275.698702423998,0.0991384684592838,13.025052348938603,0.17243012975760022,20.0,11.909125363286076,8.412809931480464,49.12135352087659
13.095717662607415,77.59938373732045,3757.901843094556,0.8317815962526677,9.328533947076318,0.1242098156905444,20.0,10.0,5.0,43.7837929614632
13.166842193647096,77.50314731901851,2844.005866454363,0.2237951115476531,2.5705735169122677,0.2155994133545637,48.70719855872578,79.26771895725011,25.345875151484897,42.74819801780344
13.099338322519555,77.55043445472715,3648.4203897158804,0.1597273484173795,24.093749963761887,0.135157961028412,20.0,36.477951333243354,5.0,55.49476245346418
12.917465714571861,77.64409933361692,4266.467118164799,0.9653134880430577,4.519907744246661,0.07335328818352013,20.62202735228587,18.854794206459495,5.0,45.363752576436504
13.138228327684324,77.73780888737004,2802.870395069101,0.8249027252293576,5.771544721663868,0.21971296049308991,20.0,13.957439747029309,5.0,49.532716649763145
12.932786313498735,77.66192980672461,4222.838167857391,0.2022475459667901,12.898734938947833,0.0777161832142609,20.0,16.40848627640468,5.0,50.34419179811974
13.04748464116986,77.5208819558674,3942.038337357403,0.08156198414254184,4.563632013103328,0.10579616626425968,31.65554661894373,32.12577297150739,9.781409784371302,44.724418998486826
12.841049946293369,77.65813878619518,3548.0876791637406,0.7438157870796431,8.510411373159398,0.14519123208362594,20.0,10.0,5.0,42.004810514584115
12.96252990481765,77.42198586994371,3271.4773787506792,0.5472051137121173,9.619292102441877,0.1728522621249321,20.0,42.63869478683964,10.610512524390845,58.37804677402395
13.041127185111275,77.55571664458415,4203.385614121072,1.0589737362461324,7.943234426657447,0.07966143858789279,20.0,30.512285517574313,9.534976853391063,49.65267232625745
13.035860058063244,77.49732265323415,3834.142493436917,2.6070964473363523,15.249710421377198,0.11658575065630829,20.0,31.094426834680235,17.199683317852696,49.257513998860176
12.906885692921,77.76693936038347,3159.1090016489156,0.5212597497817936,3.931055433923194,0.18408909983510843,24.57857833970717,19.435889098281443,7.778457853653144,41.08827307096737
12.996104751117576,77.51699920711852,4186.2207987931115,1.836948602738605,13.813943775187267,0.08137792012068885,20.0,20.273451535372196,10.715611845792651,48.91625954132846
13.040739895320337,77.59532224257678,4308.563324718246,0.8324377737938177,16.312554411699356,0.06914366752817538,20.0,19.790569647957454,13.533678511632026,57.1620615294125
12.932472321141132,77.49147652338934,3897.0300692606115,0.3234528985257793,7.5455810048873015,0.11029699307393884,20.0,10.0,5.0,50.546385048752605
13.064194232331186,77.50469306277284,3709.3819611298923,2.2573309074215526,8.299232176679459,0.12906180388701077,20.0,49.39040318546948,14.13142783510813,58.27928139135166
13.01991372692975,77.49760326181408,3916.3679854973543,0.5749090214621954,9.433372073993137,0.1083632014502646,20.0,21.67959318669487,6.125999434377256,50.01338202629156
13.182429506993358,77.45881395598937,2492.2733249590597,0.7047244942950414,6.070326176112037,0.25077266750409405,20.0,20.13656546802608,5.0,48.026760988580016
12.802858466669829,77.65843339830379,3195.882270758718,0.24657766396892014,6.2887080253880185,0.1804117729241282,23.910314857238504,16.608985433383186,5.0,49.70104028415139
13.103108416458337,77.4290246062596,2885.5337644770298,0.9191190569976655,5.6222965437678765,0.21144662355229704,20.0,28.97309106537526,5.0,56.210813830896484
12.866352584925588,77.56562893611448,3908.3800605290953,0.49845785653512814,20.53231419978425,0.10916199394709047,20.0,16.365982451012,5.0,45.93293919163591
12.87451335340985,77.591448895981,4028.622297833667,0.15492772856021905,19.312173402581053,0.09713777021663332,20.0,30.768372267629815,10.099914102569297,48.31501868273761
12.834351544647195,77.5336447461107,3498.244977586536,0.12327122006383512,17.00987504038241,0.15017550224134638,20.0,18.387774635523318,8.532095024652646,51.55797296464084
12.857281076143174,77.75615481921382,3020.88969577255,0.3171012027396363,11.65209451279319,0.19791103042274502,20.0,41.21066278335324,14.72314528051363,54.75870053385559
12.824530126437756,77.49289561985948,3211.8912603149192,0.35739615365756894,16.32588438780065,0.1788108739685081,20.0,14.30515966690303,6.071953424953552,46.66698597108558
12.993960456977385,77.4448345805373,3485.745368074617,0.09946844437845988,8.054748506269593,0.1514254631925383,20.0,10.0,5.0,50.28740741964971
12.8949751694494,77.55779850540426,4149.957962134338,0.774270365693362,6.230423469260685,0.08500420378656613,20.0,24.956069219852214,5.0,48.37610920304131
13.087574180386985,77.50506022625393,3534.824870572462,0.10189738474866082,18.289347586989113,0.1465175129427538,20.0,38.11064664325658,15.620281538021233,52.041288530081275
12.97589944130308,77.52612001965106,4313.851845144957,0.7219138162354843,8.313076141107215,0.06861481548550427,20.0,23.859859952413018,8.43097879419313,45.92780884935422
12.91635370341415,77.7952470220917,2918.861351069579,2.211035076847967,3.850769655545428,0.2081138648930421,20.0,24.526912250886447,11.157965774463758,46.734069232914884
13.057680086147876,77.61188873828011,4122.0090147077835,0.11610230602963736,9.932412401173444,0.08779909852922164,20.0,10.44674632399803,9.719875827364689,51.25818976852399
13.074741032023361,77.76935980464496,2970.73752790848,1.2753036161162343,5.928307896527889,0.202926247209152,20.0,10.0,5.0,47.455624022898746
12.95240106210921,77.53097336714643,4335.398794432527,1.253129688323681,19.988281156953732,0.06646012055674724,20.0,12.731169224565132,5.0,47.41896297870348
13.00860147470675,77.55108448423384,4428.798700730716,0.18904427948053726,7.775974882105636,0.05712012992692846,20.0,36.236936064982835,6.599283153106843,52.87081883789251
12.862837666765301,77.45170992146456,3204.2600501597913,0.1726685023364088,10.947904069846565,0.17957399498402088,20.0,18.243443415731054,5.0,55.15309834660751
12.911488536828083,77.47024207409284,3618.758466429564,1.3594254031876982,10.045114424811995,0.1381241533570436,20.0,37.24709327026287,5.0,39.901022646510924
12.905390808537177,77.47454603451122,3628.9926453974895,0.36330779033654276,12.269705770351601,0.13710073546025103,20.0,32.8146546157589,5.0,58.82669106631711
12.935573741764358,77.68273707156165,4047.842730116287,0.7410233686071827,1.7279886240892943,0.09521572698837132,42.398614738081044,46.79359065809595,11.366303623903985,41.59288870802799
12.807154903276485,77.558568334856,3316.5371780328737,0.12889941718373304,8.665755555439999,0.16834628219671263,20.0,22.998096048733913,5.916884819843855,63.018560173837216
12.973076387794494,77.78437579864489,3102.1845855767524,0.4115006720311518,0.6033301473218269,0.18978154144232473,62.97908290472069,57.74534272495785,19.312260461548743,23.435699706279845
12.910420913166714,77.65998921359626,4104.531970392443,0.2398501519004695,19.036125650898818,0.08954680296075565,20.0,13.48258885433512,16.616302133197635,47.29734015892098
13.023358322445088,77.62546492400153,4397.375118672479,0.47274091300977267,8.034593290292127,0.060262488132752055,20.0,14.417309377964463,5.0,57.32266396093907
12.917077656609118,77.49703637975736,3882.3531003182134,0.22777504514125652,6.877810076568512,0.11176468996817869,20.0,36.73549347684438,8.349158549801718,58.899245167949786
12.830506893394215,77.42731420510981,2811.580435480563,0.28510090627601004,1.711573542719678,0.21884195645194368,65.93801899152936,80.75607926738147,26.739280291679957,28.215084808380215
13.028671437069653,77.76143174488028,3236.764904245739,0.21259989644552515,2.7380495920511625,0.17632350957542609,49.935350694074,67.01603030175477,25.572805602456047,29.943802088745908
12.928325040562811,77.45265678274895,3516.0660716234597,0.2958397416343015,4.260145743374298,0.14839339283765401,39.3827253832216,35.84048229336736,9.693916913031476,40.79506932393663
13.011046622641281,77.44995700771169,3500.745810213623,0.3181806934307697,8.428548293838027,0.1499254189786377,20.0,28.869705291699667,5.0,46.40670760484747
12.91308280325008,77.52303891929542,4075.5947540674215,0.6355742197317827,19.127223387258812,0.09244052459325786,20.0,29.588595776747464,14.240135259035068,51.26497606801442
12.844660864960737,77.68782373113393,3425.064825110315,0.3741982290056908,8.07703014035789,0.1574935174889685,20.0,27.69023366124976,5.431685322020961,45.216552010764126
12.938106445848064,77.475520827184,3763.0009066991315,0.5064836778243933,22.5227432007911,0.12369990933008682,20.0,35.823987635531495,10.810590412117111,61.79792932987548
13.077109653586504,77.44249225203171,3148.8097344700623,0.17513825482023707,23.672418031102193,0.18511902655299378,20.0,30.138028957171006,15.824478334885594,50.661819747682216
12.89809253279414,77.44077231849046,3295.115741945477,0.6213554897691251,19.080090455164754,0.1704884258054523,20.0,30.7184094611654,9.048585782048804,47.15234936912762
13.044976763857596,77.79347703867177,2880.183357338068,0.5179473729984779,12.969877762828936,0.2119816642661932,20.0,28.151643910499153,10.532062485355514,54.447849614038745
12.990985664314778,77.74287937172747,3504.587813985117,0.3496155121703602,11.130495599912472,0.1495412186014883,20.0,12.538789020098825,11.287956761261576,54.75753863286602
13.008368514525156,77.63114098164561,4481.621084532586,0.8160225356178412,14.786318340684694,0.05183789154674146,20.0,39.45089295716459,17.841070436411744,47.90675619397742
12.958806630779222,77.59389253842063,4871.87084722615,1.0869207308174575,8.036711844365708,0.01281291527738506,20.0,23.23552365113862,6.789202168416314,34.47161335562377
13.005378923669026,77.46566280146183,3667.1152768859283,0.19782242164078595,8.570196380560237,0.13328847231140714,20.0,16.276345216128853,8.861217087214584,46.661691817696294
12.82131109372762,77.54635671412841,3421.577687048336,0.11987766899101465,10.107226303862406,0.15784223129516642,20.0,22.601164857137668,5.0,49.876563753861724
12.981536767153383,77.59420054043328,4900.5520691990105,0.9031593574408957,24.675848735005093,0.009944793080098938,20.0,24.776586564098494,5.925508217754301,53.59098563036874
13.002272702688519,77.54695853696633,4433.385166960234,0.1333636791680623,5.236274235775545,0.05666148330397663,21.514172227177134,12.718562001425552,6.826436800396415,54.21036898172426
12.966203001688989,77.68497733404338,4094.6166502769092,0.10454867507710003,5.4231736188644275,0.09053833497230905,28.04411208380958,33.51879138706192,14.04681954425573,48.004759165063334
13.040028563212015,77.69942519016463,3748.1697896155383,0.5738103163496915,18.70971804754219,0.12518302103844614,20.0,12.390771132926098,7.302175150367498,45.274246737607065
12.912739462077525,77.61328600302825,4382.445983439913,0.7254696473818603,11.021312902553491,0.06175540165600873,20.0,21.63976601142497,7.305041301577863,61.07830174065972
12.910649190394981,77.71685512012898,3633.935741289618,1.0629045553500454,6.015703085232838,0.1366064258710382,20.0,10.0,11.501104119497963,46.443396335623994
12.883242956994792,77.47352664063459,3501.1429222020442,0.2241124677214264,5.880116735325133,0.14988570777979557,36.79888804357476,41.94703770400935,12.223518036562055,47.171362813067596
12.89908902297033,77.40359128614836,2956.9099247204767,1.358777573683681,2.7338703032186658,0.2043090075279523,20.004346471963018,15.49478898491048,11.062034232009092,45.17698777999278
12.966355389508308,77.63455886055483,4596.98430848785,0.33574550945842985,1.121958264662134,0.040301569151214994,69.4701479686213,102.43516839880331,31.022403125307036,25.746814755904776
13.155438990937155,77.57202321203138,3147.7989865089967,0.23815731573394344,6.578149868598993,0.18522010134910036,20.0,25.06379941327463,6.385502762417761,50.46665824867633
13.023570788318306,77.76728885071,3196.603149665394,0.3002395474912314,3.4259854449293163,0.18033968503346062,36.2649877120444,38.75986735194573,11.60356908397934,36.41767062136392
13.049279679198499,77.45318139076883,3386.5144686964495,0.2712555229053347,1.7799798767583261,0.16134855313035507,59.77802378362493,77.74811897016434,17.24570162995587,27.94970211923666
13.128595202364917,77.53769341445341,3330.0942228924478,0.24805572118432867,9.904849691627662,0.16699057771075523,20.0,13.353322485033342,5.0,54.81727935860237
13.060081642407654,77.7224506373087,3445.175685056478,0.23613950984532786,6.544417930808703,0.1554824314943522,21.05293644897688,33.94819339206171,16.70481371560826,47.928959489048374
13.023460759172515,77.4687316388291,3638.6630583945016,0.3931872513242236,13.572964501726835,0.13613369416054982,20.0,11.753478786449934,6.6044143626271765,48.32919813179043
12.97367416296064,77.57272708564237,4780.289614609711,1.3074019142334667,13.929828715951492,0.02197103853902887,20.0,13.503453565901633,5.0,40.42288402634876
12.931873085494923,77.57828634432533,4570.539513160373,0.9640202846038157,24.85361752987369,0.04294604868396268,20.0,49.029023352294885,11.719005515628378,55.48079031440828
12.862034994940592,77.59899151086807,3903.470214660236,0.5023244826101018,9.54830440891011,0.10965297853397644,20.0,17.552484525395396,6.993385273452377,55.82736610283314
12.868940234843926,77.52345757899487,3750.9895337359167,0.17823999437670637,12.929335155059682,0.12490104662640832,20.0,16.853696706456827,5.0,48.82654541417999
13.071895951897936,77.65348635153326,3836.9488246851843,0.8386258772590367,2.9998094995119,0.11630511753148158,51.815931127581976,67.0026111102876,27.82937612283618,39.51518336307665
12.977081025704559,77.49079079257051,3960.461968472852,0.3247128852192157,10.853470085223012,0.10395380315271482,20.0,20.622922413019847,12.263517382945338,51.93739058962718
12.88863634409202,77.64581109701396,4025.036172004773,0.6916538887237207,6.398960235061304,0.0974963827995227,20.0,27.157445899885612,22.082928591001576,54.3934683644509
12.974602520902474,77.7150827703688,3794.7982290292766,0.1992023930213256,6.204696114836749,0.12052017709707231,20.0,18.790920097341036,7.634757582040683,47.674636482369955
12.989621753387986,77.50267937959508,4063.293853398899,0.8331205669082034,9.70434259892173,0.0936706146601101,20.0,25.81949189683136,8.76508523466837,60.450747325815115
13.016525076415418,77.5657200736932,4465.929533262017,0.1753882692293847,31.942921877231214,0.05340704667379835,20.0,12.144768200042261,12.24556894192084,51.51231850130546
12.901617993259539,77.73429925357385,3437.522393232036,0.4996640344574468,0.9999565501179225,0.1562477606767964,59.31637040645396,60.5714530423859,21.03810628644715,31.76553282300052
12.972437097071644,77.73313502445254,3614.6244649347827,1.0135682333370153,15.408409999393793,0.13853755350652172,20.0,10.53769183637614,5.0,49.30189176373751
12.954616437577608,77.76188825746208,3318.518436697772,0.09337860766920122,8.35176991833325,0.16814815633022284,20.0,20.08074517183097,12.906490418186749,52.482235483236
12.948716407553485,77.72091377466329,3716.3011072316813,0.45611287763315533,13.54179112120438,0.12836988927683185,20.0,33.800712016247374,5.0,53.614746400337545
13.169044953078258,77.70223831358155,2751.211080453427,0.3466195226425963,8.920135112168868,0.22487889195465732,20.0,10.0,8.471520263530252,48.02557933668104
13.107548383004898,77.58327190559524,3635.804685373477,0.16459496798641501,1.7868876088837629,0.13641953146265234,49.86952692757488,59.48637139943972,15.350950079760993,31.14087560088052
13.163556578768693,77.50572740771541,2884.68286557396,1.7044397784014682,1.936299027592672,0.211531713442604,48.63505217285535,58.8349767930323,15.70652336222943,33.38268570890619
13.053194085331764,77.61590910589675,4156.692656545316,0.40575156893005193,14.18452557987853,0.08433073434546844,20.0,21.74076640101474,6.49603718834576,43.979113651160226
13.054004265481858,77.72003567284608,3499.1811904179312,1.1629106760304637,3.607428829478424,0.15008188095820688,31.599360168447447,39.76314395296105,11.078117799118184,42.26986760146535
13.122924793102186,77.67635665934492,3280.0190595631498,0.24492797436503583,1.862103544939278,0.17199809404368502,54.24800376341423,65.21733975005904,14.175112804045611,28.57461526068332
13.095970205819645,77.42662152229899,2909.9110768589194,0.32381562300753175,2.5266061053898348,0.20900889231410807,41.93335270689325,46.79520278238739,14.578494387910872,34.47464525249746
12.91025654641703,77.50761269158075,3935.584145011338,0.3932480085304158,3.1802332706727605,0.1064415854988662,50.6415847075812,55.41251702179481,13.354973558607853,34.35406618004464
12.88835203942089,77.6547235239057,3973.108522412397,2.93353648288318,7.457074886440717,0.10268914775876026,20.0,16.74509884538447,7.127986311061029,42.351217360157165
12.810716025279229,77.67898363287044,3183.2927913841663,0.4403211631624574,5.96939878755008,0.18167072086158337,26.643194800373436,32.640952428762745,12.130517247684377,46.63023642690557
13.038799008976993,77.76933274116406,3127.909253209192,0.33200713529227066,4.159302502112055,0.1872090746790808,33.88297423460131,50.76311732600297,18.274312477243964,46.9040057100554
12.91738530957007,77.77267284761473,3138.5712015757463,0.5050885337119883,10.386384890630374,0.18614287984242536,20.0,25.70847452458592,11.42307323262673,46.3680192116662
12.809623801423836,77.58118341002256,3374.690989632809,0.2953873385892406,21.70747751611783,0.16253090103671913,20.0,23.754443290749247,5.0,53.30691543886946
13.166108973414685,77.78333239022727,2289.766507111721,0.2908229137992114,4.618394690835904,0.27102334928882793,31.333352551219633,38.40033394984253,9.859872003566297,44.22654728387085
13.15395858789249,77.54260663675198,3103.7414627751086,0.9517863811594076,9.52341535227317,0.1896258537224891,20.0,10.82013412636338,5.0,51.74029777663226
12.87915954933722,77.66494296162485,3838.390376723215,1.2782271129542297,13.30387891021466,0.1161609623276785,20.0,33.05994842915937,14.049463959915894,49.87520707327048
12.943478526776337,77.5976230318371,4717.165069739016,0.27978871349164514,7.309646367996462,0.028283493026098363,20.0,22.153209914398065,5.0,52.603836306896675
13.131551213951683,77.43202640970864,2719.329854958425,0.3105991447108106,10.948906925710647,0.22806701450415748,20.0,10.0,5.0,60.871261395108114
12.904526542376196,77.65152547503419,4120.2637653546035,0.05285887892463623,10.664602453917185,0.08797362346453967,20.0,10.0,5.0,54.39283204639408
13.149622189122928,77.52656456606536,3094.2004278835084,0.41451697505541085,12.91280594740923,0.19057995721164916,20.0,30.86947294087625,13.243558205943431,41.57393911731825
12.804705569375216,77.55362721925093,3281.497170910601,0.35145183489881254,11.039501732521563,0.1718502829089399,20.0,23.883264493339844,5.0,47.575834064919285
12.996218760089384,77.52621091821872,4273.147205052854,0.16418707750095388,22.218667191266896,0.07268527949471461,20.0,25.06190038465314,7.659059317003095,37.065807528474814
12.897448142537955,77.64421728959138,4107.790753720493,0.565156603517796,6.761313648222448,0.0892209246279507,20.0,11.724993152213013,5.0,57.19990206871626
13.147015971195076,77.62462780988496,3220.3249645848646,0.6261210615238559,2.9972430378064296,0.17796750354151356,33.8820701664984,37.75962513005083,14.717030815245852,44.042865833975114
12.897259672642663,77.51390659768138,3902.825927696519,0.36404537300908313,1.9355750665935205,0.1097174072303481,61.57936059451605,62.647030582425636,17.32353374484504,25.26705385525836
12.94868251939952,77.62505405487008,4618.862180425106,1.6601812382134946,19.24584907378755,0.03811378195748937,20.0,36.16001896726973,5.955786424386764,51.7211580236865
12.902550092919528,77.52798370795713,4040.540775573952,0.41670834599621953,7.953176409017694,0.0959459224426048,20.0,22.04732649688252,14.671320711183512,48.237219869198505
13.143084634504447,77.67617571303826,3101.0114052784684,0.9758286086231555,21.768450203219476,0.18989885947215315,20.0,16.830513533870242,5.0,48.511098302216595
13.127516899220012,77.64839105086297,3350.649927537339,1.185075329409789,6.633148462994577,0.16493500724626609,20.0,11.03730643682476,5.744700653762342,46.14947869121192
12.935429192889423,77.75635357879248,3342.515534335018,0.22763766922733697,8.430378880203207,0.16574844656649818,20.0,14.486943183446995,8.304124165605435,51.75070804115412
13.106931485178004,77.61366068153406,3633.328113224432,0.2021219566630975,14.088027276738492,0.1366671886775568,20.0,35.88951175084618,12.41397549443386,55.00281439161607
12.99802839779633,77.67962567431816,4109.616627326243,0.47126169070102847,15.058404869087331,0.08903833726737567,20.0,32.81966673484294,8.531521452899291,56.79656041125988
12.934743713554568,77.69663752177013,3915.101769771133,0.9470484248144035,9.2741321069886,0.10848982302288666,20.0,28.397580295179523,7.977842896907579,49.48479709154722
12.89808612967588,77.51058741676674,3883.6486542509524,0.20586267484428825,19.44228698981481,0.11163513457490476,20.0,34.32164197817689,18.21100763358405,39.6918945191871
13.14334104875491,77.62254681330488,3259.999649386982,0.35918153789627183,7.478118714848478,0.1740000350613018,20.0,14.108839082384415,5.0,61.95078071365744
12.933199911905374,77.56353919534715,4506.103214086412,0.06235421321202107,4.406724618374147,0.04938967859135881,31.939859823678717,32.840068424932284,5.0,53.87679781836834
12.81357084946798,77.57967905393181,3412.68002439831,0.10167708261541433,9.56916286863572,0.158731997560169,20.0,26.980115818381755,11.676492756530559,46.28970685230202
12.958126044755023,77.48014294233128,3847.525899634903,0.23798598863868228,18.017418670637454,0.11524741003650972,20.0,10.0,10.022144195579425,46.31254999192919
13.006868379681062,77.51501599435466,4129.513207458853,0.5628535013593997,12.849300405341621,0.0870486792541147,20.0,13.906549657862891,5.0,49.4775126090161
12.929496263353425,77.53644914875072,4282.06921359924,0.8479892280143945,15.328747652027777,0.07179307864007596,20.0,28.864116022817193,8.99967064686186,47.61889532746166
13.138566764040439,77.51275390399816,3140.5193272077863,0.39453426150444515,7.396476142304224,0.18594806727922136,20.0,26.81827617866231,11.554143594264028,49.01653314768018
12.980847283938699,77.594215769328,4907.4473698632955,0.4974033612938858,11.0458651526706,0.009255263013670434,20.0,31.724254110872284,7.802099708190205,50.791195634395265
12.997520742352386,77.7519447976278,3405.3442307309015,0.7902455834097069,7.651954823379966,0.15946557692690982,20.0,42.758583572737635,17.0781605870687,47.24472160588687
13.15800543068917,77.53439086852694,3041.1196028558784,0.7456838219902797,3.083784584499073,0.19588803971441215,30.57244756232108,27.622510560101976,11.476462784463706,50.26141258229587
12.906706820021386,77.67990433981801,3928.1812093677745,0.35968466042765673,4.681187433510375,0.10718187906322255,31.713705179284496,25.937023952372883,9.359964374872433,41.96549901072194
12.989739446412454,77.66754097886135,4248.373369723855,0.2950628445999359,3.3334388938268376,0.07516266302761447,42.75134800038204,71.93544776165574,19.206387987569986,43.73224946692859
13.08060283118822,77.49133843083632,3498.515105863786,0.6477376437915598,13.275297438147486,0.15014848941362138,20.0,33.56554129851743,9.715033285117752,45.29200580825733
13.049206149392568,77.59482549746069,4223.935229981014,0.15304084944258717,20.376524496028743,0.07760647700189857,20.0,21.060539715042744,16.886730137643617,46.275224575479044
12.831268190853843,77.59381399358797,3596.659896378878,0.08185459048718441,13.423948937631575,0.1403340103621122,20.0,31.82695964404473,14.228092249176301,49.35720709618364
12.95231613014234,77.72075504599064,3723.796126569564,0.39538729370099923,2.0344746079578138,0.12762038734304362,54.97040173735528,77.96876145663283,25.660769285096432,35.757550149196675
12.809631863413983,77.51668262161233,3202.6465254727,0.5086303385054518,9.770524068326827,0.17973534745273,20.0,10.0,8.277542870513589,46.55782281894992
12.841825522374238,77.55198648385917,3634.081744725385,0.8311760983839166,3.159590050159738,0.1365918255274615,33.36909080896364,42.70043864389829,8.561039709161648,45.92179476892436
13.094630111266355,77.64863435542748,3656.269378012308,0.8694500463487815,5.292784574475821,0.13437306219876916,20.0,25.144309661417797,5.0,48.50063722142466
12.99014874008973,77.48672263299497,3905.3958674089304,0.15168156158531776,8.552060212958835,0.10946041325910696,20.0,48.592312052176126,22.91327348998551,57.460783638701116
13.096952392500835,77.46046619170008,3164.1051001017668,2.1241739252398646,13.267667321443454,0.18358948998982333,20.0,28.28647148463031,13.26509970490442,51.58780638928337
12.907507724046132,77.47547063236837,3647.2388951016273,2.1676623994658732,17.223275409620715,0.13527611048983723,20.0,10.0,5.0,50.39788510314805
12.802880119793894,77.70780788589282,2968.192346576955,0.5345058128433205,5.789891567882375,0.20318076534230448,20.0,30.084856772731268,5.1723183176345175,48.60228446137062
12.96761112149911,77.51115764650032,4164.623587281758,0.34130410816157003,10.98776742808666,0.0835376412718242,20.0,33.8977257751729,15.795201236128387,46.85888566531249
13.195342077465888,77.6401039565429,2716.775804047935,0.5219741374215634,1.7181435081463818,0.22832241959520652,65.0276965438034,81.20772196331491,22.557014270648004,30.37845259971575
12.958567126520183,77.50925733181822,4136.679271445051,0.09599781355440164,14.687991377893118,0.08633207285549485,20.0,28.872185402850995,5.0,45.83347422040376
13.087199275640861,77.6099660894472,3833.8392377724667,0.17888338463836106,8.574578388276263,0.11661607622275333,20.0,14.132362451666205,5.0,49.72313831513441
12.868968594247601,77.60919433076091,3963.3612038384535,1.3061551305352601,7.4470003934363005,0.10366387961615467,20.0,13.470208715469106,5.0,53.943871171899296
12.915240225391228,77.66853916928429,4070.2997822737643,1.2528566237233798,8.766069594340212,0.09297002177262355,20.0,29.64618161770552,5.0,52.61415931283334
12.911718881142388,77.62096049398812,4345.735218819068,0.14470271799904186,15.07995701315547,0.06542647811809317,20.0,18.475188095198455,5.0,43.62149628895505
12.968877997710377,77.4950646739741,4004.2746149892987,0.7087277051832704,13.388898664110187,0.09957253850107013,20.0,23.465325642612065,6.234925046139846,48.826133167775716
12.82257797895481,77.75061352357837,2842.5064937355955,0.8324724146160343,14.508149467081239,0.21574935062644046,20.0,13.260557084798386,6.348565130182609,55.88585691048514
12.883446229184287,77.78587009139332,2893.92936560431,0.6937146664895062,14.453051456785374,0.210607063439569,20.0,33.624140541701934,10.547307119265573,50.10737607881243
13.196255520300689,77.61234403315527,2746.4482807313225,0.37974650941184573,5.475415943861409,0.22535517192686777,22.732452328960605,27.992950681604345,5.0,47.71996923842725
12.99914399316183,77.54109815798702,4398.242685289118,0.42811232914356784,13.784806422952565,0.0601757314710882,20.0,24.41576760620142,5.0,46.36608176946237
13.145429189264123,77.555889563533,3219.1270418222525,0.4685274829359525,1.8053493167401329,0.17808729581777474,55.401587525339764,82.12823260897383,17.16975614446328,36.64418584771577
12.947105540644214,77.61896263798273,4654.5268941567265,0.32868705376033647,6.7848585293342305,0.03454731058432735,20.0,40.53610975097936,16.59369377603371,42.05018279042991
12.92903329463483,77.72614934769074,3617.351986820094,0.2077037403653846,0.9511335405254766,0.13826480131799057,61.59591398864843,68.89183209101779,22.723123068638415,28.764130148511768
13.001478348021752,77.42631343797223,3290.8164920162408,0.0946339789571896,6.638566616041845,0.17091835079837592,20.0,35.33552730401321,19.482409053500405,51.19122690368914
13.094060818934231,77.60185127377268,3773.246840421071,1.4981775778177286,11.546229736918427,0.12267531595789291,20.0,10.0,6.500270269137445,42.58003093668249
13.076775703050975,77.68444301466754,3616.7539699381737,1.1455788117645205,10.989990789405244,0.13832460300618263,20.0,13.14671378389383,7.444033787084622,48.39890794295741
12.93850304743451,77.60572463481192,4650.834456336124,0.05681193060386883,3.4527711986999883,0.03491655436638762,44.56017971898774,56.30845249750078,14.770305958247514,34.55396952565501
13.092211632081924,77.48880401195653,3395.632308990274,0.4486056233439001,7.07305694975102,0.1604367691009726,20.0,24.322936186779863,5.769285982481213,51.659114033262725
13.052380583131805,77.64664316731577,4039.0632759972177,1.1793955524065463,11.810970419810628,0.09609367240027825,20.0,10.0,5.0,52.87351165410223
12.977397692730415,77.68555805454238,4088.573594461323,0.565313965605477,26.510227729347786,0.09114264055386771,20.0,21.469218525214046,11.373922034141273,52.45913605082658
12.984818572378549,77.53034051116317,4343.950263981688,0.29588000297919526,3.625124752259449,0.06560497360183119,40.98381105791012,43.873011941438364,11.520244096088046,36.852642566865086
12.854138691651738,77.64214661815743,3732.804677364464,1.2687582040250676,13.061536589524483,0.1267195322635536,20.0,33.08470282365733,5.247666877223811,62.85110496458203
13.146748462593816,77.57323180698744,3235.5288718259108,0.19471745686672848,3.671836532066937,0.17644711281740894,41.571874355770994,37.71446167194949,11.961544955401495,46.688263454085046
12.884247958574317,77.77941615059346,2955.803613607054,0.1394658877240034,1.8124402576026981,0.2044196386392946,55.892840494094784,86.45140385540488,28.034400707030052,34.05894600421922
12.944222255981764,77.53691362963673,4361.465882413745,1.055429903574009,29.56590505454954,0.06385341175862554,20.0,18.651794339188665,5.0,44.17977047404234
12.999206765375536,77.4675434772131,3699.7887295828314,1.4884259313216122,20.414856365388154,0.13002112704171687,20.0,36.36791810103628,9.074442765525013,47.93390864857646
13.029065225950925,77.57002192097552,4374.993267066319,0.08685764870372056,3.749463168472192,0.0625006732933681,47.19358310972821,54.941108275810336,12.168361015912694,45.997554716471775
12.99193264466139,77.57871089202185,4741.9534555031305,0.34727167600901165,10.099932534793767,0.02580465444968691,20.0,24.195623154522437,5.0,52.48113032829069
13.090427146705622,77.54446580357452,3710.2973813538492,0.2335524068681294,20.058233031533277,0.12897026186461505,20.0,34.60793886994813,17.206289023614826,46.37833693710897
12.913168249282919,77.62232056067542,4353.262110587078,0.18820153965492015,21.617717813011417,0.06467378894129225,20.0,40.62790594176675,16.53273749337881,44.72920970267265
12.874413584561115,77.54765300698658,3920.6844993764853,0.3723847555580865,11.262113165154828,0.10793155006235149,20.0,35.79501214184485,12.880415948255386,49.27409856266369
12.952456409746574,77.46196486165277,3659.9045939867274,1.7429886014878604,5.798132399944073,0.13400954060132728,20.0,14.72355129522582,5.0,45.88183061072638
13.106129332728736,77.75005338211103,2944.1815407434915,0.1440999001271934,17.16901377530849,0.20558184592565085,20.0,12.124466337322634,9.134755426638325,56.29529450593352
12.831790353886905,77.57102573719192,3582.1677457042583,0.7575472638685642,11.483153007762365,0.14178322542957417,20.0,18.50140921620542,9.74550231965009,56.19073047014271
12.80576493719301,77.52588752293842,3204.93252048462,0.6373425708061509,13.630332669963572,0.17950674795153798,20.0,27.713552321886013,11.362123125081782,65.98595442656399
13.007416542492802,77.45386888843937,3547.826784531953,0.2073401835937366,2.945976228785412,0.14521732154680472,61.1678112766825,84.66212017419598,20.562862332661492,32.08205976140354
13.053676721590431,77.69201538576097,3726.1732609969567,0.38429134862912484,13.605140654079198,0.1273826739003043,20.0,16.818725599411103,14.758160641610779,52.837675913792346
12.942333966853854,77.56265721515943,4566.774631458163,0.7363670847820243,13.934153256220707,0.04332253685418373,20.0,27.101234130895268,12.447019800276106,47.95805699732332
12.930015474600976,77.58996704167849,4581.581901028299,0.09637036448324561,14.792983767658619,0.04184180989717004,20.0,10.0,5.0,44.032663820778716
13.004714831495718,77.65444690677879,4316.023076706629,0.97456253998147,21.507280296544582,0.06839769232933716,20.0,37.63597551834299,5.0,45.98605659440939
13.046957627393944,77.69685723423024,3729.751443265456,0.5105180370319362,22.20075089259155,0.1270248556734544,20.0,19.35514345404884,17.743271937782517,53.80962075296455
12.976698205671083,77.58155219992283,4859.915458412225,3.007969243560471,11.644699619150856,0.014008454158777507,20.0,29.473289608244606,7.305357986235173,54.07331058772691
13.146478138667632,77.51792546443754,3090.514525125303,0.3114864415613109,8.244752231288167,0.1909485474874697,20.0,20.207238892807844,5.0,50.01358428317136
13.053717990340298,77.58228742683166,4169.640812927624,0.26375991158478135,11.305959717804315,0.08303591870723756,20.0,18.851010071200434,5.0,41.47800666007685
12.941335998615449,77.73589152981883,3555.0361188476245,0.5984661186665904,1.2997158997146354,0.14449638811523752,48.31171018415883,59.671675845460626,22.422481824019428,32.730908149531885
12.862828302609428,77.53979402243195,3782.0107828713717,0.44248124362027963,7.517404904330331,0.12179892171286284,20.0,21.816126895914017,5.999557091446979,36.360605206243335
12.87941320292937,77.65727271867499,3885.2679595411378,0.47960181649198774,2.4501140635994245,0.11147320404588623,67.32935073115524,76.54043957114844,24.528469303806276,25.195493284153418
12.82861088625538,77.57692705790026,3559.2286950409944,0.2206612633052236,14.9688303749379,0.14407713049590054,20.0,27.911745945727795,15.018384239950786,45.19647025044087
12.93960081924709,77.55968177115845,4526.372480287714,1.0697427571652052,27.360610386850734,0.04736275197122861,20.0,21.26978368545486,5.0,52.98431913995274
13.093299252879081,77.44976784702801,3108.2531700614036,0.27100383812443996,9.70707850553583,0.18917468299385962,20.0,17.477311697882804,5.0,54.201091980083476
12.97704495633836,77.51397955662708,4191.9589466386515,1.0788671017029723,1.935531560840308,0.08080410533613488,37.103894612247664,40.777085045305135,14.534040419317098,42.48099100983853
12.965704585133448,77.49873789292235,4039.5678321809687,1.9065865982807912,19.224788398344426,0.09604321678190313,20.0,11.321011419709691,5.0,50.52576739143413
13.174207284882907,77.59300176485033,2973.8641150402304,0.25655893959109144,9.836587593864943,0.20261358849597697,20.0,24.490998106670435,10.414019215093735,53.82072156267574
12.96098632658234,77.47613845431789,3810.6393369204106,0.10047972262214772,5.847767503378658,0.11893606630795892,21.493322319451735,28.777883044697713,14.085238680894712,53.14619086690505
13.114262790099048,77.54179682271587,3478.7884036024316,0.726428602863572,12.181748251561332,0.1521211596397568,20.0,17.922447901003043,5.0,54.21571676156249
13.066437332289066,77.74549722159098,3217.7516705132193,0.8076048454485097,9.430501704494922,0.17822483294867805,20.0,31.999608936678534,9.167744650374496,50.21785303642595
13.065548266053288,77.55907203184348,3995.584089345974,0.4772965923618504,7.306546741647341,0.10044159106540261,20.0,19.287385206784105,7.787915028801459,52.26450715781265
12.954753803008122,77.46128019410064,3656.200721903281,0.5151245917040115,10.948623248400182,0.1343799278096719,20.0,20.844347491955485,6.157395731212998,54.08529562414066
12.876707112717114,77.48347699903975,3538.734062557607,0.6214926440685481,11.703474527769101,0.14612659374423928,20.0,11.085867337214381,5.0,53.75545311867344
13.007921991075577,77.62808280981027,4505.997410079188,0.19073428538767187,12.565189842795002,0.04940025899208124,20.0,10.0,5.0,59.77732222307746
13.05996763153792,77.74260689555352,3276.199563899219,0.525120512772826,1.6568734085597747,0.1723800436100781,64.11972735132804,60.07804938389686,18.342553838066035,27.0590056239489
12.870287171453633,77.46584612287685,3361.651743300354,0.7841535306658729,10.785323251983526,0.16383482566996457,20.0,41.93101429321642,22.38214397908358,51.98786103980699
12.94006063046167,77.6373388522441,4468.837000345624,0.0949734588014834,18.81070159803376,0.053116299965437624,20.0,19.329315381980923,5.0,50.28614524211256
12.86557883083043,77.50291488767019,3598.334985275968,0.7730894663533755,2.30529220820114,0.1401665014724032,48.84352554022384,57.24863719980195,18.745359473304397,34.971761657334895
12.940758068887986,77.52067285850362,4198.972724275595,0.4125233399729251,1.994402658142767,0.08010272757244045,49.84102573159859,56.09620179131608,12.786555102061516,36.857305580067866
12.865365266105673,77.42528218595906,3001.1418049996655,0.2600801775637719,4.627185990313392,0.19988581950003342,32.38551380830652,37.55720244683583,14.226461801006035,40.131588841103415
12.957399158224218,77.66411713182414,4290.472303275204,0.16944207772213107,4.267499082863163,0.07095276967247967,31.567759895150765,41.94447571567682,21.59804763602333,45.68437295774236
12.931856447834067,77.73601857365718,3531.0288323456916,0.20724020118122105,6.485374633484866,0.14689711676543085,20.0,27.188748103547052,9.854684749180965,54.63139363458194
12.899465634174717,77.77366221898853,3069.542929715517,0.20342748020850784,5.637760674603317,0.19304570702844828,25.9395473274083,50.37416244829379,5.0,45.36548917095023
12.919264587448462,77.44908938959193,3453.638685550235,1.3345371602843665,7.530258909081174,0.15463613144497648,20.0,17.33725631007181,5.630569581812806,47.20583853665091
12.82464035005354,77.52263068752895,3363.640606408777,0.48753037611393063,10.184503317630313,0.16363593935912232,20.0,11.113062016749991,5.0,51.442708517568576
13.152458123145244,77.48106790205748,2864.6031289043435,0.905876186726162,7.2657399858476355,0.21353968710956567,20.0,29.653402036916596,10.149051116916848,45.852902779869304
12.97217876450476,77.51260211289599,4180.000703788484,1.255897305555804,22.15633456066813,0.08199992962115159,20.0,10.0,16.5199124877738,56.49572789181949
13.055009303542223,77.72163495819713,3480.296327518262,0.25147550788153306,14.91926308322821,0.1519703672481738,20.0,10.0,8.165409691707808,44.982475214322285
13.089991642994633,77.55905139899251,3763.8655346379855,0.7815870286994013,15.984660313373762,0.12361344653620146,20.0,10.0,5.0,48.71243799684196
13.185525395954995,77.43149724383649,2309.8962082730914,0.6362524737709108,4.874520603210641,0.2690103791726909,24.037732629945957,10.045885562217713,5.0,47.494094071422424
13.025330417968696,77.47688156963277,3705.991241791002,0.43464522233128544,2.433766776682041,0.12940087582089985,43.32703382806397,63.6310450378212,13.736706988475767,35.57659961652431
12.870798759577697,77.54020480047498,3854.586196955812,0.36990950750517004,8.801715131955486,0.1145413803044188,20.0,12.577163308747608,8.548382737748419,43.163536850784986
13.074354276740367,77.42046869246981,2978.1158873315944,0.25699652100620923,8.169590385308389,0.2021884112668406,20.0,10.0,5.0,44.79159283647705
13.089850002896625,77.64414945486264,3717.884105775268,0.23221039215474465,10.704923266228713,0.1282115894224732,20.0,38.35379474057761,10.025950732538837,45.01603835440536
12.861847712121124,77.70162392031008,3467.039328189173,0.45183239725398877,9.410634513108699,0.15329606718108268,20.0,16.919171147776083,5.0,48.18945208469205
12.95736626703111,77.59960597533795,4849.1162887141745,0.905434259309724,14.096110468729403,0.015088371128582544,20.0,16.62850106563896,5.0,51.86469074013544
12.921644273170223,77.51233355747644,4037.537418463772,2.900455907111222,10.253977667830638,0.09624625815362277,20.0,37.68822728862639,9.330691997669959,50.672893763524776
13.045264113454591,77.79812565665335,2835.5348344861254,0.4600483135731674,4.307171403975717,0.21644651655138744,35.02607263079061,57.661616778932576,14.703147250574139,38.41417195135829
12.95804528032232,77.76191029828355,3321.4152884863993,1.0509641123945648,6.576890579259092,0.16785847115136007,20.0,36.84519679054553,20.038558901886763,39.30282749303905
13.193280713527034,77.57653268546937,2775.8424830016315,0.3729213325356286,0.35195711173324973,0.22241575169983685,78.72591311896672,103.393653857821,31.278108846616323,14.290995812654131
12.907612350382278,77.57598243337229,4333.589233975197,0.3395597636323878,1.2681632653589465,0.06664107660248032,62.92333367724031,89.14176455997148,27.235212181484087,24.82103633724989
13.063466919672695,77.43639561343412,3170.5695187070587,0.1630740565451727,3.149125236049946,0.18294304812929416,41.63776592721914,43.09927393241307,5.176612107272663,35.06988062513654
13.004256739927015,77.52394832380381,4221.660613100411,0.5764913078177987,3.4303318730944032,0.07783393868995891,46.62614130383474,65.86424516904749,22.47232841416703,32.53190154629949
12.93732947811467,77.41905684408887,3211.428831230589,0.5071302107636123,19.231256537396476,0.17885711687694109,20.0,32.45930661741455,13.864553720123375,55.376652296571706
13.010506200633944,77.63018926741455,4472.715598289395,0.47082341895653784,3.820231026846886,0.05272844017106057,38.834570124992084,43.85527796716444,14.863102309116028,45.08568287114737
12.89385832994688,77.74708337242951,3288.4233546193045,0.38522083768413645,7.748382206994183,0.17115766453806955,20.0,10.0,6.037776492625615,52.42402177559128
12.802058347499365,77.48191618439903,2964.2688234680754,1.0454914418785528,14.482553933435318,0.20357311765319244,20.0,23.342080918526598,12.424344427199062,50.5138418507422
12.88605367171333,77.71618450871502,3513.3606004547455,0.1856558697530734,5.26780436754919,0.14866393995452545,27.719721231190192,24.548589560723364,9.910728031072294,51.51351662204417
12.954409694137375,77.491811079793,3957.8354864527146,0.42192722346298583,7.816666357953108,0.10421645135472851,20.0,16.533453600826938,5.0,60.6167814439023
12.967985457153699,77.73764907089696,3569.052705216839,1.1739807889550335,3.4236996470130934,0.14309472947831609,44.215941283080916,54.416012588991194,10.815607890186449,27.54002990255541
12.814138091648125,77.6938134149383,3138.883284542999,0.24676652100543983,10.789444464463532,0.18611167154570013,20.0,26.283367003278144,8.800094492780188,40.79762227176352
12.975766986305324,77.52573225310104,4310.063021877511,0.33138822846523386,15.633510650457904,0.06899369781224883,20.0,10.0,5.163829616206904,50.706059217098684
13.025544387443649,77.73496101595434,3496.2975115932986,0.38470438264476214,18.08821934413389,0.15037024884067013,20.0,24.72861552144738,10.346516669173516,45.32477033909319
12.801186380855182,77.66226369274736,3166.4467036313217,0.39025236459585555,10.56091496018569,0.18335532963686782,20.0,37.50535835727877,10.063644001422823,44.80708125229618
13.056596477567714,77.6408118654224,4032.532289699676,0.28886381895409907,17.751276131199713,0.09674677103003239,20.0,33.02456418978505,13.730393185827062,44.76493628846842
13.194126837110414,77.64640991989961,2715.2142106016045,0.4726660277569895,8.330569102372525,0.22847857893983956,20.0,26.03543171929119,7.909160293061235,56.19992859056155
12.997178653754753,77.53324190652536,4335.2381507074915,0.27585370226875205,4.4176376448066,0.06647618492925082,29.980508545700737,53.1485486811401,20.110079280779413,38.99961989792399
12.959924163028305,77.4008125217453,3058.611015347321,0.8641472181309919,6.508727162236101,0.19413889846526788,20.0,23.648041190083426,13.390369162469383,59.13885385298245
12.955049043893307,77.51005423032996,4138.494264839419,0.4427558381545964,22.00669797305342,0.08615057351605813,20.0,14.350789915787711,5.0,38.34734369362208
13.108026816588332,77.40197337704622,2639.548938126347,0.2236257424613544,10.03929630121657,0.2360451061873653,20.0,21.608283044790017,9.599311580322551,60.561076000651966
12.885236504073719,77.64008521616681,4023.9078773829633,0.05030077713973322,9.222931624573755,0.09760921226170367,20.0,25.60778145308581,6.677626882099516,60.42763486186285
12.959009471649761,77.59108765668007,4869.287353429283,0.2693135250385066,34.82460695886104,0.013071264657071703,20.0,29.22062669097241,5.0,51.764134409014154
12.953688319782344,77.60881936606415,4771.3039879040325,0.16442594373220284,18.902226959945878,0.02286960120959671,20.0,11.714559058161857,5.0,48.56401329475932
13.09395600559988,77.45700167777291,3158.6882288415045,0.8328496796014487,3.873798299156627,0.18413117711584953,42.85534794753813,48.45447537749755,15.660400263762071,37.13259511090235
12.915679063013465,77.62130368535482,4380.303460960034,0.13977930335338873,30.033877122061153,0.06196965390399662,20.0,10.989226201481777,5.305515983367677,43.7908531428444
12.870037597204568,77.72969256832876,3309.88391880197,0.1782460721701637,6.481540402567547,0.169011608119803,20.0,42.23049547979606,16.154514101971625,48.93082584253785
12.949956938307178,77.77457703988473,3187.2629257084727,0.2953598381196312,8.514142687208349,0.18127370742915272,20.0,33.03184213538326,17.03553042666411,53.84099950127241
12.95387498802309,77.65971665978623,4325.1403530142825,0.3920365900549777,10.723194910784448,0.06748596469857178,20.0,17.05207087552453,5.0,44.00206637568561
12.982299186566241,77.68653873018876,4074.4081514025474,0.15318080349029184,18.007296148149177,0.09255918485974528,20.0,11.998850570598874,5.0,49.54674353409334
12.84663647358261,77.47354859250737,3260.191786701289,0.17712651673944252,4.342386986731679,0.1739808213298711,31.775975756338966,32.91784922585491,14.69092683893578,47.69810545324047
12.956594650626114,77.69030942279328,4031.2144653611576,0.22081980136870988,15.240864220587458,0.09687855346388421,20.0,13.87542374547272,5.0,44.29903207366623
12.95185026429311,77.69969217996602,3930.6816025849603,0.3636263063624512,18.013207013089406,0.10693183974150394,20.0,10.73380637860763,5.0,45.173340891135155
12.936918775577439,77.6050639424851,4637.745749537758,0.32092041676518335,9.0447980136373,0.036225425046224245,20.0,16.712078496175852,8.050993805419203,43.728922218632185
12.941789833925057,77.55832921889463,4530.5092585141265,1.3224895151803922,16.122705464558607,0.04694907414858732,20.0,10.954022322365642,5.0,48.279332994356
13.134266448269413,77.71684685359779,2965.186332679473,0.7281375821158128,13.4113397472118,0.20348136673205275,20.0,25.018830415879904,6.579180457850548,52.291795624812416
13.094818667608164,77.45719222321918,3154.3636011668355,0.508988522909166,2.9033256909199054,0.18456363988331645,55.81748211104288,52.18724332763255,9.050581522709075,41.98237377617269
12.904417129752597,77.69324911915457,3806.4679826392376,0.07293475124760682,13.459762137937027,0.11935320173607626,20.0,32.46177301211969,9.411807955051302,43.25572377751473
12.85793630486391,77.58142829218014,3855.756604612381,0.6406908432909948,3.174961340874018,0.11442433953876188,40.09479473928944,35.60985207042408,11.493172462545708,41.16674730019691
13.14259404063275,77.7054862290684,2961.9931862497706,0.1333902123189953,16.928669491764524,0.20380068137502294,20.0,16.327092206596124,5.802756726303979,55.24388995136907
12.805194371459278,77.75034665433817,2720.79282320436,0.23288326602144643,5.137333205246375,0.22792071767956398,20.0,33.44029204735047,12.808141553038114,54.55482460911721
13.079068512371046,77.79864059171304,2693.876754857786,0.4016021380380039,8.286870738678726,0.2306123245142214,20.0,26.986036760434924,11.530831352942098,41.73553477625406
13.099755129481013,77.6368721460608,3650.530787869532,0.1725208622943974,17.97628853607851,0.1349469212130468,20.0,21.582601860642747,8.979541440287077,50.61099352296746
12.801075225077371,77.66597660853996,3151.397308530556,1.2147504017435182,8.709316975426109,0.18486026914694442,20.0,33.89054017535348,11.558001911031539,54.999687611951465
13.030577634790317,77.53890661432774,4188.820943743078,0.40333501366906377,9.01877705545807,0.08111790562569217,20.0,33.67998215012016,11.703600940021245,51.61181436895689
13.06398415023096,77.603320281209,4072.0520209483516,0.11260750698530171,22.10586001217684,0.09279479790516484,20.0,31.051998259303808,5.0,45.470227872869636
13.022414100317937,77.4633525447208,3592.5921945510854,0.37612885469573143,20.37783607786581,0.14074078054489148,20.0,18.07647567451523,5.0,52.326147765417424
13.137804216650093,77.62410908668433,3311.9648158520527,2.0196113755260723,1.7477542921571858,0.16880351841479474,30.472178912408673,30.118614112055745,5.0,49.43060398692214
12.970628767544234,77.55197196531043,4573.609025191856,0.0988481461042121,6.579298119184581,0.042639097480814396,20.0,22.320208388670533,5.0,50.22097256486672
12.890071760607537,77.43059146978902,3168.452790660306,0.7387104466413555,14.337039851071806,0.18315472093396937,20.0,37.16196739215342,17.34682985932832,50.89306598716102
12.957985989071094,77.5120346522706,4163.197876481598,0.20866398043385295,3.4705423626321186,0.0836802123518402,41.820526658699634,39.476079527221756,15.533092889155244,39.25638485251191
13.197155047765294,77.47000604770972,2423.204848659534,0.5538996663162192,3.5494167740886367,0.2576795151340466,35.96212994126172,39.84835503754372,13.256352663727606,38.49503398251743
12.924611102271221,77.59162695791191,4529.171423018611,0.17648185500320526,14.623286337362824,0.047082857698138914,20.0,10.0,5.0,46.300283832549134
12.989835374183006,77.45756059242515,3617.5265608316704,0.23316697771282668,9.77913590847733,0.138247343916833,20.0,15.978665036647579,5.0,44.0261807772299
12.91070927304568,77.60798908243856,4376.546059634524,0.14435387320614573,8.191744988851031,0.06234539403654761,20.0,21.81515831989215,5.0,52.69682721663636
12.976766938720564,77.70858390450898,3858.9904582846243,0.16248718996611905,1.4710645339078114,0.11410095417153757,66.27538785244414,97.67812989036942,37.01575470282796,22.25782394800777
12.873254348876557,77.56141248490839,3962.055962353943,0.143801575917529,8.570867665807345,0.10379440376460568,20.0,29.555798343013024,5.492666105493718,58.1173820242822
13.152434828654664,77.52653383693007,3067.793028435519,0.4884265745586127,6.700619034646174,0.19322069715644813,20.0,27.82363645031468,5.0,51.64687047753597
12.944246812827672,77.42457306096523,3277.8688538320366,0.16246690793846605,12.473478086470102,0.17221311461679636,20.0,18.941198052233062,5.0,42.81052518276428
12.932619793529037,77.67831377949823,4076.5578862540187,0.48595086402147275,10.753596756071808,0.0923442113745981,20.0,14.852876944308573,8.738406065612162,56.117050226808225
12.831946755175084,77.47063903649162,3132.666359108413,0.3341638170587974,14.067168710126703,0.1867333640891587,20.0,24.247586001371886,9.583022403835438,47.56450581990917
13.010883981458916,77.64874605435588,4331.043618643592,0.12999779613337265,19.27193316710082,0.0668956381356408,20.0,18.548091311062375,5.34886921700766,45.40372757664028
12.922696486040692,77.5769129226509,4479.962849142381,1.119704486438884,4.764304190914941,0.05200371508576195,20.0,10.0,5.0,49.4984500848101
12.901542858659699,77.57570356459522,4274.391405523463,0.045734954184796305,8.548586287794643,0.07256085944765371,20.0,26.816127213800055,12.330679698866359,41.626691872160194
12.990083892374965,77.67225415987696,4201.763016170933,1.2525506185046495,16.56811780485159,0.07982369838290672,20.0,17.648078733426587,12.183432843536696,47.33272091305476
13.059312952326025,77.69064093878191,3699.33002157126,0.47473800733244165,9.598305171433536,0.13006699784287398,20.0,10.0,5.230560762356779,64.68958753267718
13.002544660870686,77.64599081650046,4400.117673457076,0.13337699032291994,10.10791713628597,0.05998823265429237,20.0,35.27758532304328,16.009749208391632,47.31115658697266
13.01584629390238,77.44981486398002,3486.0492036919177,0.27169141438578404,6.14407675344978,0.15139507963080823,20.0,23.06802187079102,5.0,57.64645409872958
12.939337310734444,77.7672058589699,3244.048301649969,0.5095358710366571,9.595845484318296,0.17559516983500312,20.0,31.258801431531996,9.973600909554612,40.16230573564454
12.994268722534589,77.51776106913015,4198.87003060849,0.5738130262947652,4.051119686399582,0.08011299693915101,24.32887836105826,17.050532955845778,5.0,52.05479098152224
12.999858894820248,77.69351754025655,3971.2510069570835,0.7147280204172081,5.169285169472459,0.10287489930429163,35.01170702165132,50.13605919016007,27.123949897194464,43.92680769168415
13.089188039461204,77.76098879380385,2962.546252602805,0.517853356191047,5.2974007333542446,0.2037453747397195,20.0,27.900680895016748,5.0,47.96136822045989
12.907467456146783,77.60963382187401,4341.289215116041,0.9288984004270705,15.935367137203565,0.06587107848839589,20.0,40.073511336413944,16.58268271578381,51.704473747913354
12.89905200391243,77.67006172258594,3953.210464708415,0.22439402824939458,21.90111458534316,0.10467895352915849,20.0,24.642306502112085,5.0,53.031227919945366
13.048282306116736,77.47761286870455,3601.208916238077,0.26665900497685224,10.54514899475705,0.13987910837619227,20.0,37.16363159963073,11.177342169851363,49.10654276678373
13.044185481719989,77.60960931000366,4258.78939947483,0.5626607263149122,10.642406765554364,0.07412106005251701,20.0,10.369118642247521,5.0,51.523125495669426
12.955499428820415,77.58731897345395,4823.296366796486,0.26648480268665287,11.371919803596061,0.017670363320351424,20.0,10.0,12.319761978006087,46.15296825191845
12.91377920968597,77.54217486574913,4219.510506556264,0.22301841054113497,10.949813080764278,0.07804894934437363,20.0,34.044564239795875,10.248047382901929,49.69843266527576
13.128933550101578,77.74877890224057,2797.161379408965,0.4672429974551568,5.255261694165017,0.22028386205910352,20.0,21.587633870288283,5.0,49.71309685703368
12.86981785034605,77.53541118261968,3822.5908913610556,0.2375056522506441,6.688751277060613,0.11774091086389443,20.0,33.93800840120406,19.34197798596275,60.15663822338874
13.091106884003194,77.52614661089719,3622.7650235412257,1.7007438065529303,15.562379433457489,0.13772349764587746,20.0,20.78256022251103,13.279996659972538,46.83409737973933
12.974246252377048,77.61866852065458,4757.864430918751,0.12064055766036756,26.077390637586845,0.02421355690812484,20.0,10.0,5.0,54.02213958191865
13.039875168339442,77.54365256044747,4148.111497393125,0.08325132643918592,13.080313527184677,0.08518885026068751,20.0,10.0,5.0,38.69867549096764
12.814779473804537,77.58125996728029,3426.131075686888,0.5762504282236635,13.630946441252217,0.15738689243131118,20.0,16.779755491759424,5.0,42.354954687539895
12.985527345344435,77.69941111239041,3942.6760085547166,0.5971509816752831,25.63371316102746,0.10573239914452831,20.0,20.36298699336953,7.222913190813523,44.46884859173198
13.059206562686482,77.58865509884494,4121.919612137712,0.7302942290083463,12.501066464709915,0.08780803878622878,20.0,21.444392142898153,11.168788859249837,47.36855654462556
12.946826914017773,77.46473483731386,3677.930929618973,0.492712818898769,7.461760305523884,0.1322069070381027,20.0,23.50792289615151,5.0,51.08356199828546
13.081238209766445,77.77346083475953,2902.102594222782,0.3666335195093645,12.828311688442444,0.2097897405777218,20.0,36.30480967891186,16.028793178277443,45.719025142757
12.924931026436628,77.66482732789092,4156.799509241284,1.2723691270165705,15.93044025799416,0.08432004907587162,20.0,14.966510131782153,5.0,50.42996756750449
13.01860653401641,77.51446541623838,4070.9593251701035,0.04881318089477753,16.136264122936563,0.09290406748298963,20.0,37.71793668092127,8.014683578869805,49.495573382682586
12.997943132093717,77.57360671114016,4663.150065213049,0.23887755134554642,4.18191247465383,0.0336849934786951,40.68083675732469,48.30364941000086,19.520834119798927,36.225478255685566
13.002740625390155,77.75945877780265,3322.258805170675,0.25803450719051635,14.64124018815661,0.16777411948293253,20.0,25.02119255876065,5.0,51.909861997874216
13.156793463440255,77.43062506523812,2526.4519788134203,0.8657468219148109,7.053692166829845,0.24735480211865796,20.0,12.030449224035149,8.851130807208218,49.191605411672114
13.084054455681557,77.66047970338252,3696.691137128117,1.142067369943155,7.49927885098215,0.13033088628718828,20.0,30.369130224322067,5.0,43.091343593100106
13.051686168476966,77.44394357747824,3293.8009486470555,0.46048845170541786,7.0629677614203255,0.17061990513529443,20.5050281058152,47.39576997150545,5.0,47.15963098358182
13.053168994715781,77.54420772719108,4041.204815521492,0.24051214917809352,5.568027274993785,0.0958795184478508,20.0,30.86975662303719,9.941519409382096,49.758580056760785
12.9500382204551,77.416897133408,3209.9380141414936,0.1680869488934968,6.8196605093659795,0.17900619858585065,24.689003854899482,25.859485485691767,14.433999493955984,52.78226049563089
12.977208246091948,77.70592587307495,3885.329535686581,0.733703697845506,18.171805057024187,0.11146704643134189,20.0,22.36042181237136,5.0,51.03928321683734
12.856193187162674,77.79376870061394,2698.111563226523,0.1168205806175961,12.52136303118632,0.2301888436773477,20.0,22.035612530670168,5.9056908288684244,48.48435359604667
12.992182695173558,77.59764975778258,4791.925887448737,0.05791168363944489,32.37855979794304,0.020807411255126314,20.0,37.858280724602054,21.333550222307387,44.45194173038746
12.989021910683663,77.73195152841657,3615.479674030089,0.5344121213672005,23.150954888603845,0.13845203259699107,20.0,27.199583624058068,5.0,53.42147514374429
12.998829717043309,77.50488516814619,4062.438879602172,2.279348015252983,10.643360176476852,0.0937561120397828,20.0,26.141125144699433,10.985919952533951,39.030392535724225
12.990496577713667,77.75762522069908,3358.8326339683254,0.6291770782261281,11.4911293504669,0.16411673660316745,20.0,30.0920970484232,12.418628839013568,44.41306104607101
12.842778702317181,77.6938447221816,3373.825297897317,0.11859194349954286,15.679648559286898,0.1626174702102683,20.0,27.549454194342886,5.286006938070891,52.188889037397225
13.028135835149262,77.77609020702909,3099.0792782579047,2.01057008482367,19.67148063846455,0.1900920721742095,20.0,40.31218819069913,7.853376325831693,48.575516605750956
12.917685469960825,77.57598547596653,4429.62494318758,0.4631832362036849,10.589575278009143,0.05703750568124199,20.0,50.17896472891172,21.695957005659785,49.754392279622884
12.912610382820167,77.6250399106921,4336.19557865543,0.6581815530439085,2.5199162519619303,0.06638044213445696,40.6936363557381,44.10621844067852,13.483191752243735,35.8085002638406
13.087118597863501,77.57112207731917,3821.1972469596103,0.3186646873804431,16.014494762161736,0.11788027530403898,20.0,28.833853138086507,9.698306382191316,49.085300604039325
13.020914763494014,77.5915528531289,4505.911849714595,0.39087153509907413,11.815183473028215,0.04940881502854058,20.0,10.0,5.0,54.662962250665984
12.827205078770053,77.69414817119919,3246.1547483855447,0.2265696687272381,10.56238271618385,0.1753845251614455,20.0,37.60017150109856,17.832336163817075,46.3703366129477
12.914252195146481,77.67331961328044,4026.0622075029896,0.06102571484810555,22.26474286354864,0.09739377924970101,20.0,21.14733474451347,9.357979521738162,53.99519184136282
13.11808299645432,77.68438414636033,3281.9062543653463,1.0751764019552348,7.517947072680552,0.17180937456346534,20.0,18.04203509117407,5.0,55.74496389554185
13.03045371075922,77.61180014532927,4386.843880444967,0.6525865297487818,17.101539004177116,0.0613156119555033,20.0,28.307991032685997,6.443308283187385,54.45500517898366
12.89710258235266,77.48099589748944,3641.480315072581,0.2475808791218074,14.153718388264279,0.1358519684927419,20.0,14.156084395480109,5.0,46.40136619480283
13.144498731814267,77.57808650394838,3263.1445939621735,0.13971667651867115,5.848490237988597,0.17368554060378263,20.0,23.1745269280181,7.2345659684798695,45.753957120313544
12.812880275542,77.71904835910996,2983.0878795250937,1.1051396402328688,6.728558613562663,0.20169121204749063,20.0,32.05756929852596,5.0,56.42852183768843
12.957399794598816,77.71947045784891,3743.247157280588,0.4070388226090383,7.244489115045533,0.1256752842719412,20.0,32.336582055381896,7.175155478955112,55.16106239202183
13.010802408433479,77.45966649930646,3594.870880082637,1.191963761385732,9.18751139715974,0.1405129119917363,20.0,33.31672748981178,11.686012211238452,53.75314633545013
12.866642033685796,77.60759786124177,3942.4027661877126,0.635925472963434,16.6132734734829,0.10575972338122872,20.0,29.291646873050375,14.519937366111309,55.3587248637024
12.83660463335394,77.40851594571622,2701.064936223861,1.3440830774401613,16.958037250527326,0.22989350637761388,20.0,18.430976170014798,5.0,42.579450095203946
13.06634064279198,77.67131518474852,3780.9426195770207,0.5882458049684991,7.888109771899113,0.12190573804229794,20.0,21.810292735654702,9.030231806019177,51.06998000930583
13.09532302467243,77.41701903649911,2835.689822784222,0.4334937452228637,7.196695522639624,0.2164310177215778,20.0,25.20409877846264,6.450622946412102,60.82913519940568
12.87816028995082,77.7332861494952,3327.7312573668105,0.6333405329893138,11.41299383360332,0.16722687426331895,20.0,22.562351701768055,5.0,47.37729697127827
13.118317425595302,77.49054269546059,3201.280299732045,0.4577783361791228,17.222694019322695,0.17987197002679547,20.0,41.91287453684189,11.520281062771664,54.12115478096124
13.00899075392628,77.57664083499877,4585.198832364587,1.0926868638149327,5.936639783320962,0.04148011676354123,20.0,37.99477201484372,15.348500109679746,53.799955015120375
12.809283490204301,77.46115909259396,2898.735496858978,0.23083820643171415,8.887321684260405,0.21012645031410218,20.0,31.371987114228318,7.060348298194899,45.97365759753516
13.015565906895716,77.60674535248114,4543.873859984551,0.18157990532739093,4.889061891272793,0.045612614001544864,32.53803919986816,36.09141652059733,13.638098758555632,50.890212890945705
13.089554340537022,77.58237951159947,3814.1430613994285,1.211321898113414,27.625530652772017,0.11858569386005714,20.0,19.800232419024717,5.0,50.4739223523331
12.84927172229341,77.60225604615351,3774.3237552532373,0.09579582998537904,26.2025171623734,0.1225676244746763,20.0,26.90854365057468,5.0,43.140291869816785
13.129888440950031,77.49624388649008,3136.4239859032277,0.419846322711964,16.9582159278031,0.18635760140967722,20.0,28.67738747977797,12.170808270531642,51.28063869628447
12.850738989127219,77.4040262594884,2743.326906222977,0.9055233787310095,2.8039183990384995,0.2256673093777023,43.27918147144931,51.36760288897054,23.9740447012166,38.697696117700445
12.934436688725913,77.5686259950187,4546.595033152157,0.1905567394106158,18.790058565517914,0.04534049668478426,20.0,24.40062722849132,5.0,57.07329892979891
13.051609989110247,77.61363041549338,4177.5794827904465,0.4052696834651097,5.156448824853428,0.0822420517209553,26.699580466086204,33.65734756009246,10.466947918001782,46.490381312554725
12.900579940025038,77.49489428163338,3775.8644195248908,0.4951705586835784,13.767591883059449,0.12241355804751092,20.0,46.36103383425181,24.004337561481883,54.084085851071464
12.920140237411596,77.62289143310468,4412.759644372788,0.09937798108067691,20.341742691615583,0.058724035562721225,20.0,26.56131943281517,5.0,40.77406829532597
12.877270365161495,77.61412850580543,4036.7013678117096,0.08115698521372791,28.466966226723674,0.09632986321882903,20.0,28.245034564889245,10.01696951066027,50.567784975986186
13.08311754780895,77.72115705215421,3313.202711666717,0.7863536799380417,6.039574049539138,0.1686797288333283,20.0,31.12897772522008,15.356531691467742,47.43075146651221
12.878774825572247,77.7568133690752,3131.0513620146994,1.106871245789594,13.480965068669077,0.18689486379853007,20.0,17.52047649095953,5.0,49.23279196158281
13.05924564859079,77.67278364045231,3825.502603183974,0.08832196864670706,4.403995944870237,0.1174497396816026,45.80021368941847,55.335256010505624,27.054841736173955,42.73831165663205
12.989650250143008,77.7148557903379,3783.970944425404,0.758872819039025,11.135098249146916,0.12160290555745963,20.0,10.0,5.0,50.76477879004377
13.012387536097929,77.75508847987463,3344.0961599957177,0.14533367860359042,22.33258695513756,0.16559038400042822,20.0,12.259242756014498,11.760107845304333,44.10065731581394
12.866042977474635,77.4206813440836,2965.5471526676733,0.4693122959609578,11.237481741085167,0.20344528473323267,20.0,26.065832272596325,10.54988041760356,50.76586172969833
13.114018023003467,77.68181068978548,3330.0120452807123,0.3720661559495151,4.5519306254054985,0.16699879547192878,38.09074680919443,45.05623177038601,19.471545489812936,45.535190901369575
13.06385013772508,77.4866863699299,3580.301459280785,1.1285982167777249,13.35702621014299,0.1419698540719215,20.0,30.01068782796554,6.980050053059252,54.00622070256424
12.824608055480558,77.59665314321909,3529.9371730880066,1.350074597614181,4.399228205030928,0.14700628269119936,32.324085111845385,36.340381757085346,8.095715126588072,45.471704215743706
13.048128121295404,77.61648084487419,4204.052468977235,0.3422560402807726,27.80076190684575,0.07959475310227655,20.0,23.949876809465422,5.431842588339571,46.86771805893882
13.07056998876442,77.69056228000815,3621.4566433951973,0.67418261421334,7.47579705707388,0.13785433566048028,20.0,10.56882333313861,10.9742324332374,51.23154560160902
12.866885708125631,77.55554638486821,3882.4013342164026,0.5108634492631287,12.9471763755817,0.11175986657835972,20.0,33.01664391137852,6.2634371145635255,51.800828007780865
12.931451603271402,77.70968244042369,3781.15374826234,0.39974949978782803,13.174800099501981,0.12188462517376604,20.0,25.88540852907268,9.53461190575829,53.09380652652132
12.967330351883643,77.54465167252188,4498.6951712880655,0.5552810757585636,6.250603839184274,0.050130482871193434,20.0,14.74816025619197,5.0,45.801893461475146
13.104838657200832,77.57784632286426,3657.1215442100074,0.8001768025378907,7.319155392817141,0.13428784557899928,20.0,19.456496199790504,5.719855704313116,48.8248336733825
13.085954559631837,77.66488800750834,3657.7120536902858,1.149434858760022,16.738006378950118,0.13422879463097143,20.0,30.801668070054266,11.080249664039712,46.26241897288433
13.136022039286823,77.73488727325747,2838.631774980169,0.8328080844523669,10.185237440786768,0.21613682250198307,20.0,10.0,5.0,55.52378190855037
12.897785566511097,77.69059641409197,3789.054827425908,1.0977411666413355,20.63439780827936,0.12109451725740919,20.0,10.0,5.303764837078507,53.065387197952454
12.926866888590848,77.59428222324718,4552.657598878854,0.47049818473920424,12.304951397691514,0.0447342401121146,20.0,17.689485939441507,5.0,45.09001794097801
13.088339151949484,77.7671057083916,2917.0633944939364,0.17253282030476574,9.06898889187884,0.20829366055060639,20.0,29.360844277624352,11.586919934473745,48.48909751386657
13.107916218746947,77.54468768095467,3548.3336786317404,0.5542761124491337,15.897919149739328,0.14516663213682596,20.0,15.711129867795812,6.661736515826952,54.98934484051807
13.161927674273882,77.4807302540382,2782.0968767796044,0.16318340803742842,5.943684799233877,0.22179031232203955,21.469979659749548,34.85573116325823,5.958111540360671,48.43470111160293
12.978572771762227,77.56398074062189,4685.96837883546,0.5389056680991291,11.835246108463082,0.031403162116454,20.0,24.01732187991162,5.0,50.470742385336976
13.050144506591549,77.78431925594518,2946.6457784371014,1.4248455543922198,17.897717103253417,0.20533542215628986,20.0,26.657392259685665,7.033568403788621,57.63558252490307
13.006179774244321,77.79889670538387,2927.974309582741,0.392889798277116,9.129171902095532,0.20720256904172588,20.0,26.65215413242555,15.574701516100834,50.49103072839529
12.96198376566851,77.73736861340294,3569.079005125892,0.8393074173455709,18.497318524155595,0.1430920994874108,20.0,28.04068932977151,16.203506544811017,55.43273752667655
12.857475141647399,77.65445790824879,3711.30094770262,0.3523039730296849,0.9538446437237371,0.12886990522973804,69.56701217533526,82.04598492161546,26.278825269357625,25.78338265791469
12.861348340895848,77.7436046569563,3146.413850669979,0.7522310280506121,2.72040885945405,0.1853586149330021,33.62343212670273,36.97322754018635,6.1638269943712025,41.775471597543785
12.942433056296707,77.66547343137337,4233.595806403236,0.27985998257615163,18.25031098444764,0.07664041935967647,20.0,10.0,5.0,54.80451214783791
13.060932721770412,77.71626489469604,3490.606685442526,0.10534395292921661,6.260811297939455,0.15093933145574737,20.0,23.8932053701843,6.959055479515349,48.53861255828542
13.0448527304674,77.41990923875416,3105.723763925099,0.3438037182820525,15.067861708777235,0.18942762360749013,20.0,37.880670145339764,10.632458871354523,47.496436461056675
13.18409892647096,77.7130946180624,2566.9614006131374,0.5408187443488771,8.582461073597278,0.24330385993868625,20.0,27.685089440867657,12.15136902983523,55.33409512775189
13.082856980830721,77.56474186787375,3848.061467020225,0.15835195226543705,10.158507965994204,0.11519385329797752,20.0,50.770916530362214,26.362846945541488,55.543928894057544
12.915072008710316,77.7147526309182,3672.142006244212,0.22599074984185136,7.239942226300498,0.1327857993755788,20.0,20.388883067130323,7.952913574215435,43.829040311568654
13.067701029156472,77.46169209888438,3359.880553621437,0.13178244088968064,7.596559632217867,0.16401194463785632,20.0,28.5427076765243,9.77568574974227,44.90901110483493
13.047228979871262,77.6139653708997,4219.310549164979,0.261429558191289,31.3603344385142,0.07806894508350207,20.0,26.990312353775465,13.671419076737802,45.963062760525915
13.094782900252376,77.62169667964945,3738.7206113389684,0.405144334662504,4.853564721046511,0.12612793886610313,43.57344565452865,47.98765575009185,22.041167466099814,26.976541079245116
13.150767300061277,77.64381069209401,3141.973799226211,0.9723943563070798,16.630304993848803,0.18580262007737888,20.0,20.388398105059228,5.0,47.59644848153294
12.920757886632895,77.4491295213752,3459.0074418426793,0.39399779862688444,20.62774204392786,0.15409925581573208,20.0,20.460169368934586,16.224546187196832,42.944481825422514
12.883563338070017,77.46592026496377,3440.8679320606498,1.4304973870506568,9.215624729587804,0.15591320679393506,20.0,35.191491882177054,7.200436692238181,59.81750068764066
12.990457054439402,77.66100281183513,4309.715861275768,0.4497711321103546,10.074468342927762,0.06902841387242324,20.0,22.730464008650326,7.772829869667954,48.81710666327771
12.998197879412263,77.69561543441178,3955.4156243448074,1.5036825867190822,11.202765813578795,0.10445843756551926,20.0,21.47422817226673,5.0,49.39288231102855
13.10909971166662,77.62603486091028,3589.5276965196354,1.628159598564732,4.875539705312346,0.14104723034803648,20.0,17.053201491229785,14.757054835035678,50.02308035130126
13.055771568165675,77.59745204536038,4157.801267502355,0.5940018799965026,16.342182494086693,0.08421987324976454,20.0,27.427819594036478,5.169986883234777,52.14641912039699
12.964613446389045,77.62724585961786,4666.149122878543,0.4718381267964872,18.59860957073051,0.033385087712145774,20.0,11.715796477505968,5.0,50.50343527138984
12.95237676828105,77.65100541979368,4404.088595526032,0.26901039898077506,7.496403803876819,0.05959114044739681,20.0,22.21476382020981,14.813278815277403,59.352216036636875
12.8053816473874,77.64873746950693,3251.8751088706395,0.47034386470218237,6.017220490421912,0.17481248911293606,20.0,10.0,5.0,38.89755163667601
12.980012509638025,77.61730816127015,4757.836644662992,0.25227021243398506,23.261293404386656,0.024216335533700804,20.0,17.428738216959076,5.0,51.64315393995573
13.06792504741419,77.59065994953403,4035.944049496069,0.3715482388313153,10.90720349654368,0.09640559505039308,20.0,29.984957357286138,11.696818498578102,47.262878600364424
12.897308032300193,77.53356412762473,4038.507712910834,0.09169155935574243,4.9506645856387905,0.09614922870891661,32.56762454990883,33.36680102686495,12.375818145805237,44.20635704795258
12.83013906874359,77.4511806465625,2985.5445894147992,0.5136376282085158,7.521929091575435,0.20144554105852008,20.0,19.87709786966053,5.0,46.1939589380835
12.89775504078836,77.68739453960706,3814.086656544656,1.191329323062779,8.77592861688837,0.11859133434553439,20.0,19.33285504951884,12.127600632889797,41.971095933460866
13.164100249416322,77.54254189833644,3005.84875262282,1.6792119934642693,11.479225137248223,0.199415124737718,20.0,26.627840532732915,5.0,51.13032339299566
13.127971339227516,77.50401715978165,3192.868386812153,0.15353482879924138,15.429559942420969,0.1807131613187847,20.0,11.102806943572219,5.0,46.49904841741767
12.88585629948951,77.50073957008787,3728.7107929144504,1.470270057314,11.915917215170442,0.12712892070855497,20.0,26.385852484276686,14.433205046253494,43.96162901047559
12.998765599909854,77.42749071115632,3306.970637103379,1.8879834908748627,7.455825333491736,0.1693029362896621,20.0,26.77930370466644,5.0,48.266628546799794
12.859522621740124,77.56528822208028,3841.5303611046984,0.09272069639646535,3.072831093522309,0.11584696388953013,41.29903007273805,41.977320639798144,20.42820127365312,36.628587016890044
13.121654332651323,77.73852372535782,2920.809256746565,1.0768411700883107,7.245412963930037,0.20791907432534348,20.0,18.729968697071918,5.0,40.56690439788545
12.844197181720405,77.48420484106266,3314.2191950795213,0.140448292803456,15.673907631360835,0.1685780804920479,20.0,21.924414114092418,5.0,48.373992038985214
12.980729766397756,77.6945278649225,3996.5593778180883,1.8269307871189262,21.850574169717856,0.1003440622181912,20.0,14.981467555783057,6.246745288526611,52.037524489166714
12.984476398297176,77.60480542513261,4835.69773731174,1.0102341546308555,8.366632145204056,0.016430226268826034,20.0,17.034371292732878,11.688375052467613,56.51193383143655
12.992293823190755,77.65023289084807,4406.43004941592,0.3114464828480146,10.200170247163278,0.05935699505840806,20.0,18.88479466819968,9.488118297086658,57.16069371057528
12.931491123162855,77.66299219235097,4207.143520193637,0.4706440608615022,4.405629476353358,0.07928564798063623,43.18459915049228,44.90389208069943,8.803742065901178,29.785257083172652
12.878961067284765,77.50362479447588,3701.598680115685,0.3928228501168596,6.810035409724878,0.1298401319884315,20.0,18.556740234973347,5.0,52.03493272772785
13.053511963052083,77.60938735056969,4167.639775823193,1.608868698937039,5.509022761539931,0.08323602241768067,20.0,22.284478776708458,18.919236911100384,42.111089781940755
12.939860520645246,77.54346827428392,4398.182093618436,0.3399185132266227,29.655387673972267,0.06018179063815642,20.0,28.2797246669953,9.15026076938739,55.74209914758014
13.045144784170466,77.41674496073801,3075.3896428221497,0.4481717469536843,3.108596388423877,0.19246103571778506,40.69218808921133,45.180627202329696,16.41933467326383,50.542988763424624
12.874467061649746,77.66441155691561,3803.8201978157367,1.3209024882038511,7.502808070078281,0.11961798021842635,20.0,33.61577313353944,5.0,51.435803582604855
12.858936205598566,77.6729163690598,3627.8999952029553,1.2170630269209977,7.538606102512343,0.13721000047970444,20.0,24.58310528595194,11.177307043489083,49.61623612611192
12.8909892781651,77.66971817584714,3898.1457075753933,0.638251067909926,14.804870928442902,0.11018542924246065,20.0,34.71312443383676,8.261722542608037,56.72596510162088
12.89213693969345,77.65811475468882,3982.7241270695577,1.0815229204277557,12.747766150326711,0.10172758729304422,20.0,15.019406500791293,9.699102621224874,47.06518538558765
12.896545718220633,77.65683496415785,4024.9955909255655,0.33800950757651027,11.6399070887886,0.09750044090744345,20.0,19.85327768086254,11.213878901874232,52.840851333806874
12.887001672280945,77.53274815929184,3952.024463460715,0.8677702391368037,9.77322852951829,0.1047975536539285,20.0,35.58687427260962,17.2534102772452,40.26618636672756
12.880422760118801,77.65086498978243,3928.597267710633,0.5641686904037739,11.357964915200325,0.10714027322893674,20.0,23.337450429268998,7.774911548212023,52.39003249928696
13.085156947426375,77.68015160698509,3578.231461646162,0.3984006912329769,14.68033259115432,0.14217685383538378,20.0,36.01100491463006,10.696513525898807,54.09714140545995
12.80456490742208,77.47736430028476,2959.2910192720783,1.0287387201365952,9.716205401466134,0.2040708980727922,20.0,17.822855229953333,5.429395376784225,48.240441048839344
12.927437287264759,77.76319636937833,3257.15517145985,0.3088992476937129,11.626916366585402,0.174284482854015,20.0,47.887383308503736,24.51038699117229,49.6144610094595
13.057028788294735,77.6849430550839,3756.619709364818,0.8323602018048145,10.812074362688588,0.1243380290635182,20.0,17.770395136141573,6.736420026198373,50.64611914714898
12.988390723476197,77.63539417818495,4558.854517348324,0.3940628573219369,5.7124675710791895,0.04411454826516753,20.0,37.1259795777342,13.14756964815701,51.12914612514101
12.916014555711868,77.60835727123343,4427.374107422724,0.6627739793965428,14.203480066511338,0.05726258925772768,20.0,26.49664676732694,11.886098894529804,50.541811443288644
13.155501538286133,77.46604770175652,2756.2203947872736,0.2647721823607462,14.483054265821515,0.22437796052127262,20.0,15.92074246887045,8.631825672036161,49.53645563328563
13.022750654988982,77.57355940743541,4446.9090453396575,0.4974290853832086,12.07391701038636,0.05530909546603425,20.0,40.922621672205565,15.13187501280914,54.69546827673933
12.813711091228448,77.44446520894573,2821.253502630906,0.5641231276971717,3.5008764490377455,0.2178746497369094,43.81847748395066,46.081625496845454,9.749238916861234,38.59766050172264
12.86709652451631,77.59940845719328,3953.8595864440586,0.15703911602916193,5.967295958753798,0.10461404135559416,23.092254088196746,39.823496470240585,10.093666536839859,48.45586809124319
12.970253021259996,77.6444302126152,4501.515853712216,0.5535891480459766,10.076885002050673,0.04984841462877839,20.0,13.043678800233428,8.030254142626687,54.31008162585932
13.053460772016148,77.4758076416236,3557.3354373345883,1.1665261904335575,6.439520015039368,0.1442664562665412,20.0,29.326676368060895,12.282401520835725,48.331142449511084
13.013914801120812,77.56222713166896,4467.220026852308,0.14437547172522247,8.139269609186094,0.05327799731476919,20.0,18.741114901912177,11.92340722522038,45.22324430886799
13.030558552762116,77.65560595319724,4151.599312275926,0.7493910614385285,10.959162074365045,0.08484006877240731,20.0,30.67273017184803,14.338897247556178,49.781960136045825
12.823643050325902,77.63016548258611,3478.285095412206,0.11522904949885558,14.6950159029222,0.1521714904587794,20.0,10.0,5.0,45.019415644669515
13.001781738651758,77.79058508511112,3017.0453627464058,0.18837775208825286,18.21717160660014,0.19829546372535942,20.0,33.311845218433305,13.245261880679992,49.23854786674367
13.090024977050513,77.69712795156411,3433.588303116082,0.441429802432882,17.10577213923762,0.15664116968839178,20.0,13.90342106163748,5.820503484549074,49.78520181947919
12.930698737557515,77.49998757245199,3969.2514993502364,0.8955356939214683,9.987791142622319,0.10307485006497634,20.0,17.82160466344636,5.0,53.791216845902284
12.881197987910367,77.53426451951218,3913.128618669596,0.2872960774741278,11.173448641922102,0.10868713813304037,20.0,10.0,5.0,58.498288071405725
13.021239835422694,77.60028955534145,4500.351693610844,0.12261369179053536,18.33461153648612,0.04996483063891552,20.0,27.638825835156062,5.530435319683975,46.23767478303941
13.144247189463323,77.56713721131969,3251.8221831952033,0.3654593450842553,1.5862398542530178,0.17481778168047968,48.01357475778411,75.89368059006483,30.809547336272054,32.20009247992675
13.143179187506854,77.50557613258722,3067.005779764464,0.2786142292540605,9.764800016724742,0.19329942202355363,20.0,22.55247080967307,5.0,44.655265439044754
12.86629842382356,77.5558607888568,3877.986255643908,0.3666395046935487,6.651706138143234,0.1122013744356092,20.0,18.221237642207875,15.230487713198839,57.23199592880722
13.01546249070287,77.41972876593024,3197.1171253867215,0.2569259748647322,12.527364952048424,0.18028828746132783,20.0,36.61779657023925,6.852959787201331,51.9048759262366
12.969886067768227,77.50949307624002,4148.758199124233,0.5069267546653973,10.501146432335622,0.08512418008757672,20.0,26.517804115905427,5.0,36.22889663804064
13.101464326865342,77.61153025786321,3690.3673406827784,0.47802384629648237,11.034828489404408,0.13096326593172214,20.0,30.538440770913912,10.848215050219281,49.92156910424162
13.027403257685096,77.6453402244614,4245.7736449405165,1.9265240043662926,20.54981076053372,0.07542263550594835,20.0,21.811208869343357,5.784907180148779,41.29049124688255
12.956758818464179,77.46304198618598,3676.075090193264,0.4299316899646128,10.346927496583673,0.13239249098067363,20.0,10.0,5.0,49.58258102493617
13.021476226948476,77.67424678654253,4060.2527669013084,0.054606057714654134,8.3285181135377,0.09397472330986917,20.0,15.986477186530548,10.62295202929511,57.88169560582728
13.078588057058395,77.50712171197654,3618.012473694278,1.2144287279747,14.876298717580928,0.1381987526305722,20.0,12.184704180089469,7.254147258621544,52.473023442859045
12.956483298259553,77.59833923667178,4844.276988727671,0.136873846222855,11.414072403242521,0.01557230112723294,20.0,38.508104937617176,11.174896962122148,43.768226643461254
12.904398467268182,77.630044949149,4240.23750937016,0.06139047342350251,21.46809162783318,0.07597624906298399,20.0,17.836672792917366,5.0,54.40274281217556
13.13901030727146,77.50386553908302,3095.821610809032,0.11720062445893953,7.325479887897876,0.1904178389190968,20.0,12.014074652110763,5.0,51.11733559155484
12.820542018205398,77.58362173520003,3485.4361630529775,0.16016561632107423,3.9606717274538714,0.15145638369470224,34.018922691758995,28.75121271626726,5.0,36.288396964598476
13.035061916580451,77.61378170362653,4337.02544467528,0.7814337610801507,3.9099232811670017,0.06629745553247203,30.38673695335877,39.1917857685132,11.846988434066427,44.71622065166656
12.90200429036619,77.49386629229303,3775.6290322036393,0.311797588964715,6.372037443403724,0.1224370967796361,20.0,48.19038270928051,24.23173710594484,49.773812428100406
13.02399390223751,77.68489772815664,3956.0267866499353,0.8977343526790211,4.701166709530656,0.10439732133500647,20.0,10.0,5.0,54.46624046138387
13.115906468322954,77.4786655549976,3148.915119778212,0.36332496424095906,5.226222221272272,0.1851084880221788,20.0,19.416810672318995,5.0,64.23665842024815
12.864205666456492,77.54627823902148,3822.3525374153774,0.325419231412727,4.280778206804943,0.11776474625846226,37.5632532502772,51.19749091729701,19.02218196294714,44.35919277725335
12.911695475887953,77.61860053152891,4354.664620312725,0.8885668538393912,8.476879304866989,0.06453353796872756,20.0,20.316596758002547,5.767168636718668,40.810254150875394
12.895225496018213,77.50368775613748,3812.645758731533,0.8602543743111826,9.526406606853042,0.11873542412684669,20.0,15.519553052889016,5.411684682722518,50.49105941345494
12.97166161450639,77.4982012861314,4036.0126644054567,1.1662683768726188,19.18545581185129,0.09639873355945434,20.0,27.022030497235676,11.01797972874327,57.56335349347161
13.164068543548352,77.4943418346643,2829.8424026789066,0.17302873433619448,9.13925496633084,0.21701575973210932,20.0,19.159335290740103,7.4356847569854985,45.88360222512457
12.810653004173227,77.60352972241886,3388.0547339273235,0.5253144511432751,10.138883345739934,0.16119452660726766,20.0,16.883408074178018,8.388048726541445,46.43796099960506
12.913005430653806,77.67006317243278,4044.5935969188317,0.7538457708701267,8.028899661549492,0.09554064030811682,20.0,16.318508357078198,6.963222522940489,52.03849090827277
13.045318239494135,77.60645486167374,4253.346360122845,0.842172635809404,19.89011885081795,0.0746653639877155,20.0,12.566553302812851,5.0,59.87019561615868
13.131645616939425,77.41687927433675,2608.363409048255,0.40302183850066287,12.71888848178589,0.2391636590951745,20.0,16.32956706978586,6.012404293197667,49.83012905556095
13.02581096917579,77.63585327281957,4318.775976839876,1.1534115659436914,12.542355187875307,0.06812240231601235,20.0,15.69505941509917,5.0,44.23569867632552
13.048052351427186,77.55619954888024,4144.455922529605,0.6259238701030992,5.495204526607763,0.08555440774703943,32.48779547099767,34.16573365312312,13.87864774250868,43.82579276722874
12.96813233764273,77.70532123496555,3892.2447673551187,0.9844385272824768,1.2995419851244698,0.1107755232644881,58.0262576871006,94.06118160338823,28.220941924683487,31.777430004705657
12.866880511440687,77.74742970361359,3147.350826768807,0.31085025369427655,5.017781969150326,0.18526491732311928,28.418327740726546,30.28762308680108,5.0,46.127680387726045
13.195014586878395,77.60885517599593,2761.310926619807,0.14232468957591488,10.064103918940786,0.22386890733801929,20.0,10.0,6.833838954776291,51.28225857587598
13.103379206507046,77.76531173601852,2843.422709892297,0.24528160477627695,9.067827085786751,0.2156577290107703,20.0,18.43455188459895,5.0,59.01418859505664
12.804656948779842,77.56588933998202,3306.0612658846117,0.24504876067266973,9.353222750510795,0.16939387341153883,20.0,26.978822127217285,11.283141043212435,47.62784472795416
12.815759235205478,77.61511035673358,3428.153356555405,0.5477552438374453,17.0953545942816,0.1571846643444595,20.0,31.130549868835804,11.078529580147714,50.16312931535673
12.909204367456704,77.54477054527949,4201.489541820438,0.10616112638662421,8.352391963356611,0.07985104581795618,20.0,23.4707501486091,5.117875797291346,49.23113997554646
13.090144172273845,77.75625693477417,2995.3632413658625,0.7478311842584037,18.66712947418301,0.20046367586341376,20.0,38.154288282374374,12.774506383712447,55.06121524957535
12.899555412904684,77.41563401262977,3070.770952812052,1.1157073023553423,2.6348723737793227,0.19292290471879478,48.174083421214874,55.8840425880256,17.18416108349319,29.277339394635444
12.942448442631157,77.61612929454927,4637.6019011062435,0.8566169037979218,13.680604136324549,0.03623980988937565,20.0,26.09424660090206,10.952707827977722,50.68915665045898
13.171910402615836,77.53838823285571,2919.518801776806,1.1711079068082013,4.695264290006658,0.20804811982231938,22.640393576398466,30.387400490855033,7.453973561680422,45.589522513843754
12.975323159487875,77.73811688224986,3564.34832193561,1.4154084319574924,18.24095091178447,0.14356516780643902,20.0,38.79378409942896,8.453443402249928,49.98162530292375
13.059175487830194,77.5120944703701,3796.8113826915423,0.16505415970280615,15.34490952109308,0.12031886173084579,20.0,42.0765591063266,8.00011981104623,47.719914570035485
12.967025753478506,77.77677738198486,3177.652002550116,0.17590504158297995,12.218268319182389,0.1822347997449884,20.0,24.04883331484132,5.0,54.90912843590601
13.121552935159228,77.60074606575904,3499.2116442621946,0.3308813006455009,12.602398632345476,0.15007883557378054,20.0,10.966333889683812,8.129299367185654,50.63959076068103
13.11550421250433,77.5394028653923,3458.7295485414857,1.1691861462244457,8.694336711629239,0.15412704514585143,20.0,20.16264142302965,9.938300891644785,54.942906065888835
12.981285021716861,77.64940014733088,4443.505993460646,0.19074091609473595,12.289710793243811,0.05564940065393541,20.0,16.278523084435957,7.055597053649498,56.21644468623453
13.119690090013389,77.65917576271009,3384.428773165242,0.45075571333308645,9.986901119453611,0.16155712268347577,20.0,17.226511862848433,5.0,46.970181424145125
12.927004978928405,77.46842448535553,3661.7557621953465,0.35640633176974673,7.397780961014067,0.13382442378046536,20.0,39.72433790876491,11.694132835966274,41.37327622142875
13.12250964952463,77.71546872317487,3066.532375198153,0.37771548768022745,2.7399488791421827,0.19334676248018468,28.965749024990835,43.66210044648377,21.016385252135283,40.62913018347202
13.110596778642517,77.59398273635013,3610.018507770332,1.4112104466325532,2.747571099296838,0.1389981492229668,33.94909971234803,31.73047676844469,14.790434998571381,47.839667123321625
12.852192943170703,77.55921226536944,3754.5949661689137,0.06551038020914167,14.459863756080683,0.12454050338310861,20.0,14.681154565525791,5.0,42.55245046688871
13.147470973733286,77.4282302198524,2579.0600348571957,0.14645611874287143,16.53301333275441,0.24209399651428043,20.0,28.403827220078625,17.639716962955298,40.202157541411744
12.862492080772595,77.72014034906542,3336.722594345705,0.18695293267122254,22.560121691372373,0.1663277405654295,20.0,17.920602599862338,14.218262005714465,53.41757598681535
13.110178383172684,77.72128776409583,3122.4015910116227,0.17043192194173204,5.485868902367584,0.18775984089883774,20.746333242447704,22.373238610285256,6.870193660031898,42.281313399520926
12.80325169698622,77.58088461171428,3310.939225384478,0.3460615830648999,7.722886119621181,0.16890607746155217,20.0,22.85529379015113,5.0,50.70943766542395
12.994973668428791,77.78491405782896,3082.559805805081,0.7935364486112525,8.789619960476827,0.19174401941949193,20.0,34.53590583803653,7.64348242489751,43.0480479608097
13.00852521439818,77.59345789700896,4630.571271069283,0.5672527585204226,5.1400706688438325,0.036942872893071674,20.47991323671701,22.930897168120822,12.308833494008983,47.97729907058829
